tag_id,name,human_category,category,count,wd14index,ticks
9999999,general,01_META,9,1589178,1,0
9999998,sensitive,01_META,9,3994361,2,0
9999997,questionable,01_META,9,892496,3,0
9999996,explicit,01_META,9,706509,4,0
470575,1girl,04_PEOPLE,0,5113288,5,1
212816,solo,04_PEOPLE,0,4253220,6,1
13197,long_hair,08_ANATOMY,0,3645082,7,1
8601,breasts,08_ANATOMY,0,2889545,8,1
469576,looking_at_viewer,11_PROMPT,0,2696730,9,1
3389,blush,07_EXPRESSIONS,0,2496356,10,1
1815,smile,07_EXPRESSIONS,0,2365730,11,1
11906,open_mouth,07_EXPRESSIONS,0,1950469,12,1
15080,short_hair,08_ANATOMY,0,1904624,13,1
10959,blue_eyes,08_ANATOMY,0,1490640,14,1
412368,simple_background,02_COMPOSITION,0,1420030,15,1
12590,shirt,09_CLOTHING,0,1382452,16,1
403247,large_breasts,08_ANATOMY,0,1333379,17,1
429,skirt,09_CLOTHING,0,1328225,18,1
87788,blonde_hair,08_ANATOMY,0,1311581,19,1
566835,multiple_girls,04_PEOPLE,0,1309199,20,1
16867,brown_hair,08_ANATOMY,0,1267072,21,1
13200,black_hair,08_ANATOMY,0,1225953,22,1
383159,long_sleeves,09_CLOTHING,0,1199349,23,1
380350,hair_ornament,10_PROPS,0,1175185,24,1
515193,white_background,02_COMPOSITION,0,1161729,25,1
540830,1boy,04_PEOPLE,0,1129709,26,1
5735,gloves,09_CLOTHING,0,1113040,27,1
8526,red_eyes,08_ANATOMY,0,1081613,28,1
2241,dress,09_CLOTHING,0,1046050,29,1
1882,thighhighs,09_CLOTHING,0,1034635,30,1
2373,hat,09_CLOTHING,0,1034610,31,1
375387,holding,06_POSE,0,1022399,32,1
4563,bow,09_CLOTHING,0,984380,33,1
9294,navel,08_ANATOMY,0,974528,34,1
6126,animal_ears,08_ANATOMY,0,950191,35,1
464575,ribbon,09_CLOTHING,0,937186,36,1
658573,hair_between_eyes,06_POSE,0,922798,37,1
572080,closed_mouth,06_POSE,0,876401,38,1
1821,2girls,04_PEOPLE,0,860944,39,1
4607,cleavage,08_ANATOMY,0,848453,40,1
16613,jewelry,10_PROPS,0,829749,41,1
376054,bare_shoulders,08_ANATOMY,0,815753,42,1
417660,very_long_hair,08_ANATOMY,0,783428,43,1
12289,sitting,06_POSE,0,782247,44,1
1709,twintails,08_ANATOMY,0,770972,45,1
667868,medium_breasts,08_ANATOMY,0,770389,46,1
16578,brown_eyes,08_ANATOMY,0,747352,47,1
15675,standing,06_POSE,0,733225,48,1
8889,nipples,08_ANATOMY,0,717669,49,1
10960,green_eyes,08_ANATOMY,0,711390,50,1
464906,underwear,09_CLOTHING,0,706352,51,1
10953,blue_hair,08_ANATOMY,0,704952,52,1
3843,jacket,09_CLOTHING,0,700303,53,1
16509,school_uniform,09_CLOTHING,0,688100,54,1
15654,purple_eyes,08_ANATOMY,0,669153,55,1
466499,collarbone,08_ANATOMY,0,655630,56,1
15674,tail,08_ANATOMY,0,634183,57,1
376766,white_shirt,09_CLOTHING,0,629056,58,1
608813,full_body,02_COMPOSITION,0,624413,59,1
547463,upper_body,02_COMPOSITION,0,595301,60,1
391,panties,09_CLOTHING,0,580171,61,1
465619,closed_eyes,06_POSE,0,570045,62,1
89189,yellow_eyes,08_ANATOMY,0,565375,63,1
444,swimsuit,09_CLOTHING,0,564464,64,1
16581,white_hair,08_ANATOMY,0,563701,65,1
11429,pink_hair,08_ANATOMY,0,551851,66,1
1681,monochrome,02_COMPOSITION,0,547787,67,1
16580,grey_hair,08_ANATOMY,0,529760,68,1
3522,ahoge,08_ANATOMY,0,528662,69,1
4334,braid,08_ANATOMY,0,525679,70,1
464561,hair_ribbon,10_PROPS,0,525639,71,1
16442,purple_hair,08_ANATOMY,0,524002,72,1
1300281,male_focus,02_COMPOSITION,0,516211,73,1
2355,ponytail,08_ANATOMY,0,514797,74,1
8101,ass,08_ANATOMY,0,513666,75,1
464559,flower,10_PROPS,0,512140,76,1
11449,weapon,10_PROPS,0,506828,77,1
390728,multicolored_hair,08_ANATOMY,0,501249,78,1
472154,short_sleeves,09_CLOTHING,0,499860,79,1
484168,sidelocks,08_ANATOMY,0,484224,80,1
63,comic,02_COMPOSITION,0,474986,81,1
622137,hetero,02_COMPOSITION,0,472134,82,1
2750,heart,11_PROMPT,0,467808,83,1
3870,thighs,08_ANATOMY,0,465668,84,1
384553,:d,07_EXPRESSIONS,0,464842,85,1
374844,hair_bow,10_PROPS,0,455229,86,1
2363,pantyhose,09_CLOTHING,0,441476,87,1
13879,outdoors,02_COMPOSITION,0,439693,88,1
660909,cowboy_shot,02_COMPOSITION,0,438408,89,1
13804,earrings,09_CLOTHING,0,434737,90,1
513837,greyscale,02_COMPOSITION,0,432002,91,1
6539,bikini,09_CLOTHING,0,426322,92,1
4569,sweat,11_PROMPT,0,425602,93,1
5403,red_hair,08_ANATOMY,0,424264,94,1
2365,nude,11_PROMPT,0,422321,95,1
383282,pleated_skirt,09_CLOTHING,0,416655,96,1
465265,small_breasts,08_ANATOMY,0,413326,97,1
194013,frills,09_CLOTHING,0,401738,98,1
2376,hairband,10_PROPS,0,397872,99,1
664375,parted_lips,06_POSE,0,396122,100,1
4352,censored,02_COMPOSITION,0,388593,101,1
5827,boots,09_CLOTHING,0,384723,102,1
375669,open_clothes,09_CLOTHING,0,384414,103,1
301022,lying,06_POSE,0,380092,104,1
2785,horns,08_ANATOMY,0,374048,105,1
6054,teeth,08_ANATOMY,0,370407,106,1
568656,multiple_boys,04_PEOPLE,0,367969,107,1
2866,wings,08_ANATOMY,0,366146,108,1
1575,food,10_PROPS,0,362486,109,1
384774,necktie,09_CLOTHING,0,360748,110,1
461042,one_eye_closed,06_POSE,0,359739,111,1
387884,detached_sleeves,09_CLOTHING,0,358429,112,1
406,sky,02_COMPOSITION,0,357335,113,1
4190,penis,08_ANATOMY,0,346918,114,1
3985,shorts,09_CLOTHING,0,345909,115,1
8388,green_hair,08_ANATOMY,0,345032,116,1
1707,japanese_clothes,09_CLOTHING,0,344888,117,1
8672,shoes,09_CLOTHING,0,343802,118,1
400314,sleeveless,09_CLOTHING,0,341431,119,1
474820,black_gloves,09_CLOTHING,0,331176,120,1
431446,alternate_costume,09_CLOTHING,0,330775,121,1
478849,collared_shirt,09_CLOTHING,0,321941,122,1
4025,choker,09_CLOTHING,0,320504,123,1
11826,barefoot,11_PROMPT,0,316857,124,1
4378,pussy,08_ANATOMY,0,313579,125,1
1731,socks,09_CLOTHING,0,309931,126,1
6532,glasses,10_PROPS,0,309385,127,1
10863,tongue,08_ANATOMY,0,309295,128,1
15522,pointy_ears,08_ANATOMY,0,307225,129,1
931006,solo_focus,02_COMPOSITION,0,304477,130,1
10926,pants,09_CLOTHING,0,303036,131,1
435324,day,02_COMPOSITION,0,294620,132,1
1407561,virtual_youtuber,11_PROMPT,0,287601,133,1
268819,serafuku,09_CLOTHING,0,285501,134,1
375171,indoors,03_ENVIROMENT,0,281809,135,1
581144,puffy_sleeves,09_CLOTHING,0,281250,136,1
657955,artist_name,02_COMPOSITION,0,280968,137,1
2646,hairclip,10_PROPS,0,280648,138,1
426781,medium_hair,08_ANATOMY,0,273659,139,1
9864,belt,09_CLOTHING,0,271864,140,1
1793,fang,08_ANATOMY,0,269175,141,1
455880,black_thighhighs,09_CLOTHING,0,266928,142,1
539367,hand_up,06_POSE,0,265393,143,1
10228,elbow_gloves,09_CLOTHING,0,265300,144,1
9843,midriff,08_ANATOMY,0,258987,145,1
410129,looking_back,06_POSE,0,245547,146,1
464549,cloud,02_COMPOSITION,0,244228,147,1
474821,white_gloves,09_CLOTHING,0,242027,148,1
411263,signature,11_PROMPT,0,238587,149,1
11628,bowtie,09_CLOTHING,0,236148,150,1
5948,hood,09_CLOTHING,0,235850,151,1
401228,sword,10_PROPS,0,235273,152,1
374628,black_skirt,09_CLOTHING,0,233282,153,1
71730,dark_skin,08_ANATOMY,0,233165,154,1
449194,2boys,04_PEOPLE,0,232894,155,1
72,cat_ears,08_ANATOMY,0,232052,156,1
537684,blunt_bangs,08_ANATOMY,0,230036,157,1
400123,hair_flower,10_PROPS,0,229731,158,1
1515536,official_alternate_costume,09_CLOTHING,0,225665,159,1
502710,tongue_out,06_POSE,0,225097,160,1
2357,sex,11_PROMPT,0,224302,161,1
16252,spread_legs,06_POSE,0,220686,162,1
16750,pink_eyes,08_ANATOMY,0,219657,163,1
389378,sailor_collar,09_CLOTHING,0,218314,164,1
394970,wide_sleeves,09_CLOTHING,0,217852,165,1
9168,miniskirt,09_CLOTHING,0,216954,166,1
467104,stomach,08_ANATOMY,0,216728,167,1
375020,fingerless_gloves,09_CLOTHING,0,215557,168,1
1842,cum,11_PROMPT,0,214632,169,1
401481,on_back,06_POSE,0,214058,170,1
6010,tears,07_EXPRESSIONS,0,212598,171,1
659098,black_footwear,09_CLOTHING,0,212435,172,1
632214,grey_background,02_COMPOSITION,0,211830,173,1
399836,3girls,04_PEOPLE,0,210649,174,1
5576,armpits,08_ANATOMY,0,207204,175,1
1254363,twitter_username,11_PROMPT,0,204487,176,1
445,kimono,09_CLOTHING,0,203282,177,1
14620,white_dress,09_CLOTHING,0,200841,178,1
670071,holding_weapon,06_POSE,0,199609,179,1
375229,off_shoulder,09_CLOTHING,0,198797,180,1
4068,necklace,10_PROPS,0,198325,181,1
491647,striped_clothes,09_CLOTHING,0,198065,182,1
454933,hair_bun,08_ANATOMY,0,196126,183,1
102962,nail_polish,08_ANATOMY,0,194099,184,1
234192,from_behind,06_POSE,0,194007,185,1
656624,star_(symbol),11_PROMPT,0,193728,186,1
4019,mole,08_ANATOMY,0,193676,187,1
641577,looking_at_another,06_POSE,0,193341,188,1
1573,water,11_PROMPT,0,192003,189,1
399541,hair_over_one_eye,11_PROMPT,0,191524,190,1
4333,bag,09_CLOTHING,0,189775,191,1
465583,rabbit_ears,08_ANATOMY,0,189631,192,1
1747,chibi,11_PROMPT,0,189310,193,1
87676,orange_hair,08_ANATOMY,0,188757,194,1
6107,blurry,02_COMPOSITION,0,186733,195,1
384884,grin,07_EXPRESSIONS,0,184832,196,1
125238,sweatdrop,11_PROMPT,0,183914,197,1
473983,clothes_lift,06_POSE,0,180831,198,1
39127,black_dress,09_CLOTHING,0,180427,199,1
3198,scarf,09_CLOTHING,0,180052,200,1
6346,cape,09_CLOTHING,0,179107,201,1
375002,white_thighhighs,09_CLOTHING,0,177995,202,1
13199,black_eyes,08_ANATOMY,0,177620,203,1
413564,two-tone_hair,08_ANATOMY,0,177573,204,1
590165,english_text,11_PROMPT,0,176369,205,1
440465,speech_bubble,11_PROMPT,0,174933,206,1
719985,streaked_hair,08_ANATOMY,0,174249,207,1
3796,bra,06_POSE,0,174110,208,1
261,yuri,11_PROMPT,0,173747,209,1
4659,armor,10_PROPS,0,173212,210,1
393959,huge_breasts,08_ANATOMY,0,172931,211,1
6176,vest,09_CLOTHING,0,172325,212,1
379615,open_jacket,09_CLOTHING,0,172212,213,1
4010,halo,10_PROPS,0,171236,214,1
511141,from_side,02_COMPOSITION,0,170900,215,1
273,apron,09_CLOTHING,0,170846,216,1
682673,mosaic_censoring,11_PROMPT,0,168821,217,1
2060,feet,08_ANATOMY,0,168107,218,1
470807,red_bow,09_CLOTHING,0,167752,219,1
475187,arm_up,06_POSE,0,167695,220,1
374791,white_panties,09_CLOTHING,0,165931,221,1
6295,leotard,09_CLOTHING,0,164592,222,1
510962,character_name,11_PROMPT,0,164580,223,1
5569,coat,09_CLOTHING,0,164331,224,1
547860,black_jacket,09_CLOTHING,0,164106,225,1
10484,vaginal,11_PROMPT,0,163514,226,1
9882,high_heels,09_CLOTHING,0,163428,227,1
14599,:o,07_EXPRESSIONS,0,161509,228,1
4052,collar,09_CLOTHING,0,157883,229,1
399827,arms_up,06_POSE,0,157778,230,1
3477,sweater,09_CLOTHING,0,157546,231,1
11904,bracelet,10_PROPS,0,155007,232,1
490655,blue_sky,02_COMPOSITION,0,153281,233,1
378032,flat_chest,08_ANATOMY,0,153112,234,1
52138,twin_braids,08_ANATOMY,0,153036,235,1
560958,dated,11_PROMPT,0,152997,236,1
4152,uniform,09_CLOTHING,0,151209,237,1
381629,side_ponytail,08_ANATOMY,0,150003,238,1
1486996,animal_ear_fluff,11_PROMPT,0,148687,239,1
390401,red_ribbon,09_CLOTHING,0,148072,240,1
395321,crop_top,09_CLOTHING,0,147956,241,1
464553,cup,10_PROPS,0,147196,242,1
89368,aqua_eyes,08_ANATOMY,0,146831,243,1
633894,dark-skinned_female,04_PEOPLE,0,146761,244,1
524961,black_shirt,09_CLOTHING,0,146589,245,1
515329,covered_nipples,11_PROMPT,0,143326,246,1
684639,puffy_short_sleeves,09_CLOTHING,0,142595,247,1
551772,parted_bangs,08_ANATOMY,0,142403,248,1
822149,completely_nude,11_PROMPT,0,142366,249,1
428173,blue_skirt,09_CLOTHING,0,142104,250,1
652604,two_side_up,08_ANATOMY,0,142047,251,1
427008,fingernails,08_ANATOMY,0,141611,252,1
457408,black_pantyhose,09_CLOTHING,0,141072,253,1
464586,tree,03_ENVIROMENT,0,140918,254,1
481846,hands_up,06_POSE,0,138918,255,1
579466,looking_to_the_side,07_EXPRESSIONS,0,137447,256,1
1445905,v-shaped_eyebrows,08_ANATOMY,0,137432,257,1
89228,grey_eyes,08_ANATOMY,0,136673,258,1
95405,orange_eyes,08_ANATOMY,0,135596,259,1
4311,legs,08_ANATOMY,0,134873,260,1
438623,neckerchief,09_CLOTHING,0,134018,261,1
479939,sleeves_past_wrists,09_CLOTHING,0,131361,262,1
1931,sketch,11_PROMPT,0,131099,263,1
389404,cat_tail,08_ANATOMY,0,130241,264,1
754325,groin,08_ANATOMY,0,129422,265,1
537200,symbol-shaped_pupils,08_ANATOMY,0,129300,266,1
416202,eyelashes,08_ANATOMY,0,128622,267,1
4867,wet,11_PROMPT,0,128093,268,1
539584,fur_trim,10_PROPS,0,127842,269,1
451371,see-through,11_PROMPT,0,127554,270,1
5501,lips,08_ANATOMY,0,125983,271,1
412078,wrist_cuffs,10_PROPS,0,125676,272,1
709722,hand_on_own_hip,06_POSE,0,125620,273,1
128,loli,11_PROMPT,0,124937,274,1
464572,pillow,10_PROPS,0,122701,275,1
431755,head_tilt,06_POSE,0,122394,276,1
589,gun,10_PROPS,0,122390,277,1
59,maid,04_PEOPLE,0,122284,278,1
382397,strapless,09_CLOTHING,0,122123,279,1
10644,zettai_ryouiki,11_PROMPT,0,122114,280,1
1594634,clothing_cutout,09_CLOTHING,0,121589,281,1
1390441,black_headwear,10_PROPS,0,121530,282,1
465277,plaid,09_CLOTHING,0,120783,283,1
492223,bar_censor,11_PROMPT,0,120647,284,1
10923,torn_clothes,09_CLOTHING,0,120399,285,1
1277433,mole_under_eye,08_ANATOMY,0,120358,286,1
2335,fox_ears,08_ANATOMY,0,120058,287,1
28200,toes,08_ANATOMY,0,119731,288,1
513475,multiple_views,02_COMPOSITION,0,119546,289,1
494251,one-piece_swimsuit,09_CLOTHING,0,118876,290,1
464535,book,10_PROPS,0,118517,291,1
379475,sash,09_CLOTHING,0,118038,292,1
463173,maid_headdress,10_PROPS,0,117701,293,1
407186,sleeveless_shirt,09_CLOTHING,0,117558,294,1
394174,short_shorts,09_CLOTHING,0,117065,295,1
475418,bare_arms,11_PROMPT,0,116958,296,1
568880,sleeveless_dress,09_CLOTHING,0,116615,297,1
1393877,feet_out_of_frame,11_PROMPT,0,116076,298,1
12552,pubic_hair,08_ANATOMY,0,115896,299,1
531371,gradient_background,02_COMPOSITION,0,115876,300,1
449676,ascot,09_CLOTHING,0,115713,301,1
494744,shiny_skin,08_ANATOMY,0,115412,302,1
2687,v,06_POSE,0,115319,303,1
1128907,pokemon_(creature),04_PEOPLE,0,115136,304,1
16718,black_panties,09_CLOTHING,0,114889,305,1
358,cosplay,09_CLOTHING,0,114264,306,1
464579,sparkle,11_PROMPT,0,114066,307,1
542846,no_humans,11_PROMPT,0,113058,308,1
529256,fake_animal_ears,10_PROPS,0,112862,309,1
465719,muscular,08_ANATOMY,0,112819,310,1
13132,petals,11_PROMPT,0,111766,311,1
3314,kneehighs,09_CLOTHING,0,111224,312,1
469714,bare_legs,08_ANATOMY,0,110989,313,1
2813,window,03_ENVIROMENT,0,110493,314,1
5032,uncensored,11_PROMPT,0,110091,315,1
443395,thigh_strap,09_CLOTHING,0,108401,316,1
1247160,black_bow,09_CLOTHING,0,108215,317,1
389813,single_braid,08_ANATOMY,0,107847,318,1
1269639,covered_navel,08_ANATOMY,0,107348,319,1
202817,hoodie,09_CLOTHING,0,106750,320,1
467863,neck_ribbon,09_CLOTHING,0,106611,321,1
474500,black_ribbon,09_CLOTHING,0,106604,322,1
600177,detached_collar,09_CLOTHING,0,105572,323,1
391128,gradient_hair,08_ANATOMY,0,105527,324,1
1875867,upper_teeth_only,08_ANATOMY,0,104994,325,1
464584,tattoo,08_ANATOMY,0,104884,326,1
375372,dutch_angle,02_COMPOSITION,0,104788,327,1
1382794,black_choker,09_CLOTHING,0,104672,328,1
8641,dress_shirt,09_CLOTHING,0,104532,329,1
395400,buttons,09_CLOTHING,0,104413,330,1
468554,double_bun,09_CLOTHING,0,104209,331,1
553142,blurry_background,02_COMPOSITION,0,103689,332,1
7577,open_shirt,09_CLOTHING,0,103344,333,1
1736,profile,02_COMPOSITION,0,102653,334,1
6028,sideboob,08_ANATOMY,0,101878,335,1
10447,kneeling,06_POSE,0,101731,336,1
9312,makeup,11_PROMPT,0,100922,337,1
2508,blood,11_PROMPT,0,100920,338,1
6536,bell,10_PROPS,0,100549,339,1
7820,military,11_PROMPT,0,99708,340,1
5126,hug,06_POSE,0,99630,341,1
7926,saliva,11_PROMPT,0,99380,342,1
565513,floating_hair,08_ANATOMY,0,98852,343,1
94007,aqua_hair,08_ANATOMY,0,98809,344,1
1797,mask,10_PROPS,0,98779,345,1
4108,pov,02_COMPOSITION,0,98619,346,1
1094664,colored_skin,08_ANATOMY,0,98305,347,1
444539,skindentation,11_PROMPT,0,98168,348,1
457597,swept_bangs,08_ANATOMY,0,98144,349,1
2217,anus,08_ANATOMY,0,98073,350,1
411323,capelet,09_CLOTHING,0,97674,351,1
9344,bodysuit,09_CLOTHING,0,97474,352,1
427348,leaning_forward,06_POSE,0,97276,353,1
458933,facial_hair,08_ANATOMY,0,97145,354,1
412555,4girls,04_PEOPLE,0,96981,355,1
377140,blue_dress,09_CLOTHING,0,95763,356,1
3472,night,02_COMPOSITION,0,95699,357,1
13176,shadow,02_COMPOSITION,0,95254,358,1
514890,black_pants,09_CLOTHING,0,95223,359,1
13853,pussy_juice,11_PROMPT,0,94927,360,1
2585,bed,11_PROMPT,0,94748,361,1
675314,copyright_name,11_PROMPT,0,93920,362,1
390035,no_bra,11_PROMPT,0,93761,363,1
374620,black_bikini,09_CLOTHING,0,93679,364,1
5565,:3,07_EXPRESSIONS,0,93246,365,1
3918,4koma,02_COMPOSITION,0,92575,366,1
3449,heterochromia,08_ANATOMY,0,91354,367,1
460262,depth_of_field,02_COMPOSITION,0,91237,368,1
420531,nose_blush,07_EXPRESSIONS,0,90911,369,1
1345229,white_headwear,10_PROPS,0,90842,370,1
503552,red_skirt,09_CLOTHING,0,90543,371,1
442167,alternate_hairstyle,08_ANATOMY,0,90370,372,1
546609,blue_bow,10_PROPS,0,90316,373,1
4009,turtleneck,09_CLOTHING,0,90071,374,1
5832,fruit,11_PROMPT,0,89876,375,1
51528,fox_tail,08_ANATOMY,0,89727,376,1
402217,^_^,07_EXPRESSIONS,0,88727,377,1
580545,blue_background,02_COMPOSITION,0,88552,378,1
511136,border,02_COMPOSITION,0,88504,379,1
626,underboob,08_ANATOMY,0,88422,380,1
8714,watermark,11_PROMPT,0,88371,381,1
10422,witch_hat,09_CLOTHING,0,88359,382,1
465950,cum_in_pussy,11_PROMPT,0,88301,383,1
377844,siblings,11_PROMPT,0,88257,384,1
436054,highleg,11_PROMPT,0,88254,385,1
479563,low_twintails,08_ANATOMY,0,88176,386,1
387214,military_uniform,09_CLOTHING,0,88136,387,1
419938,expressionless,07_EXPRESSIONS,0,87889,388,1
374938,frown,07_EXPRESSIONS,0,87756,389,1
464534,bird,11_PROMPT,0,87300,390,1
1595,no_panties,11_PROMPT,0,87258,391,1
490999,on_bed,06_POSE,0,87165,392,1
460802,rose,10_PROPS,0,86971,393,1
653206,one_side_up,11_PROMPT,0,86909,394,1
4075,cameltoe,11_PROMPT,0,86493,395,1
381555,headband,09_CLOTHING,0,86459,396,1
4320,glowing,11_PROMPT,0,86347,397,1
612641,black_shorts,09_CLOTHING,0,86191,398,1
3988,scar,08_ANATOMY,0,85680,399,1
391680,horse_ears,08_ANATOMY,0,85532,400,1
4528,bottomless,11_PROMPT,0,84868,401,1
258190,beret,09_CLOTHING,0,84204,402,1
11325,ocean,03_ENVIROMENT,0,84168,403,1
1231230,side-tie_bikini_bottom,09_CLOTHING,0,83802,404,1
478565,bed_sheet,11_PROMPT,0,83635,405,1
375476,soles,08_ANATOMY,0,83624,406,1
10701,animal,11_PROMPT,0,83613,407,1
1303252,brown_footwear,09_CLOTHING,0,83548,408,1
464808,holding_hands,06_POSE,0,83399,409,1
421663,wavy_hair,08_ANATOMY,0,83362,410,1
446950,fangs,08_ANATOMY,0,83325,411,1
546821,halterneck,09_CLOTHING,0,83212,412,1
419309,thick_thighs,08_ANATOMY,0,83015,413,1
4244,leaf,11_PROMPT,0,82962,414,1
464546,chain,10_PROPS,0,82759,415,1
709734,playboy_bunny,04_PEOPLE,0,82752,416,1
2279,headphones,10_PROPS,0,82699,417,1
4831,piercing,11_PROMPT,0,82187,418,1
394222,arm_support,06_POSE,0,81973,419,1
444002,from_above,02_COMPOSITION,0,81395,420,1
144876,embarrassed,07_EXPRESSIONS,0,81248,421,1
580232,white_jacket,09_CLOTHING,0,80842,422,1
698161,holding_sword,06_POSE,0,80551,423,1
463397,white_socks,09_CLOTHING,0,80206,424,1
534835,hair_intakes,09_CLOTHING,0,79107,425,1
377124,back,11_PROMPT,0,78990,426,1
499624,blush_stickers,10_PROPS,0,78966,427,1
375404,chinese_clothes,09_CLOTHING,0,78938,428,1
426936,white_bikini,09_CLOTHING,0,78899,429,1
1328533,ass_visible_through_thighs,11_PROMPT,0,78235,430,1
3234,erection,08_ANATOMY,0,78218,431,1
2993,phone,10_PROPS,0,77823,432,1
463179,no_shoes,11_PROMPT,0,77591,433,1
481508,facial_mark,11_PROMPT,0,77562,434,1
2904,chair,11_PROMPT,0,77402,435,1
450107,thick_eyebrows,08_ANATOMY,0,77258,436,1
418899,plaid_skirt,09_CLOTHING,0,77244,437,1
387991,abs,08_ANATOMY,0,77016,438,1
1915,umbrella,10_PROPS,0,76782,439,1
415974,looking_down,06_POSE,0,76733,440,1
2091,bandages,11_PROMPT,0,76312,441,1
2799,beach,03_ENVIROMENT,0,76274,442,1
395448,thigh_boots,09_CLOTHING,0,76160,443,1
1288957,white_footwear,09_CLOTHING,0,76087,444,1
820510,horse_girl,04_PEOPLE,0,76016,445,1
688777,half-closed_eyes,08_ANATOMY,0,75884,446,1
442865,headgear,09_CLOTHING,0,75848,447,1
3986,sandals,09_CLOTHING,0,75623,448,1
447393,on_side,06_POSE,0,75537,449,1
567316,6+girls,04_PEOPLE,0,75465,450,1
663669,female_pubic_hair,08_ANATOMY,0,75433,451,1
1451588,muscular_male,04_PEOPLE,0,75109,452,1
476621,floral_print,11_PROMPT,0,74141,453,1
572731,heart-shaped_pupils,07_EXPRESSIONS,0,73919,454,1
445388,bob_cut,08_ANATOMY,0,73321,455,1
469652,garter_straps,09_CLOTHING,0,73230,456,1
436576,short_dress,09_CLOTHING,0,73208,457,1
8091,drill_hair,08_ANATOMY,0,73194,458,1
541727,wariza,06_POSE,0,73178,459,1
475775,arms_behind_back,06_POSE,0,72820,460,1
5524,sunglasses,10_PROPS,0,72805,461,1
3920,obi,09_CLOTHING,0,72527,462,1
13227,happy,07_EXPRESSIONS,0,72523,463,1
634316,pectorals,08_ANATOMY,0,72442,464,1
389777,red_dress,09_CLOTHING,0,72048,465,1
419387,testicles,08_ANATOMY,0,72016,466,1
8830,shirt_lift,11_PROMPT,0,71578,467,1
4207,eating,11_PROMPT,0,71456,468,1
572767,grabbing,11_PROMPT,0,71430,469,1
484666,transparent_background,02_COMPOSITION,0,71418,470,1
400120,traditional_media,02_COMPOSITION,0,71390,471,1
584749,pink_background,02_COMPOSITION,0,71378,472,1
647551,flying_sweatdrops,11_PROMPT,0,70993,473,1
10231,mouth_hold,06_POSE,0,70701,474,1
460404,stuffed_toy,10_PROPS,0,70675,475,1
563478,dark-skinned_male,04_PEOPLE,0,70557,476,1
589398,hood_down,11_PROMPT,0,70183,477,1
492544,frilled_dress,09_CLOTHING,0,70149,478,1
465810,squatting,06_POSE,0,69991,479,1
467856,clothes_pull,06_POSE,0,69767,480,1
477028,cleavage_cutout,11_PROMPT,0,69718,481,1
520398,white_skirt,09_CLOTHING,0,69566,482,1
3209,table,11_PROMPT,0,69436,483,1
397327,blue_shirt,09_CLOTHING,0,69364,484,1
375176,crossed_arms,06_POSE,0,69341,485,1
1723,parody,11_PROMPT,0,69219,486,1
468534,light_brown_hair,08_ANATOMY,0,69189,487,1
403649,thigh_gap,08_ANATOMY,0,68904,488,1
574407,wavy_mouth,08_ANATOMY,0,68694,489,1
420366,from_below,02_COMPOSITION,0,68637,490,1
600250,hair_tubes,08_ANATOMY,0,68156,491,1
413672,leg_up,06_POSE,0,68113,492,1
3949,ring,10_PROPS,0,67951,493,1
1850,oral,11_PROMPT,0,67834,494,1
609507,holding_food,06_POSE,0,67804,495,1
466226,bound,06_POSE,0,67766,496,1
385639,wolf_ears,08_ANATOMY,0,67512,497,1
619736,blue_jacket,09_CLOTHING,0,67177,498,1
8072,black_socks,09_CLOTHING,0,66442,499,1
2726,moon,03_ENVIROMENT,0,66386,500,1
580738,black_hairband,09_CLOTHING,0,66338,501,1
576310,white_flower,11_PROMPT,0,66300,502,1
2270,eyepatch,10_PROPS,0,66095,503,1
488167,scrunchie,10_PROPS,0,66088,504,1
8831,skirt_lift,06_POSE,0,66052,505,1
356542,sunlight,02_COMPOSITION,0,65746,506,1
459291,standing_on_one_leg,06_POSE,0,65667,507,1
701697,white_bow,10_PROPS,0,65469,508,1
2689,formal,09_CLOTHING,0,65325,509,1
3593,topless,11_PROMPT,0,65318,510,1
2716,cat,04_PEOPLE,0,65240,511,1
8068,demon_girl,04_PEOPLE,0,65073,512,1
465046,cat_girl,04_PEOPLE,0,65001,513,1
413179,trembling,11_PROMPT,0,64935,514,1
582201,mob_cap,09_CLOTHING,0,64743,515,1
6128,cardigan,09_CLOTHING,0,64143,516,1
1556,backpack,10_PROPS,0,63312,517,1
425206,magical_girl,04_PEOPLE,0,63303,518,1
3239,cellphone,10_PROPS,0,63072,519,1
2770,pantyshot,02_COMPOSITION,0,62678,520,1
900563,own_hands_together,06_POSE,0,62432,521,1
643561,eyes_visible_through_hair,08_ANATOMY,0,62070,522,1
465525,crossed_legs,06_POSE,0,61913,523,1
419429,frilled_skirt,09_CLOTHING,0,61747,524,1
6364,grass,03_ENVIROMENT,0,61552,525,1
470790,demon_horns,08_ANATOMY,0,61440,526,1
464903,crying,07_EXPRESSIONS,0,61407,527,1
404507,sharp_teeth,08_ANATOMY,0,61362,528,1
7455,tank_top,09_CLOTHING,0,61251,529,1
3875,sleeping,06_POSE,0,61239,530,1
1976,cover,11_PROMPT,0,61226,531,1
1801537,single_hair_bun,08_ANATOMY,0,61221,532,1
487205,cloudy_sky,03_ENVIROMENT,0,61186,533,1
6059,blazer,09_CLOTHING,0,60883,534,1
7952,suspenders,09_CLOTHING,0,60726,535,1
539837,high_ponytail,08_ANATOMY,0,60681,536,1
3649,helmet,10_PROPS,0,60628,537,1
10229,suit,09_CLOTHING,0,60597,538,1
14452,feathers,08_ANATOMY,0,60497,539,1
487156,3boys,04_PEOPLE,0,60256,540,1
461293,cum_on_body,11_PROMPT,0,59894,541,1
10833,bottle,10_PROPS,0,59721,542,1
379915,stuffed_animal,10_PROPS,0,59475,543,1
1337464,x_hair_ornament,10_PROPS,0,59311,544,1
547073,underwear_only,09_CLOTHING,0,59173,545,1
9354,bdsm,11_PROMPT,0,58821,546,1
655303,fox_girl,04_PEOPLE,0,58780,547,1
464573,plant,10_PROPS,0,58741,548,1
569748,black_background,02_COMPOSITION,0,58718,549,1
498000,blue_ribbon,10_PROPS,0,58682,550,1
507741,frilled_sleeves,09_CLOTHING,0,58385,551,1
1533172,grabbing_another's_breast,06_POSE,0,58320,552,1
3474,portrait,02_COMPOSITION,0,58297,553,1
9114,antenna_hair,08_ANATOMY,0,58276,554,1
375459,looking_up,06_POSE,0,58263,555,1
575982,light_smile,07_EXPRESSIONS,0,58195,556,1
375764,bara,02_COMPOSITION,0,57756,557,1
221,school_swimsuit,09_CLOTHING,0,57727,558,1
462569,straddling,06_POSE,0,57688,559,1
4526,cross,10_PROPS,0,57540,560,1
464588,hat_ribbon,10_PROPS,0,57298,561,1
4474,fire,11_PROMPT,0,57160,562,1
464539,bug,04_PEOPLE,0,56981,563,1
219401,denim,09_CLOTHING,0,56921,564,1
4188,crown,10_PROPS,0,56908,565,1
431235,knee_boots,09_CLOTHING,0,56879,566,1
463115,pink_bow,10_PROPS,0,56865,567,1
466990,;d,07_EXPRESSIONS,0,56727,568,1
492682,red_necktie,09_CLOTHING,0,56695,569,1
1297467,lifted_by_self,06_POSE,0,56386,570,1
516477,outstretched_arms,06_POSE,0,56344,571,1
8709,fellatio,11_PROMPT,0,56322,572,1
429999,tiara,10_PROPS,0,56273,573,1
5831,katana,10_PROPS,0,55923,574,1
14814,couple,04_PEOPLE,0,55840,575,1
510254,breasts_out,06_POSE,0,55592,576,1
1836990,aged_down,11_PROMPT,0,55292,577,1
589376,red_flower,11_PROMPT,0,55270,578,1
432696,on_stomach,06_POSE,0,54906,579,1
1936,crossover,11_PROMPT,0,54877,580,1
611487,juliet_sleeves,09_CLOTHING,0,54842,581,1
3846,robot,04_PEOPLE,0,54583,582,1
397117,curtains,03_ENVIROMENT,0,54563,583,1
489235,motion_lines,11_PROMPT,0,54552,584,1
413908,spiked_hair,08_ANATOMY,0,54349,585,1
10707,sisters,04_PEOPLE,0,54242,586,1
645320,sex_from_behind,11_PROMPT,0,54218,587,1
381279,girl_on_top,11_PROMPT,0,54215,588,1
464574,polka_dot,09_CLOTHING,0,54155,589,1
16700,>_<,07_EXPRESSIONS,0,54150,590,1
515769,black_nails,08_ANATOMY,0,54149,591,1
464565,knife,10_PROPS,0,54048,592,1
15737,bat_wings,08_ANATOMY,0,54015,593,1
521712,ear_piercing,10_PROPS,0,53880,594,1
517832,outstretched_arm,06_POSE,0,53853,595,1
82326,?,07_EXPRESSIONS,0,53804,596,1
521420,slit_pupils,08_ANATOMY,0,53772,597,1
487562,wing_collar,09_CLOTHING,0,53737,598,1
9714,bent_over,06_POSE,0,53651,599,1
403577,pointing,06_POSE,0,53548,600,1
319,lingerie,09_CLOTHING,0,52820,601,1
423613,animal_print,09_CLOTHING,0,52678,602,1
401137,clenched_teeth,07_EXPRESSIONS,0,52665,603,1
1275600,bright_pupils,08_ANATOMY,0,52480,604,1
390594,red_shirt,09_CLOTHING,0,52432,605,1
302,elf,04_PEOPLE,0,52282,606,1
421662,5girls,04_PEOPLE,0,52108,607,1
3592,undressing,11_PROMPT,0,52035,608,1
15764,striped_thighhighs,09_CLOTHING,0,51920,609,1
1388799,blue_sailor_collar,09_CLOTHING,0,51535,610,1
395015,monster_girl,04_PEOPLE,0,51174,611,1
469701,rabbit_tail,08_ANATOMY,0,51013,612,1
374782,sneakers,09_CLOTHING,0,51004,613,1
1314596,black_leotard,09_CLOTHING,0,50899,614,1
656169,hand_on_own_chest,06_POSE,0,50886,615,1
668761,white_border,02_COMPOSITION,0,50865,616,1
379387,t-shirt,09_CLOTHING,0,50843,617,1
516211,tassel,09_CLOTHING,0,50706,618,1
1008243,holding_gun,06_POSE,0,50609,619,1
464713,head_wings,10_PROPS,0,50590,620,1
374979,all_fours,06_POSE,0,50589,621,1
479729,gem,10_PROPS,0,50476,622,1
1568,yaoi,02_COMPOSITION,0,50394,623,1
683385,red_footwear,09_CLOTHING,0,50318,624,1
631529,white_apron,09_CLOTHING,0,50311,625,1
4232,tan,08_ANATOMY,0,50265,626,1
537,bondage,11_PROMPT,0,50150,627,1
1281370,red_bowtie,09_CLOTHING,0,50092,628,1
15749,furry,11_PROMPT,0,50022,629,1
452195,hair_bobbles,10_PROPS,0,49996,630,1
458482,short_twintails,08_ANATOMY,0,49918,631,1
401836,messy_hair,08_ANATOMY,0,49904,632,1
4850,lipstick,11_PROMPT,0,49860,633,1
515302,green_skirt,09_CLOTHING,0,49844,634,1
2849,goggles,10_PROPS,0,49836,635,1
561547,shoulder_armor,10_PROPS,0,49672,636,1
704500,holding_cup,06_POSE,0,49616,637,1
12464,brooch,10_PROPS,0,49532,638,1
464540,building,03_ENVIROMENT,0,49394,639,1
389882,group_sex,11_PROMPT,0,49139,640,1
2328,polearm,10_PROPS,0,49125,641,1
471601,black_bra,09_CLOTHING,0,49002,642,1
458223,horse_tail,08_ANATOMY,0,48715,643,1
1019196,otoko_no_ko,04_PEOPLE,0,48688,644,1
103483,fishnets,09_CLOTHING,0,48602,645,1
4027,staff,10_PROPS,0,48476,646,1
584911,shaded_face,06_POSE,0,48397,647,1
1463605,1other,04_PEOPLE,0,48382,648,1
526340,letterboxed,02_COMPOSITION,0,47799,649,1
401601,loafers,09_CLOTHING,0,47782,650,1
410004,crescent,03_ENVIROMENT,0,47755,651,1
1710,towel,09_CLOTHING,0,47644,652,1
478557,straight_hair,08_ANATOMY,0,47579,653,1
594766,star_(sky),03_ENVIROMENT,0,47531,654,1
405345,cherry_blossoms,11_PROMPT,0,47379,655,1
415668,single_thighhigh,09_CLOTHING,0,47212,656,1
3046,kiss,11_PROMPT,0,47187,657,1
674623,feathered_wings,08_ANATOMY,0,47185,658,1
575322,clenched_hand,06_POSE,0,46937,659,1
1865,bandaid,10_PROPS,0,46933,660,1
166531,pink_dress,09_CLOTHING,0,46862,661,1
534982,^^^,07_EXPRESSIONS,0,46548,662,1
1295582,strapless_leotard,09_CLOTHING,0,46520,663,1
5746,box,10_PROPS,0,46473,664,1
524399,hat_bow,10_PROPS,0,46372,665,1
4123,wind,11_PROMPT,0,46311,666,1
665452,facing_viewer,11_PROMPT,0,46277,667,1
611670,grey_shirt,09_CLOTHING,0,46154,668,1
647129,black_necktie,10_PROPS,0,46085,669,1
471498,multiple_tails,08_ANATOMY,0,45875,670,1
448007,drooling,07_EXPRESSIONS,0,45873,671,1
383830,no_pants,11_PROMPT,0,45838,672,1
547132,extra_ears,08_ANATOMY,0,45819,673,1
1441877,eyewear_on_head,11_PROMPT,0,45801,674,1
380831,demon_tail,08_ANATOMY,0,45745,675,1
4275,steam,11_PROMPT,0,45715,676,1
358992,bike_shorts,09_CLOTHING,0,45638,677,1
593298,yellow_background,02_COMPOSITION,0,45624,678,1
368,dog_ears,08_ANATOMY,0,45612,679,1
428523,hooded_jacket,09_CLOTHING,0,45542,680,1
378850,armband,09_CLOTHING,0,45527,681,1
464564,instrument,10_PROPS,0,45386,682,1
2362,casual,11_PROMPT,0,45036,683,1
464542,butterfly,11_PROMPT,0,45017,684,1
465870,surprised,07_EXPRESSIONS,0,44986,685,1
166133,night_sky,03_ENVIROMENT,0,44928,686,1
7558,panty_pull,11_PROMPT,0,44831,687,1
390662,foreshortening,02_COMPOSITION,0,44673,688,1
405311,sex_toy,10_PROPS,0,44594,689,1
446647,pale_skin,08_ANATOMY,0,44564,690,1
12667,child,04_PEOPLE,0,44490,691,1
314230,breast_press,06_POSE,0,44420,692,1
427968,revealing_clothes,11_PROMPT,0,44396,693,1
3417,anal,11_PROMPT,0,44311,694,1
1416353,red_headwear,09_CLOTHING,0,44263,695,1
403060,gauntlets,09_CLOTHING,0,44232,696,1
477288,white_ribbon,10_PROPS,0,44232,697,1
4241,rope,10_PROPS,0,44190,698,1
395533,sheath,10_PROPS,0,44034,699,1
465152,china_dress,09_CLOTHING,0,43954,700,1
1227044,ribbon_trim,10_PROPS,0,43890,701,1
93927,pink_panties,09_CLOTHING,0,43819,702,1
566918,adapted_costume,09_CLOTHING,0,43812,703,1
467811,knees_up,06_POSE,0,43759,704,1
670636,multicolored_clothes,09_CLOTHING,0,43748,705,1
447919,cover_page,02_COMPOSITION,0,43725,706,1
2252,candy,10_PROPS,0,43633,707,1
466654,wristband,10_PROPS,0,43498,708,1
389705,between_breasts,06_POSE,0,43491,709,1
593296,red_background,02_COMPOSITION,0,43164,710,1
5855,couch,03_ENVIROMENT,0,43154,711,1
3540,hakama,09_CLOTHING,0,43150,712,1
11879,blouse,09_CLOTHING,0,43095,713,1
376491,wet_clothes,11_PROMPT,0,43081,714,1
464568,musical_note,11_PROMPT,0,42823,715,1
1532466,colored_inner_hair,08_ANATOMY,0,42796,716,1
602295,hair_over_shoulder,11_PROMPT,0,42714,717,1
4555,ejaculation,11_PROMPT,0,42557,718,1
395223,scenery,03_ENVIROMENT,0,42503,719,1
1501540,skin_fang,08_ANATOMY,0,42382,720,1
684620,puffy_long_sleeves,09_CLOTHING,0,42371,721,1
468477,arms_behind_head,06_POSE,0,42364,722,1
15672,veil,09_CLOTHING,0,42339,723,1
5648,nature,03_ENVIROMENT,0,42247,724,1
10847,breath,11_PROMPT,0,42154,725,1
601824,male_pubic_hair,08_ANATOMY,0,42132,726,1
488864,red_jacket,09_CLOTHING,0,41989,727,1
376002,genderswap,11_PROMPT,0,41888,728,1
1302826,mole_under_mouth,08_ANATOMY,0,41884,729,1
401968,red_nails,08_ANATOMY,0,41862,730,1
556011,lace_trim,09_CLOTHING,0,41758,731,1
2020445,covering_privates,06_POSE,0,41756,732,1
389814,side_braid,08_ANATOMY,0,41751,733,1
385882,third_eye,08_ANATOMY,0,41739,734,1
566116,scar_on_face,11_PROMPT,0,41520,735,1
533054,waist_apron,09_CLOTHING,0,41490,736,1
645083,smartphone,10_PROPS,0,41397,737,1
4000,microphone,10_PROPS,0,41229,738,1
2119,facial,11_PROMPT,0,41120,739,1
628293,skirt_set,09_CLOTHING,0,41037,740,1
404,christmas,11_PROMPT,0,40980,741,1
643253,web_address,11_PROMPT,0,40964,742,1
1629722,large_pectorals,08_ANATOMY,0,40876,743,1
819964,pink_flower,11_PROMPT,0,40858,744,1
1316316,pelvic_curtain,09_CLOTHING,0,40852,745,1
1388933,light_blush,07_EXPRESSIONS,0,40730,746,1
466984,...,11_PROMPT,0,40692,747,1
538298,strapless_dress,09_CLOTHING,0,40691,748,1
566461,anger_vein,07_EXPRESSIONS,0,40608,749,1
146061,baseball_cap,09_CLOTHING,0,40470,750,1
15260,beard,08_ANATOMY,0,40250,751,1
457883,string_bikini,09_CLOTHING,0,40203,752,1
524897,interlocked_fingers,06_POSE,0,40147,753,1
4543,striped_panties,09_CLOTHING,0,40119,754,1
635112,light_particles,02_COMPOSITION,0,40089,755,1
1491014,blue_headwear,10_PROPS,0,39905,756,1
11410,claws,08_ANATOMY,0,39881,757,1
659059,breasts_apart,11_PROMPT,0,39592,758,1
417741,bridal_gauntlets,09_CLOTHING,0,39528,759,1
320292,cloak,09_CLOTHING,0,39459,760,1
2056,toenails,08_ANATOMY,0,39312,761,1
448202,peaked_cap,09_CLOTHING,0,39247,762,1
635786,index_finger_raised,06_POSE,0,39043,763,1
467585,highleg_leotard,09_CLOTHING,0,38920,764,1
1388801,red_neckerchief,09_CLOTHING,0,38847,765,1
389108,glowing_eyes,08_ANATOMY,0,38571,766,1
560247,white_pupils,08_ANATOMY,0,38454,767,1
717927,short_hair_with_long_locks,08_ANATOMY,0,38453,768,1
390596,purple_dress,09_CLOTHING,0,38386,769,1
6526,side-tie_panties,09_CLOTHING,0,38302,770,1
1441885,semi-rimless_eyewear,10_PROPS,0,38095,771,1
586765,low_ponytail,08_ANATOMY,0,38029,772,1
403173,white_pantyhose,09_CLOTHING,0,38001,773,1
421107,convenient_censoring,11_PROMPT,0,37975,774,1
469125,jingle_bell,11_PROMPT,0,37914,775,1
554980,motor_vehicle,11_PROMPT,0,37903,776,1
723773,hand_fan,06_POSE,0,37751,777,1
685432,two-tone_background,02_COMPOSITION,0,37676,778,1
616524,grey_skirt,09_CLOTHING,0,37648,779,1
456255,front-tie_top,09_CLOTHING,0,37540,780,1
426598,bow_panties,09_CLOTHING,0,37528,781,1
561,mecha,11_PROMPT,0,37505,782,1
448477,buckle,10_PROPS,0,37316,783,1
1288118,hair_flaps,08_ANATOMY,0,37286,784,1
383851,twin_drills,08_ANATOMY,0,37284,785,1
670638,clothes_writing,11_PROMPT,0,37258,786,1
533356,areola_slip,11_PROMPT,0,37195,787,1
410734,carrying,11_PROMPT,0,37088,788,1
668635,pom_pom_(clothes),09_CLOTHING,0,37080,789,1
648130,clothing_aside,11_PROMPT,0,37048,790,1
149598,androgynous,11_PROMPT,0,36961,791,1
470798,pink_nails,08_ANATOMY,0,36948,792,1
392990,micro_bikini,09_CLOTHING,0,36887,793,1
3508,angry,07_EXPRESSIONS,0,36883,794,1
10902,close-up,02_COMPOSITION,0,36871,795,1
563256,yellow_bow,09_CLOTHING,0,36820,796,1
529213,maid_apron,09_CLOTHING,0,36807,797,1
3284,forehead,08_ANATOMY,0,36726,798,1
1455296,sleeves_past_fingers,11_PROMPT,0,36717,799,1
673911,hood_up,11_PROMPT,0,36659,800,1
407678,wolf_tail,08_ANATOMY,0,36539,801,1
8198,meme,11_PROMPT,0,36535,802,1
400041,cum_on_breasts,11_PROMPT,0,36432,803,1
4172,corset,09_CLOTHING,0,36404,804,1
1452299,neck_bell,10_PROPS,0,36305,805,1
497607,blue_nails,08_ANATOMY,0,36295,806,1
389553,skin_tight,11_PROMPT,0,36226,807,1
656165,hand_on_own_face,06_POSE,0,36141,808,1
581,paizuri,11_PROMPT,0,36036,809,1
382270,rifle,10_PROPS,0,35887,810,1
658106,o-ring,10_PROPS,0,35866,811,1
14946,eyeshadow,11_PROMPT,0,35831,812,1
2329,tentacles,08_ANATOMY,0,35811,813,1
1386163,patreon_username,11_PROMPT,0,35766,814,1
531068,hakama_skirt,09_CLOTHING,0,35742,815,1
546229,black_belt,09_CLOTHING,0,35695,816,1
2755,lace,09_CLOTHING,0,35682,817,1
1251593,holding_phone,06_POSE,0,35670,818,1
510802,french_braid,08_ANATOMY,0,35651,819,1
664258,no_headwear,11_PROMPT,0,35452,820,1
448225,tokin_hat,10_PROPS,0,35426,821,1
584958,spoken_heart,11_PROMPT,0,35409,822,1
376528,:<,07_EXPRESSIONS,0,35305,823,1
688711,white_sleeves,09_CLOTHING,0,35209,824,1
491367,cropped_jacket,09_CLOTHING,0,35199,825,1
390257,eye_contact,11_PROMPT,0,35104,826,1
378743,curvy,11_PROMPT,0,35065,827,1
626528,cropped_legs,11_PROMPT,0,35051,828,1
486327,faceless,11_PROMPT,0,35016,829,1
9474,licking,11_PROMPT,0,34914,830,1
1411175,bikini_top_only,09_CLOTHING,0,34879,831,1
486611,brown_gloves,09_CLOTHING,0,34877,832,1
1283885,crossed_bangs,08_ANATOMY,0,34861,833,1
394151,plate,10_PROPS,0,34856,834,1
397411,restrained,06_POSE,0,34780,835,1
2102,snow,03_ENVIROMENT,0,34707,836,1
713987,outside_border,02_COMPOSITION,0,34702,837,1
435433,red_gloves,09_CLOTHING,0,34681,838,1
374845,mary_janes,07_EXPRESSIONS,0,34592,839,1
422340,full_moon,03_ENVIROMENT,0,34567,840,1
376594,spikes,08_ANATOMY,0,34526,841,1
671227,tearing_up,11_PROMPT,0,34501,842,1
536573,colored_sclera,07_EXPRESSIONS,0,34468,843,1
376923,black_wings,08_ANATOMY,0,34430,844,1
574271,science_fiction,03_ENVIROMENT,0,34425,845,1
491144,blue_bikini,09_CLOTHING,0,34284,846,1
658950,holding_book,11_PROMPT,0,34251,847,1
15689,:p,02_COMPOSITION,0,34251,848,1
379489,side_slit,10_PROPS,0,34242,849,1
4530,gift,03_ENVIROMENT,0,34193,850,1
2907,desk,09_CLOTHING,0,34125,851,1
494869,black_coat,09_CLOTHING,0,34060,852,1
2447,camisole,10_PROPS,0,34033,853,1
633528,alternate_breast_size,09_CLOTHING,0,33947,854,1
429369,finger_to_mouth,09_CLOTHING,0,33778,855,1
5474,ball,09_CLOTHING,0,33719,856,1
77257,strap_slip,08_ANATOMY,0,33655,857,1
375519,armlet,08_ANATOMY,0,33414,858,1
615165,green_bow,11_PROMPT,0,33238,859,1
549225,single_horn,08_ANATOMY,0,33234,860,1
11813,lens_flare,11_PROMPT,0,33164,861,1
491112,cowgirl_position,08_ANATOMY,0,33035,862,1
406964,floating,09_CLOTHING,0,33019,863,1
664922,dragon_horns,04_PEOPLE,0,32766,864,1
459933,drinking_glass,09_CLOTHING,0,32765,865,1
571690,hair_scrunchie,08_ANATOMY,0,32756,866,1
549356,arm_at_side,06_POSE,0,32752,867,1
491758,sleeves_rolled_up,08_ANATOMY,0,32731,868,1
396969,seiza,09_CLOTHING,0,32729,869,1
1364406,genderswap_(mtf),09_CLOTHING,0,32685,870,1
684644,gold_trim,11_PROMPT,0,32660,871,1
375723,puffy_nipples,03_ENVIROMENT,0,32622,872,1
1303583,blue_necktie,03_ENVIROMENT,0,32614,873,1
455456,santa_hat,11_PROMPT,0,32536,874,1
438458,clenched_hands,10_PROPS,0,32462,875,1
418395,after_sex,11_PROMPT,0,32442,876,1
1388800,black_sailor_collar,05_CHARACTER,0,32420,877,1
376117,wide_hips,09_CLOTHING,0,32326,878,1
520397,pink_skirt,09_CLOTHING,0,32322,879,1
479374,single_glove,09_CLOTHING,0,32315,880,1
520991,pink_ribbon,08_ANATOMY,0,32244,881,1
442816,veins,11_PROMPT,0,32238,882,1
3943,smoke,09_CLOTHING,0,32217,883,1
462808,tareme,07_EXPRESSIONS,0,32196,884,1
1396724,white_sailor_collar,10_PROPS,0,32187,885,1
467493,handgun,02_COMPOSITION,0,32146,886,1
435555,heavy_breathing,09_CLOTHING,0,32131,887,1
462583,between_legs,10_PROPS,0,31993,888,1
521477,half_updo,09_CLOTHING,0,31990,889,1
9311,zipper,09_CLOTHING,0,31962,890,1
654772,knee_up,04_PEOPLE,0,31921,891,1
646879,brown_background,09_CLOTHING,0,31914,892,1
523327,starry_sky,09_CLOTHING,0,31870,893,1
577,masturbation,09_CLOTHING,0,31843,894,1
1242758,blue_flower,02_COMPOSITION,0,31810,895,1
1656,handjob,08_ANATOMY,0,31678,896,1
4536,tsurime,03_ENVIROMENT,0,31622,897,1
375606,open_coat,03_ENVIROMENT,0,31590,898,1
15261,freckles,10_PROPS,0,31572,899,1
617356,blue_shorts,08_ANATOMY,0,31545,900,1
388067,demon_wings,09_CLOTHING,0,31535,901,1
384552,wading,02_COMPOSITION,0,31520,902,1
470314,pencil_skirt,06_POSE,0,31468,903,1
149799,happy_birthday,06_POSE,0,31427,904,1
609,fish,11_PROMPT,0,31423,905,1
593297,green_background,03_ENVIROMENT,0,31415,906,1
514515,pink_shirt,07_EXPRESSIONS,0,31368,907,1
393879,alcohol,09_CLOTHING,0,31364,908,1
374915,clothed_sex,06_POSE,0,31357,909,1
10905,pendant,09_CLOTHING,0,31334,910,1
665184,ribbed_sweater,09_CLOTHING,0,31324,911,1
1592077,topless_male,09_CLOTHING,0,31321,912,1
379725,dual_persona,11_PROMPT,0,31318,913,1
651957,clothed_female_nude_male,11_PROMPT,0,31276,914,1
545992,high_heel_boots,02_COMPOSITION,0,31226,915,1
457726,track_jacket,09_CLOTHING,0,31226,916,1
483919,single_earring,09_CLOTHING,0,31194,917,1
397215,outline,02_COMPOSITION,0,31130,918,1
579793,frilled_apron,08_ANATOMY,0,30932,919,1
494669,spot_color,04_PEOPLE,0,30882,920,1
643274,partially_submerged,06_POSE,0,30880,921,1
392024,tray,09_CLOTHING,0,30845,922,1
689532,low-tied_long_hair,09_CLOTHING,0,30789,923,1
615735,asymmetrical_legwear,08_ANATOMY,0,30777,924,1
475004,swim_ring,09_CLOTHING,0,30767,925,1
432529,sweater_vest,09_CLOTHING,0,30728,926,1
643898,purple_background,09_CLOTHING,0,30644,927,1
535373,cross-laced_footwear,09_CLOTHING,0,30608,928,1
511594,arm_behind_back,06_POSE,0,30578,929,1
11527,reflection,08_ANATOMY,0,30486,930,1
4261,forest,08_ANATOMY,0,30472,931,1
402062,!,07_EXPRESSIONS,0,30374,932,1
389402,upskirt,09_CLOTHING,0,30332,933,1
380540,legs_up,09_CLOTHING,0,30314,934,1
390681,headset,09_CLOTHING,0,30302,935,1
1271922,black_vest,09_CLOTHING,0,30282,936,1
483898,frilled_bikini,10_PROPS,0,30219,937,1
14442,walking,09_CLOTHING,0,30123,938,1
1916,cake,08_ANATOMY,0,30092,939,1
391297,white_skin,02_COMPOSITION,0,30088,940,1
10279,hair_rings,09_CLOTHING,0,30087,941,1
6441,beads,09_CLOTHING,0,29864,942,1
508016,pocket,09_CLOTHING,0,29843,943,1
396680,personification,09_CLOTHING,0,29571,944,1
1636487,one-hour_drawing_challenge,03_ENVIROMENT,0,29539,945,1
1631677,mature_male,09_CLOTHING,0,29491,946,1
497007,backlighting,02_COMPOSITION,0,29462,947,1
4596,halloween,09_CLOTHING,0,29425,948,1
2065694,vertical-striped_clothes,10_PROPS,0,29407,949,1
168390,bulge,11_PROMPT,0,29402,950,1
375441,dress_lift,09_CLOTHING,0,29387,951,1
166757,green_dress,07_EXPRESSIONS,0,29371,952,1
2006735,unworn_headwear,09_CLOTHING,0,29366,953,1
1258262,frilled_shirt_collar,06_POSE,0,29250,954,1
617615,legs_apart,02_COMPOSITION,0,29153,955,1
494241,long_fingernails,09_CLOTHING,0,29134,956,1
403286,toned,10_PROPS,0,29061,957,1
554098,mole_on_breast,09_CLOTHING,0,29049,958,1
2863,broom,09_CLOTHING,0,29024,959,1
1373029,black-framed_eyewear,10_PROPS,0,29007,960,1
529447,arm_behind_head,09_CLOTHING,0,28971,961,1
474995,brown_pantyhose,08_ANATOMY,0,28910,962,1
4925,thong,09_CLOTHING,0,28906,963,1
1569,condom,05_CHARACTER,0,28787,964,1
460324,red_bikini,09_CLOTHING,0,28773,965,1
475720,short_ponytail,08_ANATOMY,0,28737,966,1
602223,out_of_frame,02_COMPOSITION,0,28722,967,1
1247162,purple_bow,09_CLOTHING,0,28714,968,1
391713,long_skirt,09_CLOTHING,0,28690,969,1
1119509,high-waist_skirt,09_CLOTHING,0,28671,970,1
1441883,round_eyewear,10_PROPS,0,28661,971,1
572906,crying_with_eyes_open,11_PROMPT,0,28578,972,1
1651,rain,03_ENVIROMENT,0,28539,973,1
1293269,blue_footwear,09_CLOTHING,0,28499,974,1
465382,crossdressing,11_PROMPT,0,28485,975,1
384087,angel_wings,08_ANATOMY,0,28458,976,1
463127,white_bra,09_CLOTHING,0,28428,977,1
6175,cuffs,10_PROPS,0,28351,978,1
8243,flying,11_PROMPT,0,28315,979,1
7450,gym_uniform,09_CLOTHING,0,28254,980,1
3354,cumdrip,11_PROMPT,0,28205,981,1
610272,purple_skirt,09_CLOTHING,0,28189,982,1
502548,yellow_shirt,09_CLOTHING,0,28162,983,1
1349206,cropped_torso,11_PROMPT,0,28143,984,1
460907,one_eye_covered,11_PROMPT,0,28060,985,1
583299,goggles_on_head,11_PROMPT,0,28051,986,1
464538,bubble,11_PROMPT,0,28015,987,1
1320204,black_bowtie,09_CLOTHING,0,27993,988,1
1278062,hand_in_own_hair,06_POSE,0,27986,989,1
494842,braided_ponytail,08_ANATOMY,0,27973,990,1
417888,age_difference,11_PROMPT,0,27955,991,1
1373022,red-framed_eyewear,10_PROPS,0,27867,992,1
1851,fingering,11_PROMPT,0,27822,993,1
427674,epaulettes,10_PROPS,0,27692,994,1
394305,curly_hair,08_ANATOMY,0,27691,995,1
375986,empty_eyes,08_ANATOMY,0,27647,996,1
1258089,ribbon-trimmed_sleeves,09_CLOTHING,0,27643,997,1
660814,dot_nose,08_ANATOMY,0,27616,998,1
453340,santa_costume,09_CLOTHING,0,27503,999,1
389,futanari,11_PROMPT,0,27483,1000,1
4648,teacup,10_PROPS,0,27478,1001,1
531403,kemonomimi_mode,07_EXPRESSIONS,0,27413,1002,1
483081,high_collar,09_CLOTHING,0,27413,1003,1
469517,doujin_cover,02_COMPOSITION,0,27389,1004,1
469668,raised_eyebrows,07_EXPRESSIONS,0,27372,1005,1
620577,brown_jacket,09_CLOTHING,0,27267,1006,1
465145,tanlines,11_PROMPT,0,27147,1007,1
1810,rape,11_PROMPT,0,27123,1008,1
572753,6+boys,04_PEOPLE,0,27118,1009,1
416676,denim_shorts,09_CLOTHING,0,27082,1010,1
1292999,spoken_ellipsis,11_PROMPT,0,27067,1011,1
613885,brown_skirt,09_CLOTHING,0,27045,1012,1
10402,bowl,10_PROPS,0,27031,1013,1
610698,hat_ornament,10_PROPS,0,26950,1014,1
375883,dragon_girl,04_PEOPLE,0,26921,1015,1
1670660,animal_hands,08_ANATOMY,0,26895,1016,1
670088,hand_on_another's_head,06_POSE,0,26884,1017,1
592555,panties_under_pantyhose,11_PROMPT,0,26861,1018,1
2169,innertube,10_PROPS,0,26827,1019,1
458932,sideburns,08_ANATOMY,0,26822,1020,1
2378,buruma,09_CLOTHING,0,26800,1021,1
479955,4boys,04_PEOPLE,0,26792,1022,1
11285,@_@,07_EXPRESSIONS,0,26786,1023,1
669624,contrapposto,06_POSE,0,26730,1024,1
472197,white_pants,09_CLOTHING,0,26704,1025,1
374849,school_bag,10_PROPS,0,26676,1026,1
492380,jitome,11_PROMPT,0,26634,1027,2
634781,nontraditional_miko,07_EXPRESSIONS,0,26616,1028,2
442316,pouch,10_PROPS,0,26605,1029,2
728008,thighband_pantyhose,10_PROPS,0,26597,1030,1
412202,:q,07_EXPRESSIONS,0,26590,1031,2
559163,emphasis_lines,07_EXPRESSIONS,0,26582,1032,2
5875,doggystyle,04_PEOPLE,0,26561,1033,2
1233478,black_serafuku,05_CHARACTER,0,26515,1034,2
10031,faceless_male,04_PEOPLE,0,26473,1035,1
2336,cigarette,11_PROMPT,0,26448,1036,2
460502,dual_wielding,06_POSE,0,26440,1037,2
382111,breast_hold,06_POSE,0,26439,1038,2
494245,red_scarf,09_CLOTHING,0,26363,1039,2
570718,fur_collar,10_PROPS,0,26349,1040,2
461492,green_jacket,09_CLOTHING,0,26307,1041,2
1585391,abyssal_ship,03_ENVIROMENT,0,26255,1042,1
479146,sailor_dress,09_CLOTHING,0,26229,1043,2
538475,asymmetrical_hair,08_ANATOMY,0,26186,1044,1
658682,knees_together_feet_apart,06_POSE,0,26179,1045,2
15200,robe,09_CLOTHING,0,26176,1046,2
10543,spread_pussy,11_PROMPT,0,26147,1047,2
7581,garter_belt,09_CLOTHING,0,26141,1048,2
1045681,white_shorts,09_CLOTHING,0,26132,1049,2
471755,machinery,10_PROPS,0,26075,1050,2
394759,hand_in_pocket,06_POSE,0,26072,1051,2
9872,pauldrons,10_PROPS,0,26069,1052,2
10376,naughty_face,11_PROMPT,0,25981,1053,2
442474,competition_swimsuit,09_CLOTHING,0,25953,1054,2
380572,dog_tail,08_ANATOMY,0,25921,1055,2
377078,cum_in_mouth,11_PROMPT,0,25880,1056,2
652293,legs_together,06_POSE,0,25860,1057,2
718476,mini_person,04_PEOPLE,0,25810,1058,2
401289,yellow_ribbon,10_PROPS,0,25772,1059,1
452086,lolita_fashion,09_CLOTHING,0,25691,1060,2
493843,head_rest,06_POSE,0,25583,1061,2
6439,running,11_PROMPT,0,25570,1062,2
1448325,hands_on_own_hips,06_POSE,0,25548,1063,2
15770,top_hat,10_PROPS,0,25510,1064,2
466881,sun_hat,10_PROPS,0,25481,1065,2
16554,plump,08_ANATOMY,0,25460,1066,2
1681088,furry_female,04_PEOPLE,0,25433,1067,1
1314750,white_hairband,10_PROPS,0,25401,1068,2
513625,asymmetrical_bangs,08_ANATOMY,0,25375,1069,1
18013,ass_grab,11_PROMPT,0,25306,1070,1
1822,threesome,04_PEOPLE,0,25283,1071,2
11882,watch,07_EXPRESSIONS,0,25273,1072,2
462209,thought_bubble,11_PROMPT,0,25225,1073,2
645579,fake_tail,08_ANATOMY,0,25199,1074,2
502047,blood_on_face,11_PROMPT,0,25161,1075,2
2489,sunset,03_ENVIROMENT,0,25075,1076,2
1835738,blue_one-piece_swimsuit,09_CLOTHING,0,25047,1077,2
1811,twins,04_PEOPLE,0,25038,1078,2
588674,furrowed_brow,08_ANATOMY,0,25037,1079,2
472407,turtleneck_sweater,09_CLOTHING,0,25013,1080,1
464566,monster,04_PEOPLE,0,24877,1081,2
4039,dog,11_PROMPT,0,24867,1082,2
677856,star_hair_ornament,08_ANATOMY,0,24867,1083,2
872616,white_kimono,09_CLOTHING,0,24858,1084,2
374921,sports_bra,09_CLOTHING,0,24758,1085,2
1441886,under-rim_eyewear,08_ANATOMY,0,24748,1086,2
578153,drinking_straw,11_PROMPT,0,24736,1087,2
477439,white_wings,09_CLOTHING,0,24678,1088,2
617355,grey_jacket,09_CLOTHING,0,24674,1089,2
580379,aged_up,11_PROMPT,0,24592,1090,1
7585,new_year,02_COMPOSITION,0,24573,1091,2
537668,poke_ball,11_PROMPT,0,24566,1092,2
1369802,blurry_foreground,02_COMPOSITION,0,24511,1093,2
572346,wide-eyed,08_ANATOMY,0,24421,1094,2
464578,skull,10_PROPS,0,24377,1095,2
106450,shield,10_PROPS,0,24360,1096,2
427050,shiny_clothes,09_CLOTHING,0,24358,1097,2
1517199,mature_female,04_PEOPLE,0,24349,1098,1
472916,female_masturbation,11_PROMPT,0,24265,1099,2
516350,white_coat,09_CLOTHING,0,24259,1100,2
380289,missionary,04_PEOPLE,0,24255,1101,2
417883,striped_shirt,09_CLOTHING,0,24244,1102,2
1874884,breasts_squeezed_together,06_POSE,0,24177,1103,2
509884,impossible_clothes,09_CLOTHING,0,24167,1104,2
2967,jeans,09_CLOTHING,0,24130,1105,2
1226391,yellow_flower,03_ENVIROMENT,0,24089,1106,2
465871,rabbit,04_PEOPLE,0,24063,1107,2
2467,ghost,11_PROMPT,0,24062,1108,2
398889,circlet,10_PROPS,0,24050,1109,2
446472,red_rose,11_PROMPT,0,24046,1110,2
508272,belt_buckle,09_CLOTHING,0,23942,1111,2
9831,teddy_bear,10_PROPS,0,23910,1112,2
15916,hair_down,08_ANATOMY,0,23843,1113,2
1515358,blue_theme,02_COMPOSITION,0,23838,1114,2
10538,ice,11_PROMPT,0,23821,1115,2
456688,multicolored_eyes,08_ANATOMY,0,23774,1116,1
667171,holding_umbrella,06_POSE,0,23709,1117,2
534168,v_arms,06_POSE,0,23708,1118,2
381092,paper,11_PROMPT,0,23689,1119,2
452445,+_+,07_EXPRESSIONS,0,23685,1120,2
394992,shoulder_bag,09_CLOTHING,0,23668,1121,2
594664,green_shirt,09_CLOTHING,0,23611,1122,2
417866,serious,07_EXPRESSIONS,0,23551,1123,2
538768,height_difference,06_POSE,0,23531,1124,2
1644111,official_alternate_hairstyle,08_ANATOMY,0,23485,1125,2
1256698,partially_fingerless_gloves,06_POSE,0,23421,1126,2
435262,stubble,08_ANATOMY,0,23410,1127,2
4145,spear,10_PROPS,0,23393,1128,2
462546,hand_between_legs,06_POSE,0,23353,1129,1
8565,sarashi,09_CLOTHING,0,23319,1130,1
544306,colored_eyelashes,08_ANATOMY,0,23255,1131,2
648056,paw_pose,06_POSE,0,23249,1132,2
399655,striped_bikini,09_CLOTHING,0,23215,1133,2
467285,crystal,10_PROPS,0,23149,1134,2
454379,=_=,07_EXPRESSIONS,0,23077,1135,1
472727,wooden_floor,11_PROMPT,0,23062,1136,1
15571,shawl,09_CLOTHING,0,22989,1137,1
701042,bandaged_arm,11_PROMPT,0,22974,1138,1
464562,injury,11_PROMPT,0,22940,1139,1
379945,hairpin,10_PROPS,0,22895,1140,1
660726,rabbit_girl,04_PEOPLE,0,22881,1141,1
11135,rock,11_PROMPT,0,22861,1142,1
4033,lantern,10_PROPS,0,22840,1143,1
467008,hoop_earrings,10_PROPS,0,22822,1144,2
477354,sheathed,10_PROPS,0,22816,1145,2
1226390,purple_flower,03_ENVIROMENT,0,22800,1146,2
252271,mug,11_PROMPT,0,22786,1147,2
394368,bouncing_breasts,06_POSE,0,22761,1148,2
2006740,unworn_hat,09_CLOTHING,0,22752,1149,2
466335,object_insertion,10_PROPS,0,22677,1150,2
2268,popsicle,10_PROPS,0,22670,1151,1
1312862,blue_bowtie,10_PROPS,0,22618,1152,2
3603,lollipop,11_PROMPT,0,22573,1153,2
398273,long_legs,08_ANATOMY,0,22566,1154,2
493026,tentacle_hair,08_ANATOMY,0,22456,1155,2
1814875,eyebrows_hidden_by_hair,08_ANATOMY,0,22440,1156,2
405124,smirk,07_EXPRESSIONS,0,22436,1157,2
1559,minigirl,04_PEOPLE,0,22427,1158,2
1339995,green_headwear,09_CLOTHING,0,22342,1159,2
453244,wolf_girl,04_PEOPLE,0,22323,1160,1
3478,mirror,11_PROMPT,0,22290,1161,2
399,yukata,09_CLOTHING,0,22289,1162,1
451370,upside-down,02_COMPOSITION,0,22255,1163,1
561624,water_drop,11_PROMPT,0,22248,1164,1
643027,light_blue_hair,08_ANATOMY,0,22242,1165,2
464536,bouquet,11_PROMPT,0,22234,1166,2
534968,mini_hat,10_PROPS,0,22230,1167,2
643257,white_leotard,09_CLOTHING,0,22230,1168,2
414971,purple_shirt,09_CLOTHING,0,22226,1169,2
506510,military_hat,10_PROPS,0,22221,1170,2
400587,reaching,06_POSE,0,22208,1171,2
475744,breastplate,10_PROPS,0,22136,1172,2
400,pajamas,09_CLOTHING,0,22081,1173,2
1516547,brown_headwear,09_CLOTHING,0,22056,1174,2
461117,snowing,03_ENVIROMENT,0,22052,1175,2
1343866,black_sleeves,09_CLOTHING,0,22026,1176,2
562882,blue_pants,09_CLOTHING,0,21957,1177,2
520850,bespectacled,11_PROMPT,0,21943,1178,1
600222,light_rays,03_ENVIROMENT,0,21941,1179,2
427398,butt_crack,11_PROMPT,0,21926,1180,2
434996,o_o,07_EXPRESSIONS,0,21875,1181,2
457114,dragon_tail,10_PROPS,0,21870,1182,2
1335533,holding_staff,06_POSE,0,21815,1183,2
717047,page_number,02_COMPOSITION,0,21796,1184,2
3661,oni,05_CHARACTER,0,21738,1185,2
548722,enmaided,11_PROMPT,0,21732,1186,2
559022,shirt_tucked_in,09_CLOTHING,0,21721,1187,2
712723,striped_bow,10_PROPS,0,21717,1188,2
553015,open_book,03_ENVIROMENT,0,21704,1189,2
690177,tress_ribbon,10_PROPS,0,21682,1190,2
507245,glint,11_PROMPT,0,21675,1191,2
1081309,mouth_mask,10_PROPS,0,21658,1192,2
387213,handbag,06_POSE,0,21652,1193,2
1351963,ass_focus,02_COMPOSITION,0,21648,1194,1
16721,blue_panties,09_CLOTHING,0,21619,1195,1
610013,pink_lips,08_ANATOMY,0,21592,1196,1
7532,stairs,03_ENVIROMENT,0,21589,1197,1
423620,:t,07_EXPRESSIONS,0,21565,1198,1
662799,animal_hood,09_CLOTHING,0,21363,1199,1
566923,hugging_object,06_POSE,0,21328,1200,1
1359441,collared_dress,09_CLOTHING,0,21317,1201,1
382969,bow_(weapon),10_PROPS,0,21307,1202,1
458728,waving,06_POSE,0,21299,1203,1
687736,short_eyebrows,08_ANATOMY,0,21289,1204,1
4357,chocolate,10_PROPS,0,21286,1205,1
163224,fins,08_ANATOMY,0,21247,1206,1
1252945,scar_across_eye,08_ANATOMY,0,21192,1207,1
645753,orange_background,02_COMPOSITION,0,21175,1208,1
8807,city,03_ENVIROMENT,0,21152,1209,1
594859,backless_outfit,09_CLOTHING,0,21128,1210,1
1405752,meme_attire,09_CLOTHING,0,21113,1211,1
447403,jumping,06_POSE,0,21110,1212,1
4909,chopsticks,10_PROPS,0,21101,1213,1
513807,hug_from_behind,06_POSE,0,21075,1214,1
452112,tabard,09_CLOTHING,0,21054,1215,1
16139,mustache,08_ANATOMY,0,21053,1216,1
478262,double_v,06_POSE,0,21033,1217,1
498828,adjusting_clothes,06_POSE,0,21022,1218,1
7426,sign,11_PROMPT,0,20988,1219,1
487236,long_dress,09_CLOTHING,0,20965,1220,1
397690,motion_blur,02_COMPOSITION,0,20963,1221,1
509379,on_floor,11_PROMPT,0,20962,1222,1
6207,sportswear,09_CLOTHING,0,20947,1223,1
1802,leash,10_PROPS,0,20893,1224,1
377888,torn_pantyhose,09_CLOTHING,0,20893,1225,1
473529,;),07_EXPRESSIONS,0,20865,1226,1
560,card,10_PROPS,0,20830,1227,1
7783,pout,07_EXPRESSIONS,0,20820,1228,1
376460,fishnet_pantyhose,09_CLOTHING,0,20809,1229,1
428330,brother_and_sister,11_PROMPT,0,20808,1230,1
5705,ofuda,10_PROPS,0,20779,1231,1
1255562,folded_ponytail,08_ANATOMY,0,20717,1232,1
421492,veiny_penis,08_ANATOMY,0,20633,1233,1
464567,mountain,03_ENVIROMENT,0,20608,1234,1
519572,toenail_polish,11_PROMPT,0,20601,1235,1
553367,turret,11_PROMPT,0,20587,1236,1
1249693,borrowed_character,11_PROMPT,0,20577,1237,1
465048,dog_girl,04_PEOPLE,0,20568,1238,1
456193,outstretched_hand,06_POSE,0,20566,1239,1
1262298,off-shoulder_dress,09_CLOTHING,0,20543,1240,1
469042,2koma,02_COMPOSITION,0,20542,1241,1
1681089,furry_male,04_PEOPLE,0,20533,1242,1
464544,can,10_PROPS,0,20502,1243,1
433182,!?,07_EXPRESSIONS,0,20336,1244,1
15224,sand,03_ENVIROMENT,0,20328,1245,2
549355,arms_at_sides,06_POSE,0,20324,1246,2
462124,large_penis,11_PROMPT,0,20320,1247,2
11858,forehead_mark,08_ANATOMY,0,20310,1248,2
570942,front-tie_bikini_top,09_CLOTHING,0,20291,1249,2
392585,contemporary,02_COMPOSITION,0,20202,1250,2
378561,blue_skin,08_ANATOMY,0,20192,1251,2
8705,ice_cream,11_PROMPT,0,20178,1252,2
2809,spoon,10_PROPS,0,20153,1253,2
2312,valentine,11_PROMPT,0,20130,1254,2
1358345,pink_footwear,09_CLOTHING,0,20129,1255,2
2074,vibrator,10_PROPS,0,20124,1256,2
464582,strawberry,11_PROMPT,0,20086,1257,2
488169,cleft_of_venus,08_ANATOMY,0,20080,1258,1
681331,heart_hair_ornament,10_PROPS,0,20080,1259,1
380423,goatee,11_PROMPT,0,20033,1260,2
553797,sharp_fingernails,08_ANATOMY,0,19975,1261,2
465469,lab_coat,09_CLOTHING,0,19971,1262,2
379632,panties_aside,09_CLOTHING,0,19950,1263,2
1611666,dakimakura_(medium),05_CHARACTER,0,19942,1264,2
1671,underwater,03_ENVIROMENT,0,19830,1265,2
508726,cum_overflow,11_PROMPT,0,19827,1266,1
1447826,notice_lines,11_PROMPT,0,19781,1267,1
1835743,black_one-piece_swimsuit,09_CLOTHING,0,19759,1268,1
3429,drink,10_PROPS,0,19758,1269,1
8418,fence,03_ENVIROMENT,0,19727,1270,1
622688,muscular_female,04_PEOPLE,0,19689,1271,1
978099,nipple_stimulation,11_PROMPT,0,19677,1272,1
7486,fighting_stance,06_POSE,0,19643,1273,1
456370,hands_in_pockets,06_POSE,0,19630,1274,1
550131,large_areolae,08_ANATOMY,0,19611,1275,1
1363594,red_hairband,10_PROPS,0,19604,1276,1
401340,nose,08_ANATOMY,0,19590,1277,2
446622,hime_cut,11_PROMPT,0,19557,1278,2
2205,mouse_ears,08_ANATOMY,0,19518,1279,2
478640,hair_bell,08_ANATOMY,0,19510,1280,2
442898,skirt_hold,09_CLOTHING,0,19491,1281,2
1757,music,03_ENVIROMENT,0,19487,1282,2
9434,wedding_dress,09_CLOTHING,0,19476,1283,2
643286,full-face_blush,07_EXPRESSIONS,0,19465,1284,2
1349592,blue_kimono,09_CLOTHING,0,19417,1285,2
667849,bandaid_on_face,10_PROPS,0,19390,1286,2
397045,railing,03_ENVIROMENT,0,19389,1287,2
13027,fork,10_PROPS,0,19377,1288,2
375144,nurse_cap,10_PROPS,0,19376,1289,2
411759,cum_on_hair,11_PROMPT,0,19354,1290,2
494337,purple_ribbon,10_PROPS,0,19337,1291,2
526693,holding_clothes,09_CLOTHING,0,19337,1292,2
16609,bloomers,03_ENVIROMENT,0,19333,1293,2
535691,butterfly_hair_ornament,08_ANATOMY,0,19322,1294,2
3313,dragon,04_PEOPLE,0,19313,1295,2
646549,red_cape,09_CLOTHING,0,19308,1296,2
594404,hat_flower,10_PROPS,0,19258,1297,2
471090,hair_tie,10_PROPS,0,19229,1298,2
464569,palm_tree,03_ENVIROMENT,0,19203,1299,2
609887,blue_gloves,09_CLOTHING,0,19174,1300,2
409364,covering_breasts,09_CLOTHING,0,19165,1301,2
448882,|_|,07_EXPRESSIONS,0,19161,1302,1
1569656,arrow_(symbol),10_PROPS,0,19159,1303,2
541903,purple_nails,08_ANATOMY,0,19142,1304,2
1582,miko,05_CHARACTER,0,19116,1305,2
376102,realistic,02_COMPOSITION,0,19111,1306,2
550405,holding_flower,06_POSE,0,19100,1307,2
460911,tiles,03_ENVIROMENT,0,19068,1308,2
1648,oekaki,05_CHARACTER,0,19038,1309,2
10440,door,03_ENVIROMENT,0,19016,1310,2
4318,pasties,11_PROMPT,0,19013,1311,2
548703,sitting_on_person,06_POSE,0,18992,1312,2
384441,alternate_color,11_PROMPT,0,18979,1313,1
7508,straw_hat,10_PROPS,0,18967,1314,2
527256,green_ribbon,10_PROPS,0,18961,1315,2
13207,bandana,10_PROPS,0,18960,1316,2
1505129,chinese_text,05_CHARACTER,0,18951,1317,2
1304046,black_bodysuit,09_CLOTHING,0,18944,1318,2
390589,branch,10_PROPS,0,18939,1319,2
1372733,blue_leotard,09_CLOTHING,0,18935,1320,2
667463,visor_cap,10_PROPS,0,18908,1321,2
394528,winter_uniform,09_CLOTHING,0,18904,1322,2
1755,dildo,11_PROMPT,0,18886,1323,2
659868,covering_own_mouth,06_POSE,0,18831,1324,2
1243463,orange_bow,10_PROPS,0,18823,1325,2
498413,jacket_on_shoulders,09_CLOTHING,0,18794,1326,2
486,doll,04_PEOPLE,0,18789,1327,2
5621,smoking,11_PROMPT,0,18763,1328,2
547289,drawstring,11_PROMPT,0,18745,1329,2
1354790,yellow_ascot,10_PROPS,0,18730,1330,1
1053124,sideways_glance,06_POSE,0,18724,1331,2
621064,red_vest,09_CLOTHING,0,18688,1332,2
1307840,stud_earrings,10_PROPS,0,18649,1333,2
656161,hand_on_own_cheek,06_POSE,0,18611,1334,2
2367,blindfold,11_PROMPT,0,18557,1335,2
5953,snake,10_PROPS,0,18548,1336,2
1328010,fur-trimmed_jacket,09_CLOTHING,0,18523,1337,2
1315939,brown_belt,09_CLOTHING,0,18514,1338,2
530083,kneepits,06_POSE,0,18504,1339,2
2562,camera,02_COMPOSITION,0,18467,1340,2
1256471,off-shoulder_shirt,09_CLOTHING,0,18466,1341,2
444411,licking_lips,11_PROMPT,0,18442,1342,2
614988,pink_jacket,09_CLOTHING,0,18441,1343,2
15987,logo,02_COMPOSITION,0,18440,1344,2
1329246,center_frills,02_COMPOSITION,0,18436,1345,2
457574,horizon,03_ENVIROMENT,0,18421,1346,2
1327458,steaming_body,11_PROMPT,0,18399,1347,2
1332478,shrug_(clothing),09_CLOTHING,0,18371,1348,2
397574,panties_around_one_leg,09_CLOTHING,0,18356,1349,2
543958,bags_under_eyes,11_PROMPT,0,18342,1350,1
583983,black_cape,09_CLOTHING,0,18333,1351,2
456585,pink_bra,09_CLOTHING,0,18270,1352,2
15126,interracial,11_PROMPT,0,18252,1353,1
552306,criss-cross_halter,09_CLOTHING,0,18236,1354,1
2614,shota,11_PROMPT,0,18226,1355,1
472943,black_sclera,08_ANATOMY,0,18223,1356,1
165438,anklet,10_PROPS,0,18092,1357,1
580906,low_wings,08_ANATOMY,0,18091,1358,1
465444,antennae,08_ANATOMY,0,18040,1359,1
464583,sunflower,03_ENVIROMENT,0,17999,1360,1
670983,hand_on_another's_shoulder,06_POSE,0,17985,1361,1
10549,clitoris,08_ANATOMY,0,17983,1362,1
421198,center_opening,09_CLOTHING,0,17983,1363,1
379820,aircraft,11_PROMPT,0,17978,1364,1
375266,top-down_bottom-up,06_POSE,0,17977,1365,1
1301111,white_sweater,09_CLOTHING,0,17963,1366,1
499629,headpiece,10_PROPS,0,17950,1367,1
531754,long_bangs,08_ANATOMY,0,17941,1368,1
5160,gag,10_PROPS,0,17940,1369,1
471181,eyeliner,10_PROPS,0,17928,1370,1
461529,apple,10_PROPS,0,17919,1371,1
578430,floral_background,03_ENVIROMENT,0,17896,1372,1
1602539,vision_(genshin_impact),05_CHARACTER,0,17881,1373,1
1256690,suspender_skirt,09_CLOTHING,0,17880,1374,1
680569,foot_focus,02_COMPOSITION,0,17850,1375,1
420598,highleg_panties,09_CLOTHING,0,17840,1376,1
393578,beanie,10_PROPS,0,17837,1377,1
560167,character_doll,10_PROPS,0,17833,1378,1
643824,grabbing_from_behind,06_POSE,0,17832,1379,1
481511,red_lips,08_ANATOMY,0,17829,1380,2
470562,spaghetti_strap,10_PROPS,0,17819,1381,2
526218,bandeau,11_PROMPT,0,17800,1382,2
572684,white_scarf,09_CLOTHING,0,17793,1383,2
407647,adjusting_hair,08_ANATOMY,0,17749,1384,2
387050,sun,03_ENVIROMENT,0,17713,1385,2
460323,pink_bikini,09_CLOTHING,0,17710,1386,2
9260,blanket,10_PROPS,0,17673,1387,2
455932,size_difference,09_CLOTHING,0,17642,1388,2
524661,folding_fan,06_POSE,0,17611,1389,2
594129,head_out_of_frame,06_POSE,0,17569,1390,2
518422,covered_mouth,11_PROMPT,0,17510,1391,2
1077303,underbust,11_PROMPT,0,17501,1392,2
1241714,korean_text,05_CHARACTER,0,17499,1393,2
8891,zoom_layer,02_COMPOSITION,0,17495,1394,1
392031,groping,11_PROMPT,0,17463,1395,2
705211,fake_horns,10_PROPS,0,17462,1396,2
505450,gift_box,10_PROPS,0,17445,1397,2
460642,spread_arms,06_POSE,0,17444,1398,2
5228,wand,10_PROPS,0,17436,1399,2
1622419,straight-on,11_PROMPT,0,17435,1400,2
668671,holding_knife,06_POSE,0,17433,1401,2
454489,no_nose,08_ANATOMY,0,17422,1402,2
1387418,back_bow,10_PROPS,0,17416,1403,2
720637,chromatic_aberration,02_COMPOSITION,0,17386,1404,2
482679,facing_away,06_POSE,0,17370,1405,2
1447595,foot_out_of_frame,06_POSE,0,17369,1406,2
605892,pov_hands,06_POSE,0,17344,1407,2
1310938,white_one-piece_swimsuit,09_CLOTHING,0,17343,1408,2
640898,alternate_hair_length,08_ANATOMY,0,17341,1409,2
1328421,crown_braid,10_PROPS,0,17312,1410,2
444095,tail_ornament,08_ANATOMY,0,17264,1411,2
541716,yokozuwari,06_POSE,0,17222,1412,1
450779,emblem,10_PROPS,0,17215,1413,2
742715,adjusting_eyewear,06_POSE,0,17193,1414,1
1569657,arrow_(projectile),10_PROPS,0,17191,1415,1
432198,arched_back,08_ANATOMY,0,17185,1416,2
695937,white_outline,02_COMPOSITION,0,17176,1417,2
297980,hanging_breasts,06_POSE,0,17174,1418,2
560473,partially_visible_vulva,08_ANATOMY,0,17170,1419,2
843399,double-breasted,06_POSE,0,17164,1420,2
520839,sound_effects,02_COMPOSITION,0,17145,1421,2
442577,ahegao,05_CHARACTER,0,17142,1422,2
474819,brown_thighhighs,09_CLOTHING,0,17110,1423,1
1352777,eighth_note,10_PROPS,0,17106,1424,2
4816,gakuran,05_CHARACTER,0,17106,1425,2
16738,geta,11_PROMPT,0,17100,1426,2
383337,sailor_hat,10_PROPS,0,17071,1427,2
10801,android,04_PEOPLE,0,17067,1428,1
15395,clock,10_PROPS,0,17058,1429,2
246,nun,04_PEOPLE,0,17052,1430,1
1332796,round_teeth,08_ANATOMY,0,17042,1431,2
451767,food_on_face,11_PROMPT,0,17039,1432,2
1389122,black_collar,10_PROPS,0,17032,1433,2
8104,angel,04_PEOPLE,0,16975,1434,1
1260354,text_focus,02_COMPOSITION,0,16819,1435,2
409425,bookshelf,03_ENVIROMENT,0,16793,1436,2
6032,tabi,04_PEOPLE,0,16770,1437,2
397380,name_tag,05_CHARACTER,0,16763,1438,2
1263229,hand_on_headwear,06_POSE,0,16763,1439,2
457877,leaning_back,06_POSE,0,16741,1440,2
297241,smug,07_EXPRESSIONS,0,16738,1441,2
1113504,hair_behind_ear,08_ANATOMY,0,16721,1442,2
818365,selfie,02_COMPOSITION,0,16718,1443,1
448279,cabbie_hat,10_PROPS,0,16707,1444,2
542666,flipped_hair,08_ANATOMY,0,16666,1445,2
1801550,single_side_bun,08_ANATOMY,0,16663,1446,2
578,lactation,11_PROMPT,0,16593,1447,2
2898,basket,11_PROMPT,0,16587,1448,2
451332,bun_cover,09_CLOTHING,0,16573,1449,2
524779,microskirt,09_CLOTHING,0,16557,1450,2
390064,gagged,11_PROMPT,0,16547,1451,2
1372775,pinafore_dress,09_CLOTHING,0,16533,1452,2
676924,anchor_symbol,11_PROMPT,0,16530,1453,1
1781,car,03_ENVIROMENT,0,16519,1454,2
1764,guitar,10_PROPS,0,16508,1455,2
448621,arm_warmers,06_POSE,0,16473,1456,2
4974,gangbang,11_PROMPT,0,16470,1457,2
4308,pen,10_PROPS,0,16401,1458,2
693118,absurdly_long_hair,08_ANATOMY,0,16388,1459,1
381163,petticoat,03_ENVIROMENT,0,16366,1460,2
662424,frog_hair_ornament,08_ANATOMY,0,16351,1461,2
1335363,arm_tattoo,08_ANATOMY,0,16321,1462,1
305065,saliva_trail,11_PROMPT,0,16310,1463,2
440780,sailor_shirt,09_CLOTHING,0,16292,1464,2
331704,bodystocking,11_PROMPT,0,16270,1465,2
399930,highleg_swimsuit,09_CLOTHING,0,16269,1466,2
603647,frilled_shirt,09_CLOTHING,0,16262,1467,2
411783,potted_plant,10_PROPS,0,16260,1468,2
420,onsen,05_CHARACTER,0,16169,1469,2
1635846,tracen_school_uniform,09_CLOTHING,0,16166,1470,2
522051,on_head,06_POSE,0,16141,1471,2
558436,silent_comic,11_PROMPT,0,16114,1472,2
9586,habit,11_PROMPT,0,16109,1473,2
453768,fairy_wings,08_ANATOMY,0,16092,1474,2
610524,star-shaped_pupils,08_ANATOMY,0,16027,1475,2
149791,drinking,11_PROMPT,0,16012,1476,2
1618371,body_fur,08_ANATOMY,0,16011,1477,2
1862786,reaching_towards_viewer,06_POSE,0,15994,1478,2
653480,yellow_jacket,09_CLOTHING,0,15984,1479,2
501706,card_(medium),09_CLOTHING,0,15913,1480,2
529493,jack-o'-lantern,11_PROMPT,0,15891,1481,2
407056,unbuttoned,11_PROMPT,0,15858,1482,2
479176,bird_wings,10_PROPS,0,15857,1483,2
375285,winter_clothes,09_CLOTHING,0,15837,1484,2
9044,leg_lift,06_POSE,0,15824,1485,2
495530,bikini_under_clothes,09_CLOTHING,0,15818,1486,2
481383,wristwatch,10_PROPS,0,15808,1487,2
392133,heart_censor,07_EXPRESSIONS,0,15789,1488,2
2276,pool,03_ENVIROMENT,0,15716,1489,2
403785,lowleg,02_COMPOSITION,0,15716,1490,2
379970,bound_wrists,06_POSE,0,15697,1491,2
584250,summer_uniform,09_CLOTHING,0,15690,1492,2
484924,heart_hands,06_POSE,0,15649,1493,2
9351,gothic_lolita,05_CHARACTER,0,15646,1494,2
3714,cannon,02_COMPOSITION,0,15635,1495,2
670635,cross-laced_clothes,09_CLOTHING,0,15633,1496,2
390591,nipple_slip,11_PROMPT,0,15631,1497,2
414765,hair_over_eyes,08_ANATOMY,0,15609,1498,1
413878,electricity,11_PROMPT,0,15604,1499,2
455615,cow_print,10_PROPS,0,15581,1500,2
8822,eyeball,08_ANATOMY,0,15555,1501,2
5252,cow_ears,08_ANATOMY,0,15555,1502,2
617956,brown_shirt,09_CLOTHING,0,15493,1503,2
1258734,looking_ahead,11_PROMPT,0,15478,1504,2
3468,classroom,03_ENVIROMENT,0,15466,1505,2
5626,antlers,08_ANATOMY,0,15427,1506,1
537093,lace-up_boots,09_CLOTHING,0,15414,1507,2
2181,cheerleader,04_PEOPLE,0,15412,1508,2
16704,glass,11_PROMPT,0,15409,1509,2
484456,back-to-back,02_COMPOSITION,0,15375,1510,2
571873,checkered_clothes,09_CLOTHING,0,15373,1511,2
1571375,poke_ball_(basic),06_POSE,0,15372,1512,2
669725,holding_bag,06_POSE,0,15345,1513,2
1303251,grey_pants,09_CLOTHING,0,15322,1514,2
1374209,food-themed_hair_ornament,08_ANATOMY,0,15303,1515,2
468449,brown_dress,09_CLOTHING,0,15299,1516,2
11030,silhouette,02_COMPOSITION,0,15266,1517,2
133767,swimsuit_under_clothes,09_CLOTHING,0,15265,1518,2
406034,arm_grab,06_POSE,0,15255,1519,1
639717,taut_clothes,09_CLOTHING,0,15251,1520,2
408040,hitodama,11_PROMPT,0,15240,1521,2
2586,witch,11_PROMPT,0,15209,1522,2
588702,vambraces,11_PROMPT,0,15175,1523,2
5214,overalls,09_CLOTHING,0,15168,1524,2
1262171,holding_bottle,06_POSE,0,15154,1525,2
476771,bush,11_PROMPT,0,15107,1526,2
684289,spoken_question_mark,11_PROMPT,0,15107,1527,2
1667541,pom_pom_(cheerleading),04_PEOPLE,0,15083,1528,2
1410771,artist_logo,02_COMPOSITION,0,15046,1529,1
1516549,pink_headwear,09_CLOTHING,0,15009,1530,2
1285325,wrist_scrunchie,10_PROPS,0,15006,1531,2
509,pocky,05_CHARACTER,0,15003,1532,2
1314823,black_sweater,09_CLOTHING,0,15002,1533,1
11270,mittens,06_POSE,0,14959,1534,2
1322401,black_horns,08_ANATOMY,0,14952,1535,2
469224,blue_thighhighs,09_CLOTHING,0,14930,1536,1
661340,holding_poke_ball,06_POSE,0,14924,1537,2
42918,scales,10_PROPS,0,14883,1538,2
493832,military_vehicle,10_PROPS,0,14838,1539,2
607626,hair_stick,08_ANATOMY,0,14837,1540,2
450337,ankle_boots,09_CLOTHING,0,14836,1541,1
84427,reading,11_PROMPT,0,14827,1542,2
1601823,retro_artstyle,02_COMPOSITION,0,14817,1543,2
1276712,layered_sleeves,09_CLOTHING,0,14789,1544,2
613947,toeless_legwear,09_CLOTHING,0,14784,1545,2
526607,print_bikini,09_CLOTHING,0,14772,1546,2
493887,food_in_mouth,11_PROMPT,0,14760,1547,2
375026,headdress,09_CLOTHING,0,14754,1548,2
535186,breast_pocket,09_CLOTHING,0,14746,1549,2
458819,talking,11_PROMPT,0,14725,1550,2
1509969,hip_focus,06_POSE,0,14716,1551,2
445092,wince,07_EXPRESSIONS,0,14699,1552,2
1297465,pulled_by_self,06_POSE,0,14678,1553,2
8318,nipple_tweak,10_PROPS,0,14675,1554,2
4572,candle,11_PROMPT,0,14665,1555,2
1574,magic,11_PROMPT,0,14662,1556,2
391568,assault_rifle,10_PROPS,0,14630,1557,1
377998,petite,04_PEOPLE,0,14601,1558,2
1257079,print_kimono,02_COMPOSITION,0,14599,1559,2
1447858,feather_hair_ornament,08_ANATOMY,0,14590,1560,2
232297,gohei,05_CHARACTER,0,14581,1561,2
1501454,tinted_eyewear,08_ANATOMY,0,14578,1562,2
665407,hand_to_own_mouth,06_POSE,0,14576,1563,2
435550,headpat,10_PROPS,0,14569,1564,2
574501,ringed_eyes,08_ANATOMY,0,14566,1565,1
393028,controller,11_PROMPT,0,14549,1566,2
414957,confetti,11_PROMPT,0,14536,1567,2
576287,blood_on_clothes,09_CLOTHING,0,14528,1568,2
423612,wedding_ring,10_PROPS,0,14525,1569,2
477517,chinese_zodiac,05_CHARACTER,0,14522,1570,2
416906,bangle,10_PROPS,0,14510,1571,2
464543,cable,10_PROPS,0,14503,1572,2
1297657,zipper_pull_tab,10_PROPS,0,14492,1573,1
517935,purple_bikini,09_CLOTHING,0,14481,1574,2
378454,wind_lift,03_ENVIROMENT,0,14466,1575,2
397155,huge_ass,11_PROMPT,0,14457,1576,2
10280,flag,11_PROMPT,0,14452,1577,2
10713,unzipped,09_CLOTHING,0,14401,1578,2
11173,sundress,09_CLOTHING,0,14385,1579,2
526025,pleated_dress,09_CLOTHING,0,14381,1580,2
488078,purple_jacket,09_CLOTHING,0,14360,1581,2
713203,crotch_seam,09_CLOTHING,0,14354,1582,2
397948,road,03_ENVIROMENT,0,14345,1583,2
374936,lamp,03_ENVIROMENT,0,14315,1584,2
663804,armored_dress,09_CLOTHING,0,14313,1585,1
704492,armored_boots,09_CLOTHING,0,14309,1586,1
2319,fantasy,11_PROMPT,0,14305,1587,2
682963,claw_pose,06_POSE,0,14270,1588,2
646445,mask_on_head,10_PROPS,0,14246,1589,2
1339640,midriff_peek,11_PROMPT,0,14221,1590,2
843857,red_kimono,09_CLOTHING,0,14215,1591,2
871328,black_kimono,09_CLOTHING,0,14164,1592,2
838605,animal_focus,02_COMPOSITION,0,14160,1593,1
14859,pointless_censoring,07_EXPRESSIONS,0,14157,1594,2
529429,covered_eyes,08_ANATOMY,0,14148,1595,1
152,ninja,05_CHARACTER,0,14131,1596,2
616593,purple_gloves,09_CLOTHING,0,14129,1597,2
2231,fairy,11_PROMPT,0,14128,1598,2
11883,cityscape,03_ENVIROMENT,0,14123,1599,2
482857,joints,06_POSE,0,14118,1600,2
485597,grey_dress,09_CLOTHING,0,14117,1601,2
376451,inverted_nipples,08_ANATOMY,0,14116,1602,2
1804525,bridal_garter,09_CLOTHING,0,14094,1603,2
461439,tube_top,10_PROPS,0,14090,1604,2
408359,bare_back,06_POSE,0,14086,1605,2
720760,holding_tray,06_POSE,0,14076,1606,2
1230896,horn_ornament,05_CHARACTER,0,14072,1607,2
446289,cow_horns,10_PROPS,0,14060,1608,2
394881,school_desk,03_ENVIROMENT,0,14022,1609,2
1250483,holding_fan,06_POSE,0,14020,1610,2
644684,chestnut_mouth,08_ANATOMY,0,14007,1611,2
374533,creature,04_PEOPLE,0,14002,1612,2
699839,halloween_costume,09_CLOTHING,0,13995,1613,2
12457,tatami,05_CHARACTER,0,13959,1614,2
412037,open_fly,03_ENVIROMENT,0,13955,1615,2
2880,scythe,10_PROPS,0,13942,1616,2
280408,salute,06_POSE,0,13933,1617,2
2780,beachball,03_ENVIROMENT,0,13925,1618,2
3880,light,03_ENVIROMENT,0,13918,1619,2
407744,happy_sex,11_PROMPT,0,13880,1620,2
4436,bench,06_POSE,0,13877,1621,2
498201,mini_crown,10_PROPS,0,13862,1622,2
458,nurse,11_PROMPT,0,13754,1623,2
1396655,white_capelet,09_CLOTHING,0,13696,1624,2
211409,wet_shirt,09_CLOTHING,0,13694,1625,2
1685910,painting_(medium),02_COMPOSITION,0,13693,1626,2
416331,animal_costume,09_CLOTHING,0,13665,1627,1
6158,orgasm,11_PROMPT,0,13651,1628,2
785234,shoulder_cutout,06_POSE,0,13651,1629,2
669033,triangle_mouth,08_ANATOMY,0,13650,1630,2
394150,blue_rose,03_ENVIROMENT,0,13605,1631,2
3992,bucket,11_PROMPT,0,13604,1632,2
23249,everyone,04_PEOPLE,0,13591,1633,2
568920,+++,07_EXPRESSIONS,0,13587,1634,1
500740,very_short_hair,08_ANATOMY,0,13586,1635,2
484631,naked_shirt,09_CLOTHING,0,13576,1636,2
614827,tachi-e,05_CHARACTER,0,13576,1637,2
686321,half_gloves,06_POSE,0,13574,1638,2
377169,stuffed_rabbit,11_PROMPT,0,13566,1639,2
1257811,on_couch,11_PROMPT,0,13544,1640,2
15131,riding,11_PROMPT,0,13529,1641,2
656166,hands_on_own_face,06_POSE,0,13507,1642,2
185924,key,07_EXPRESSIONS,0,13495,1643,2
723097,after_vaginal,11_PROMPT,0,13490,1644,2
525152,white_fur,08_ANATOMY,0,13469,1645,2
6318,space,03_ENVIROMENT,0,13468,1646,2
656170,hands_on_own_chest,06_POSE,0,13459,1647,2
6312,femdom,05_CHARACTER,0,13455,1648,2
516299,style_parody,11_PROMPT,0,13449,1649,2
545704,blue_hairband,10_PROPS,0,13438,1650,2
390148,green_skin,08_ANATOMY,0,13429,1651,2
617541,brown_pants,09_CLOTHING,0,13411,1652,2
1303436,red_choker,10_PROPS,0,13408,1653,2
624352,strap_gap,06_POSE,0,13384,1654,2
572672,japanese_armor,09_CLOTHING,0,13380,1655,2
498546,male_underwear,09_CLOTHING,0,13317,1656,2
1379926,black_hoodie,09_CLOTHING,0,13300,1657,2
1609981,uneven_legwear,09_CLOTHING,0,13299,1658,2
1342276,blue_halo,10_PROPS,0,13257,1659,2
1367435,falling_petals,11_PROMPT,0,13231,1660,2
43263,anchor,10_PROPS,0,13204,1661,1
461639,happy_new_year,07_EXPRESSIONS,0,13185,1662,2
251010,tiger_ears,08_ANATOMY,0,13185,1663,2
615659,blue_vest,09_CLOTHING,0,13181,1664,2
464560,frog,08_ANATOMY,0,13148,1665,2
375110,haori,05_CHARACTER,0,13142,1666,2
288161,office_lady,04_PEOPLE,0,13140,1667,2
811495,undercut,11_PROMPT,0,13129,1668,2
678558,hand_on_own_chin,06_POSE,0,13109,1669,2
389456,holster,09_CLOTHING,0,13098,1670,2
230,waitress,04_PEOPLE,0,13088,1671,2
1267724,symbol_in_eye,08_ANATOMY,0,13068,1672,2
656167,hand_on_another's_face,06_POSE,0,13066,1673,2
933253,on_chair,06_POSE,0,13054,1674,2
638006,thighlet,10_PROPS,0,13040,1675,1
466164,laughing,07_EXPRESSIONS,0,12989,1676,2
394722,wet_hair,08_ANATOMY,0,12986,1677,2
1420938,holding_polearm,06_POSE,0,12983,1678,2
2802,earmuffs,10_PROPS,0,12974,1679,2
473213,red_thighhighs,09_CLOTHING,0,12958,1680,1
3242,airplane,03_ENVIROMENT,0,12951,1681,2
480027,purple_thighhighs,09_CLOTHING,0,12947,1682,1
675233,open_cardigan,09_CLOTHING,0,12941,1683,2
507378,yellow_bikini,09_CLOTHING,0,12917,1684,2
1429562,two-tone_dress,09_CLOTHING,0,12910,1685,2
473301,bow_bra,10_PROPS,0,12905,1686,2
480899,5boys,04_PEOPLE,0,12887,1687,1
450702,naval_uniform,09_CLOTHING,0,12876,1688,2
464674,stretching,06_POSE,0,12867,1689,2
551848,polka_dot_background,02_COMPOSITION,0,12857,1690,2
15272,bridal_veil,09_CLOTHING,0,12846,1691,2
2559,incest,11_PROMPT,0,12840,1692,2
1516550,purple_headwear,09_CLOTHING,0,12834,1693,2
449932,w,06_POSE,0,12831,1694,1
576561,alternate_eye_color,08_ANATOMY,0,12826,1695,1
411770,cum_in_ass,02_COMPOSITION,0,12809,1696,1
30851,3koma,02_COMPOSITION,0,12802,1697,1
5104,shade,02_COMPOSITION,0,12790,1698,1
492202,flat_cap,09_CLOTHING,0,12779,1699,1
404958,pilot_suit,09_CLOTHING,0,12756,1700,1
4939,precum,11_PROMPT,0,12749,1701,1
461530,balloon,10_PROPS,0,12748,1702,1
1456682,armpit_crease,08_ANATOMY,0,12742,1703,1
506,dark,02_COMPOSITION,0,12729,1704,1
547893,indian_style,06_POSE,0,12726,1705,1
450266,wine_glass,10_PROPS,0,12719,1706,1
468789,paw_gloves,09_CLOTHING,0,12717,1707,1
536,bukkake,11_PROMPT,0,12709,1708,1
464726,tight_clothes,09_CLOTHING,0,12700,1709,1
463399,randoseru,10_PROPS,0,12691,1710,1
1253894,holding_microphone,06_POSE,0,12690,1711,2
394136,red_panties,09_CLOTHING,0,12686,1712,2
1388797,blue_neckerchief,10_PROPS,0,12674,1713,2
1278425,rigging,06_POSE,0,12673,1714,2
715118,ear_covers,10_PROPS,0,12668,1715,2
567329,limited_palette,09_CLOTHING,0,12664,1716,2
441419,:>,07_EXPRESSIONS,0,12662,1717,1
4965,dagger,10_PROPS,0,12657,1718,2
626241,triangular_headpiece,10_PROPS,0,12643,1719,2
688713,snake_hair_ornament,08_ANATOMY,0,12641,1720,2
2565,battle,11_PROMPT,0,12629,1721,2
602796,star_print,02_COMPOSITION,0,12628,1722,2
1795966,cone_hair_bun,08_ANATOMY,0,12628,1723,2
469422,paw_print,11_PROMPT,0,12618,1724,2
672705,pink_kimono,09_CLOTHING,0,12589,1725,2
528129,one_breast_out,06_POSE,0,12587,1726,2
430066,id_card,02_COMPOSITION,0,12585,1727,2
421188,against_wall,06_POSE,0,12582,1728,1
1310698,curled_horns,08_ANATOMY,0,12579,1729,2
599873,air_bubble,11_PROMPT,0,12575,1730,1
558230,ice_wings,09_CLOTHING,0,12573,1731,2
393840,purple_panties,09_CLOTHING,0,12572,1732,2
466142,fishnet_thighhighs,09_CLOTHING,0,12567,1733,1
1669227,hugging_own_legs,06_POSE,0,12529,1734,2
411560,sexually_suggestive,11_PROMPT,0,12527,1735,2
648077,heart_of_string,10_PROPS,0,12527,1736,2
6182,shibari,05_CHARACTER,0,12517,1737,2
375461,belly,08_ANATOMY,0,12513,1738,1
8180,drunk,11_PROMPT,0,12508,1739,2
125420,bald,08_ANATOMY,0,12506,1740,2
396079,looking_afar,03_ENVIROMENT,0,12494,1741,2
466325,autumn_leaves,11_PROMPT,0,12494,1742,1
1308012,red_hakama,05_CHARACTER,0,12472,1743,2
15202,nipple_piercing,10_PROPS,0,12442,1744,2
659072,muneate,11_PROMPT,0,12426,1745,2
166945,yellow_dress,09_CLOTHING,0,12425,1746,2
390180,bathing,11_PROMPT,0,12415,1747,2
1462380,disposable_cup,10_PROPS,0,12388,1748,2
555246,black_border,02_COMPOSITION,0,12383,1749,2
7495,sarong,04_PEOPLE,0,12366,1750,2
499324,red_shorts,09_CLOTHING,0,12365,1751,2
1693074,own_hands_clasped,06_POSE,0,12325,1752,2
666816,hand_on_own_head,06_POSE,0,12313,1753,2
3748,slippers,09_CLOTHING,0,12296,1754,2
502136,whisker_markings,10_PROPS,0,12285,1755,2
613998,mismatched_legwear,09_CLOTHING,0,12279,1756,2
1246198,mechanical_halo,10_PROPS,0,12275,1757,2
472448,highleg_bikini,09_CLOTHING,0,12261,1758,2
1410613,patreon_logo,02_COMPOSITION,0,12259,1759,2
386389,bracer,10_PROPS,0,12257,1760,2
1393212,yellow_neckerchief,10_PROPS,0,12250,1761,2
1470809,red_horns,10_PROPS,0,12248,1762,2
532943,covering_crotch,09_CLOTHING,0,12247,1763,2
533391,open_hand,06_POSE,0,12226,1764,2
1320887,anal_object_insertion,11_PROMPT,0,12221,1765,2
888554,cropped_shirt,09_CLOTHING,0,12205,1766,2
397156,presenting,06_POSE,0,12193,1767,1
1611664,oil-paper_umbrella,03_ENVIROMENT,0,12189,1768,2
544390,>:),07_EXPRESSIONS,0,12177,1769,2
1685196,hakama_short_skirt,09_CLOTHING,0,12172,1770,2
459290,snowflakes,11_PROMPT,0,12170,1771,1
412080,sleeve_cuffs,09_CLOTHING,0,12166,1772,2
464545,carrot,11_PROMPT,0,12160,1773,2
1302741,red_ascot,10_PROPS,0,12149,1774,2
1316394,hip_vent,09_CLOTHING,0,12122,1775,2
375915,animal_hat,09_CLOTHING,0,12120,1776,1
461736,alternate_hair_color,08_ANATOMY,0,12118,1777,1
7580,mecha_musume,05_CHARACTER,0,12095,1778,2
16149,sack,11_PROMPT,0,12093,1779,2
541599,mechanical_arms,06_POSE,0,12078,1780,2
3444,computer,03_ENVIROMENT,0,12072,1781,2
589024,arm_strap,10_PROPS,0,12071,1782,1
374409,bad_anatomy,08_ANATOMY,0,12016,1783,2
592643,navel_cutout,09_CLOTHING,0,11997,1784,2
15771,raccoon_ears,08_ANATOMY,0,11979,1785,2
1416387,kita_high_school_uniform,09_CLOTHING,0,11972,1786,2
500472,evil_smile,07_EXPRESSIONS,0,11963,1787,2
1617412,bare_pectorals,09_CLOTHING,0,11946,1788,2
5861,bishounen,04_PEOPLE,0,11940,1789,1
576693,tile_floor,03_ENVIROMENT,0,11933,1790,2
4787,axe,10_PROPS,0,11923,1791,1
1257081,scar_on_cheek,08_ANATOMY,0,11893,1792,2
639869,white_cape,09_CLOTHING,0,11888,1793,2
1812672,pink_halo,10_PROPS,0,11868,1794,2
9481,teapot,11_PROMPT,0,11866,1795,2
1370047,white_choker,10_PROPS,0,11838,1796,2
720163,partially_unbuttoned,06_POSE,0,11822,1797,2
2006742,unworn_eyewear,09_CLOTHING,0,11782,1798,2
726825,shoulder_tattoo,10_PROPS,0,11775,1799,2
483988,condom_wrapper,10_PROPS,0,11765,1800,2
525747,lolita_hairband,10_PROPS,0,11741,1801,2
9983,dancing,11_PROMPT,0,11740,1802,2
2414,vampire,04_PEOPLE,0,11731,1803,2
1468069,multiple_others,04_PEOPLE,0,11683,1804,2
469551,facepaint,11_PROMPT,0,11671,1805,2
1450619,wide_shot,02_COMPOSITION,0,11630,1806,2
11019,scared,11_PROMPT,0,11602,1807,2
394083,knee_pads,09_CLOTHING,0,11596,1808,2
521120,backless_dress,09_CLOTHING,0,11583,1809,2
538023,on_ground,06_POSE,0,11581,1810,2
447310,green_nails,08_ANATOMY,0,11572,1811,2
434704,string,10_PROPS,0,11571,1812,2
558653,casual_one-piece_swimsuit,09_CLOTHING,0,11568,1813,2
395583,mother_and_daughter,04_PEOPLE,0,11562,1814,2
411657,torn_thighhighs,09_CLOTHING,0,11559,1815,1
546667,print_shirt,09_CLOTHING,0,11543,1816,2
462351,animal_nose,08_ANATOMY,0,11539,1817,1
408438,hair_up,08_ANATOMY,0,11531,1818,2
461159,reference_sheet,02_COMPOSITION,0,11529,1819,2
594366,bat_(animal),05_CHARACTER,0,11529,1820,2
411966,used_condom,11_PROMPT,0,11506,1821,2
419116,tied_shirt,09_CLOTHING,0,11504,1822,2
492982,layered_dress,09_CLOTHING,0,11503,1823,2
158473,string_panties,09_CLOTHING,0,11497,1824,2
13810,torii,04_PEOPLE,0,11489,1825,2
1256688,bandaged_leg,06_POSE,0,11486,1826,2
3138,bread,11_PROMPT,0,11482,1827,2
881062,grabbing_own_breast,06_POSE,0,11480,1828,2
4026,pumpkin,11_PROMPT,0,11461,1829,2
1379635,mmf_threesome,04_PEOPLE,0,11460,1830,2
1081137,imminent_penetration,11_PROMPT,0,11458,1831,2
462974,squiggle,11_PROMPT,0,11431,1832,2
388762,sleeveless_turtleneck,09_CLOTHING,0,11429,1833,2
380303,bound_arms,06_POSE,0,11427,1834,2
547199,bikini_skirt,09_CLOTHING,0,11423,1835,2
669790,futa_with_female,11_PROMPT,0,11394,1836,1
484880,architecture,03_ENVIROMENT,0,11388,1837,1
15020,hibiscus,11_PROMPT,0,11380,1838,2
1349338,red_leotard,09_CLOTHING,0,11371,1839,2
490069,disembodied_limb,06_POSE,0,11366,1840,2
728807,animification,02_COMPOSITION,0,11364,1841,1
451190,layered_skirt,09_CLOTHING,0,11351,1842,2
5199,leggings,09_CLOTHING,0,11349,1843,2
1369967,watercraft,03_ENVIROMENT,0,11343,1844,2
562575,green_bikini,09_CLOTHING,0,11334,1845,2
1318267,public_indecency,11_PROMPT,0,11321,1846,2
1278539,long_sideburns,08_ANATOMY,0,11313,1847,2
572821,star_earrings,10_PROPS,0,11290,1848,2
372,bath,03_ENVIROMENT,0,11283,1849,2
1222476,crescent_hair_ornament,08_ANATOMY,0,11281,1850,2
530962,arm_under_breasts,06_POSE,0,11276,1851,2
2570,idol,04_PEOPLE,0,11272,1852,2
496617,marker_(medium),10_PROPS,0,11264,1853,2
1260880,fang_out,11_PROMPT,0,11260,1854,2
409720,scabbard,10_PROPS,0,11257,1855,2
1248463,brown_coat,09_CLOTHING,0,11254,1856,2
10369,bedroom,03_ENVIROMENT,0,11254,1857,2
745997,holding_animal,06_POSE,0,11245,1858,2
428808,wagashi,04_PEOPLE,0,11244,1859,2
617315,pantyhose_under_shorts,09_CLOTHING,0,11236,1860,2
1382120,holding_instrument,06_POSE,0,11234,1861,2
414233,cum_on_clothes,11_PROMPT,0,11217,1862,2
400382,mouse_tail,08_ANATOMY,0,11191,1863,2
456270,tasuki,05_CHARACTER,0,11169,1864,2
470269,on_one_knee,06_POSE,0,11165,1865,2
675356,multicolored_background,02_COMPOSITION,0,11164,1866,2
578891,shoulder_blades,10_PROPS,0,11164,1867,2
650433,invisible_chair,06_POSE,0,11163,1868,2
464570,peach,11_PROMPT,0,11128,1869,2
412048,ribbon_choker,10_PROPS,0,11127,1870,2
426594,lace-trimmed_panties,09_CLOTHING,0,11101,1871,2
614271,lace-trimmed_legwear,09_CLOTHING,0,11095,1872,2
12724,field,03_ENVIROMENT,0,11093,1873,2
715545,duel_monster,05_CHARACTER,0,11075,1874,2
474210,leg_ribbon,10_PROPS,0,11070,1875,2
563862,gameplay_mechanics,02_COMPOSITION,0,11066,1876,2
474598,tate_eboshi,05_CHARACTER,0,11040,1877,2
4358,plugsuit,10_PROPS,0,11036,1878,2
538586,hat_feather,10_PROPS,0,11036,1879,2
448185,garrison_cap,10_PROPS,0,11002,1880,2
375526,short_kimono,09_CLOTHING,0,10991,1881,2
9504,magatama,11_PROMPT,0,10984,1882,2
376034,white_eyes,08_ANATOMY,0,10974,1883,1
504750,princess_carry,11_PROMPT,0,10974,1884,2
4960,parasol,11_PROMPT,0,10971,1885,2
732590,interspecies,11_PROMPT,0,10968,1886,2
1328025,fur-trimmed_coat,09_CLOTHING,0,10964,1887,2
5857,leather,10_PROPS,0,10957,1888,2
515909,asymmetrical_clothes,11_PROMPT,0,10934,1889,1
473218,lace-trimmed_bra,09_CLOTHING,0,10930,1890,2
408248,transparent,02_COMPOSITION,0,10916,1891,2
8577,paintbrush,02_COMPOSITION,0,10904,1892,2
454128,head_wreath,10_PROPS,0,10901,1893,2
516029,shimenawa,05_CHARACTER,0,10874,1894,2
444507,deep_skin,08_ANATOMY,0,10868,1895,2
684956,frilled_bow,10_PROPS,0,10867,1896,2
8301,black_cat,04_PEOPLE,0,10867,1897,2
3473,giant,04_PEOPLE,0,10850,1898,2
1488686,tilted_headwear,09_CLOTHING,0,10841,1899,2
1290625,single_bare_shoulder,06_POSE,0,10807,1900,2
558829,animal_on_head,11_PROMPT,0,10802,1901,1
1269062,mitakihara_school_uniform,09_CLOTHING,0,10791,1902,2
1369553,blunt_ends,08_ANATOMY,0,10788,1903,2
421507,leg_grab,06_POSE,0,10765,1904,2
4964,nosebleed,11_PROMPT,0,10736,1905,2
507586,yellow_skirt,09_CLOTHING,0,10728,1906,1
75228,aura,11_PROMPT,0,10714,1907,1
390530,grey_skin,08_ANATOMY,0,10713,1908,2
1749079,sample_watermark,02_COMPOSITION,0,10710,1909,2
547384,tail_raised,08_ANATOMY,0,10702,1910,2
481547,holding_hair,06_POSE,0,10691,1911,2
578643,striped_background,02_COMPOSITION,0,10680,1912,2
8433,thumbs_up,07_EXPRESSIONS,0,10677,1913,2
606748,chibi_inset,10_PROPS,0,10655,1914,2
1441862,purple_footwear,09_CLOTHING,0,10654,1915,2
416486,photo_(object),02_COMPOSITION,0,10645,1916,2
473248,blue_bra,09_CLOTHING,0,10629,1917,2
513428,watercolor_(medium),02_COMPOSITION,0,10624,1918,2
388908,raglan_sleeves,09_CLOTHING,0,10603,1919,2
6235,harness,10_PROPS,0,10600,1920,2
726933,clothes_around_waist,09_CLOTHING,0,10600,1921,2
1379636,ffm_threesome,04_PEOPLE,0,10592,1922,2
443796,under_covers,11_PROMPT,0,10588,1923,2
456515,tiger_print,10_PROPS,0,10571,1924,2
596854,blue_scarf,09_CLOTHING,0,10559,1925,2
646363,company_name,02_COMPOSITION,0,10555,1926,2
1441860,grey_footwear,09_CLOTHING,0,10541,1927,2
1228172,asymmetrical_gloves,09_CLOTHING,0,10537,1928,1
524381,ear_ornament,10_PROPS,0,10536,1929,2
1672,tea,11_PROMPT,0,10509,1930,2
574178,o-ring_top,10_PROPS,0,10487,1931,2
544230,asymmetrical_wings,08_ANATOMY,0,10475,1932,1
522720,naked_towel,11_PROMPT,0,10472,1933,2
491802,standing_sex,06_POSE,0,10468,1934,2
547394,o-ring_bikini,09_CLOTHING,0,10467,1935,2
493064,over_shoulder,06_POSE,0,10451,1936,2
473742,two_tails,08_ANATOMY,0,10432,1937,2
493164,forehead_jewel,10_PROPS,0,10431,1938,2
412376,stitches,10_PROPS,0,10412,1939,2
835846,white_collar,10_PROPS,0,10378,1940,2
595503,facial_tattoo,08_ANATOMY,0,10366,1941,2
1383260,purple_kimono,09_CLOTHING,0,10358,1942,2
474306,headphones_around_neck,10_PROPS,0,10355,1943,2
376270,pantyhose_pull,06_POSE,0,10338,1944,2
1397428,white_tank_top,09_CLOTHING,0,10335,1945,2
13851,halftone,10_PROPS,0,10320,1946,2
514087,cross_necklace,10_PROPS,0,10304,1947,2
403904,french_kiss,11_PROMPT,0,10301,1948,2
1355714,crescent_hat_ornament,10_PROPS,0,10296,1949,2
478328,rolling_eyes,08_ANATOMY,0,10293,1950,1
392495,tiptoes,08_ANATOMY,0,10291,1951,2
593165,out-of-frame_censoring,02_COMPOSITION,0,10284,1952,2
1400566,toned_male,04_PEOPLE,0,10278,1953,1
468991,kicking,06_POSE,0,10270,1954,2
6203,vines,03_ENVIROMENT,0,10267,1955,2
1233477,crop_top_overhang,06_POSE,0,10263,1956,2
11651,annoyed,07_EXPRESSIONS,0,10255,1957,1
562151,short_over_long_sleeves,09_CLOTHING,0,10244,1958,2
596449,pigeon-toed,11_PROMPT,0,10242,1959,2
485014,white_rose,11_PROMPT,0,10225,1960,2
459097,cowbell,10_PROPS,0,10180,1961,2
1041483,split_mouth,06_POSE,0,10176,1962,2
374961,no_pupils,08_ANATOMY,0,10176,1963,2
469978,glowing_eye,08_ANATOMY,0,10174,1964,2
682686,spoken_exclamation_mark,07_EXPRESSIONS,0,10173,1965,2
1271756,black_scarf,09_CLOTHING,0,10150,1966,2
14461,open_kimono,02_COMPOSITION,0,10139,1967,2
724764,hand_on_own_thigh,06_POSE,0,10138,1968,1
516432,imminent_kiss,11_PROMPT,0,10137,1969,2
406340,oversized_clothes,09_CLOTHING,0,10123,1970,2
1392820,black_neckerchief,10_PROPS,0,10123,1971,2
1574663,two-sided_fabric,09_CLOTHING,0,10108,1972,2
1262142,holding_bouquet,06_POSE,0,10103,1973,2
3356,peeing,11_PROMPT,0,10081,1974,2
16791,strap,10_PROPS,0,10077,1975,2
1328011,fur-trimmed_sleeves,09_CLOTHING,0,10074,1976,2
661337,aqua_nails,08_ANATOMY,0,10074,1977,1
610074,platform_footwear,09_CLOTHING,0,10065,1978,2
462735,old,02_COMPOSITION,0,10057,1979,2
1301235,pubic_tattoo,08_ANATOMY,0,10055,1980,2
1750248,onee-shota,05_CHARACTER,0,10041,1981,2
484616,maple_leaf,03_ENVIROMENT,0,10021,1982,2
501583,in_container,11_PROMPT,0,10019,1983,2
1740,mermaid,04_PEOPLE,0,10018,1984,2
1481917,sakuragaoka_high_school_uniform,09_CLOTHING,0,10017,1985,2
1244676,one-piece_tan,09_CLOTHING,0,10006,1986,2
383117,breast_sucking,11_PROMPT,0,9999,1987,2
483436,fish_tail,08_ANATOMY,0,9995,1988,2
1385413,white_hoodie,09_CLOTHING,0,9989,1989,2
612000,constricted_pupils,08_ANATOMY,0,9970,1990,2
515552,striped_dress,09_CLOTHING,0,9966,1991,2
710372,orange_shirt,09_CLOTHING,0,9944,1992,2
488261,blue_cape,09_CLOTHING,0,9942,1993,2
1719049,split-color_hair,08_ANATOMY,0,9941,1994,2
665739,holding_gift,06_POSE,0,9927,1995,2
1689923,pectoral_cleavage,08_ANATOMY,0,9907,1996,2
465393,pee,11_PROMPT,0,9901,1997,2
519374,white_belt,09_CLOTHING,0,9896,1998,2
492645,gyaru,04_PEOPLE,0,9888,1999,1
439130,anniversary,11_PROMPT,0,9882,2000,1
491645,head_fins,08_ANATOMY,0,9881,2001,1
703196,leaf_hair_ornament,08_ANATOMY,0,9880,2002,2
1431068,holding_stuffed_toy,06_POSE,0,9869,2003,2
3971,handcuffs,06_POSE,0,9863,2004,2
1554924,m_legs,06_POSE,0,9855,2005,2
614744,red_pants,09_CLOTHING,0,9839,2006,2
403779,navel_piercing,10_PROPS,0,9834,2007,2
472069,cross-section,06_POSE,0,9824,2008,2
440369,multiple_persona,04_PEOPLE,0,9817,2009,2
1320888,vaginal_object_insertion,11_PROMPT,0,9817,2010,1
496894,face-to-face,06_POSE,0,9806,2011,1
414159,x-ray,11_PROMPT,0,9799,2012,1
1491182,vehicle_focus,02_COMPOSITION,0,9795,2013,1
11555,bathroom,03_ENVIROMENT,0,9780,2014,1
465707,biting,11_PROMPT,0,9765,2015,2
200140,magic_circle,03_ENVIROMENT,0,9745,2016,2
1375840,rabbit_hair_ornament,08_ANATOMY,0,9742,2017,2
447060,spiked_collar,10_PROPS,0,9739,2018,2
1451201,draph,11_PROMPT,0,9738,2019,2
2215,house,03_ENVIROMENT,0,9728,2020,2
7929,shackles,06_POSE,0,9725,2021,2
415106,neck_ring,10_PROPS,0,9724,2022,2
4633,singing,11_PROMPT,0,9722,2023,2
4429,pencil,10_PROPS,0,9721,2024,2
381114,red_skin,11_PROMPT,0,9714,2025,2
1701063,holding_another's_wrist,06_POSE,0,9710,2026,1
5157,sad,07_EXPRESSIONS,0,9706,2027,2
460555,hair_censor,08_ANATOMY,0,9699,2028,2
400657,one-eyed,08_ANATOMY,0,9698,2029,2
4065,explosion,11_PROMPT,0,9688,2030,2
662950,name_connection,10_PROPS,0,9680,2031,2
2566,mushroom,11_PROMPT,0,9669,2032,2
10704,bamboo,10_PROPS,0,9665,2033,2
559585,playing_instrument,10_PROPS,0,9664,2034,2
513423,graphite_(medium),10_PROPS,0,9656,2035,2
423348,chest_hair,08_ANATOMY,0,9656,2036,2
384905,symmetrical_docking,06_POSE,0,9650,2037,2
9331,falling,06_POSE,0,9639,2038,2
1320534,pink_bowtie,10_PROPS,0,9638,2039,2
1313352,brown_sweater,09_CLOTHING,0,9638,2040,1
1260411,holding_plate,06_POSE,0,9624,2041,2
1418952,colored_tips,08_ANATOMY,0,9622,2042,2
268105,pants_pull,06_POSE,0,9617,2043,2
374955,ruins,03_ENVIROMENT,0,9613,2044,2
1238881,yellow_necktie,10_PROPS,0,9603,2045,1
698860,hand_on_own_knee,06_POSE,0,9589,2046,2
666125,holding_fruit,06_POSE,0,9585,2047,2
53988,fox_mask,10_PROPS,0,9576,2048,2
2100,summer,03_ENVIROMENT,0,9573,2049,2
482927,belt_pouch,09_CLOTHING,0,9568,2050,2
681480,light_frown,08_ANATOMY,0,9559,2051,2
474715,crescent_moon,03_ENVIROMENT,0,9557,2052,2
399391,spiked_bracelet,10_PROPS,0,9552,2053,2
2006746,unworn_shoes,09_CLOTHING,0,9545,2054,2
471436,doughnut,11_PROMPT,0,9533,2055,2
495147,hair_slicked_back,08_ANATOMY,0,9522,2056,2
490261,partially_colored,02_COMPOSITION,0,9509,2057,2
379375,red_coat,09_CLOTHING,0,9507,2058,2
663521,shoe_soles,09_CLOTHING,0,9502,2059,2
390893,water_bottle,10_PROPS,0,9498,2060,2
6202,winter,03_ENVIROMENT,0,9488,2061,2
659487,black_tank_top,09_CLOTHING,0,9487,2062,2
501739,folded,06_POSE,0,9477,2063,2
490606,afterimage,02_COMPOSITION,0,9472,2064,1
1354336,grey_shorts,09_CLOTHING,0,9457,2065,2
13126,lineart,11_PROMPT,0,9450,2066,2
395294,head_scarf,10_PROPS,0,9449,2067,2
3102,greaves,10_PROPS,0,9432,2068,2
384906,asymmetrical_docking,06_POSE,0,9422,2069,1
2918,fireworks,03_ENVIROMENT,0,9416,2070,2
560670,narrow_waist,09_CLOTHING,0,9411,2071,2
16170,television,11_PROMPT,0,9403,2072,2
466015,kitsune,05_CHARACTER,0,9396,2073,2
12391,double_penetration,06_POSE,0,9389,2074,2
590917,leaf_on_head,10_PROPS,0,9363,2075,2
673732,goat_horns,10_PROPS,0,9359,2076,2
420828,sliding_doors,03_ENVIROMENT,0,9358,2077,2
658791,necktie_between_breasts,06_POSE,0,9356,2078,1
569780,pink_rose,11_PROMPT,0,9354,2079,2
430765,sunbeam,03_ENVIROMENT,0,9352,2080,2
499772,copyright_notice,07_EXPRESSIONS,0,9347,2081,2
54490,monitor,10_PROPS,0,9323,2082,2
643811,micro_shorts,09_CLOTHING,0,9312,2083,2
2576,fat,11_PROMPT,0,9309,2084,2
443371,raccoon_tail,08_ANATOMY,0,9302,2085,2
464580,split,11_PROMPT,0,9286,2086,2
530616,checkered_floor,06_POSE,0,9253,2087,2
637674,slingshot_swimsuit,09_CLOTHING,0,9251,2088,2
2998,cunnilingus,11_PROMPT,0,9242,2089,2
560578,multicolored_skin,08_ANATOMY,0,9238,2090,2
4924,camouflage,09_CLOTHING,0,9220,2091,2
543207,east_asian_architecture,03_ENVIROMENT,0,9215,2092,2
396470,arm_cannon,11_PROMPT,0,9211,2093,1
1515359,pink_theme,02_COMPOSITION,0,9198,2094,2
718360,polka_dot_bow,10_PROPS,0,9184,2095,2
629455,striped_necktie,10_PROPS,0,9181,2096,1
7834,naked_apron,09_CLOTHING,0,9176,2097,2
11870,manly,04_PEOPLE,0,9167,2098,2
393313,nervous,11_PROMPT,0,9157,2099,2
1326379,red_capelet,09_CLOTHING,0,9156,2100,2
1261156,green_vest,09_CLOTHING,0,9155,2101,2
1152618,bandaid_on_leg,09_CLOTHING,0,9155,2102,2
1320207,white_bowtie,10_PROPS,0,9144,2103,2
395658,christmas_tree,03_ENVIROMENT,0,9120,2104,2
1269638,handheld_game_console,10_PROPS,0,9117,2105,2
534254,brick_wall,03_ENVIROMENT,0,9106,2106,2
1330221,fur-trimmed_gloves,09_CLOTHING,0,9083,2107,2
393891,no_shirt,09_CLOTHING,0,9075,2108,2
15959,loose_socks,09_CLOTHING,0,9069,2109,2
532949,trigger_discipline,06_POSE,0,9053,2110,2
279773,body_writing,06_POSE,0,9040,2111,2
1422110,ears_through_headwear,08_ANATOMY,0,9035,2112,2
390703,purple_skin,08_ANATOMY,0,9029,2113,2
12286,badge,10_PROPS,0,9007,2114,2
1575551,gap_(touhou),11_PROMPT,0,9006,2115,2
1510922,other_focus,02_COMPOSITION,0,8998,2116,2
1390702,multicolored_jacket,09_CLOTHING,0,8997,2117,2
491943,dark_persona,11_PROMPT,0,8992,2118,1
537886,shorts_under_skirt,09_CLOTHING,0,8986,2119,2
575497,starry_background,02_COMPOSITION,0,8986,2120,2
546385,heart_earrings,10_PROPS,0,8984,2121,2
148527,stool,11_PROMPT,0,8984,2122,2
1401801,black_capelet,09_CLOTHING,0,8979,2123,2
676529,licking_penis,11_PROMPT,0,8976,2124,2
606828,bead_necklace,10_PROPS,0,8976,2125,2
15258,torpedo,11_PROMPT,0,8970,2126,2
436870,:/,07_EXPRESSIONS,0,8953,2127,1
486934,no_mouth,11_PROMPT,0,8953,2128,2
238471,babydoll,04_PEOPLE,0,8941,2129,2
464550,coin,10_PROPS,0,8936,2130,2
511662,arm_guards,06_POSE,0,8933,2131,2
452549,!!,07_EXPRESSIONS,0,8930,2132,2
1312164,green_necktie,10_PROPS,0,8924,2133,1
1409552,ooarai_school_uniform,09_CLOTHING,0,8922,2134,2
644510,dark_background,02_COMPOSITION,0,8914,2135,1
1915731,double-parted_bangs,08_ANATOMY,0,8912,2136,1
1230827,dark_blue_hair,08_ANATOMY,0,8894,2137,1
706995,erection_under_clothes,11_PROMPT,0,8888,2138,1
1302909,brown_shorts,09_CLOTHING,0,8887,2139,2
604394,pointing_at_viewer,06_POSE,0,8882,2140,2
420298,big_hair,08_ANATOMY,0,8881,2141,2
464551,cookie,11_PROMPT,0,8873,2142,2
69696,undershirt,11_PROMPT,0,8867,2143,2
378581,brothers,04_PEOPLE,0,8866,2144,2
1169097,frilled_hairband,10_PROPS,0,8852,2145,2
1385535,grey_sweater,09_CLOTHING,0,8843,2146,1
714822,red_theme,02_COMPOSITION,0,8839,2147,2
393361,seductive_smile,07_EXPRESSIONS,0,8836,2148,2
498950,orange_skirt,09_CLOTHING,0,8834,2149,2
640872,pov_crotch,09_CLOTHING,0,8829,2150,2
1484630,see-through_sleeves,09_CLOTHING,0,8825,2151,2
724584,hooded_cloak,09_CLOTHING,0,8824,2152,2
10802,bonnet,10_PROPS,0,8816,2153,2
460204,hair_over_breasts,08_ANATOMY,0,8815,2154,2
1329446,green_shorts,09_CLOTHING,0,8802,2155,2
421031,huge_weapon,10_PROPS,0,8799,2156,2
392034,dripping,11_PROMPT,0,8797,2157,2
1314745,blue_choker,10_PROPS,0,8794,2158,2
461699,blank_eyes,11_PROMPT,0,8791,2159,1
186201,skirt_pull,09_CLOTHING,0,8762,2160,2
1437338,brown_cardigan,09_CLOTHING,0,8761,2161,2
491474,gym_shirt,09_CLOTHING,0,8756,2162,2
385088,earphones,10_PROPS,0,8753,2163,2
108777,bra_lift,06_POSE,0,8744,2164,2
1303018,blue_coat,09_CLOTHING,0,8724,2165,2
1320446,facing_another,06_POSE,0,8713,2166,2
1261355,bead_bracelet,10_PROPS,0,8710,2167,2
500,fundoshi,05_CHARACTER,0,8704,2168,2
666377,hair_spread_out,08_ANATOMY,0,8695,2169,2
16507,lion_ears,08_ANATOMY,0,8690,2170,2
487745,sitting_on_lap,06_POSE,0,8689,2171,2
463475,iron_cross,10_PROPS,0,8687,2172,2
465836,cutoffs,11_PROMPT,0,8672,2173,2
1415843,white_ascot,09_CLOTHING,0,8670,2174,2
1364407,genderswap_(ftm),04_PEOPLE,0,8667,2175,2
510068,splashing,11_PROMPT,0,8666,2176,2
556987,sparkling_eyes,08_ANATOMY,0,8664,2177,1
402799,tiger_tail,08_ANATOMY,0,8655,2178,2
581653,smoking_pipe,10_PROPS,0,8649,2179,2
4940,foreskin,08_ANATOMY,0,8642,2180,2
467794,cow_girl,04_PEOPLE,0,8630,2181,2
1393342,erune,05_CHARACTER,0,8623,2182,1
395929,bikini_pull,06_POSE,0,8614,2183,2
502731,hachimaki,05_CHARACTER,0,8605,2184,2
1392012,white_bodysuit,09_CLOTHING,0,8588,2185,2
715714,voice_actor_connection,04_PEOPLE,0,8587,2186,2
581500,plaid_vest,09_CLOTHING,0,8580,2187,2
593668,huge_ahoge,05_CHARACTER,0,8563,2188,2
615907,pink_gloves,09_CLOTHING,0,8562,2189,2
392008,chalkboard,10_PROPS,0,8561,2190,2
498466,implied_sex,11_PROMPT,0,8547,2191,2
493465,playing_card,11_PROMPT,0,8542,2192,2
408887,shoulder_pads,09_CLOTHING,0,8531,2193,2
2089747,argyle_clothes,09_CLOTHING,0,8516,2194,2
1496184,tassel_earrings,10_PROPS,0,8511,2195,2
1380647,drink_can,11_PROMPT,0,8509,2196,2
458210,bikini_armor,09_CLOTHING,0,8507,2197,2
1465099,black_sports_bra,09_CLOTHING,0,8492,2198,2
385431,submachine_gun,10_PROPS,0,8490,2199,2
457806,artist_self-insert,11_PROMPT,0,8485,2200,1
3898,tank,04_PEOPLE,0,8480,2201,2
1304069,yellow_bowtie,10_PROPS,0,8471,2202,2
375594,pink_thighhighs,09_CLOTHING,0,8462,2203,1
376018,ribs,10_PROPS,0,8461,2204,2
1363856,star_hat_ornament,10_PROPS,0,8461,2205,2
418177,ripples,08_ANATOMY,0,8458,2206,2
1318186,braided_bun,08_ANATOMY,0,8449,2207,2
606296,dappled_sunlight,03_ENVIROMENT,0,8448,2208,2
6230,latex,02_COMPOSITION,0,8441,2209,2
1375839,holding_chopsticks,06_POSE,0,8436,2210,2
1326641,purple_bowtie,10_PROPS,0,8421,2211,2
1898,hammer,10_PROPS,0,8418,2212,2
416507,torn_shirt,09_CLOTHING,0,8414,2213,2
665765,animal_collar,10_PROPS,0,8411,2214,1
417892,shell,11_PROMPT,0,8408,2215,2
1613133,assertive_female,04_PEOPLE,0,8396,2216,1
1474967,grey_headwear,09_CLOTHING,0,8390,2217,2
388149,ranguage,11_PROMPT,0,8386,2218,2
401680,sweater_dress,09_CLOTHING,0,8383,2219,1
419695,sakazuki,05_CHARACTER,0,8376,2220,2
10403,futon,03_ENVIROMENT,0,8374,2221,2
388207,yin_yang,11_PROMPT,0,8373,2222,1
462594,bobby_socks,09_CLOTHING,0,8366,2223,2
1508967,purple_theme,02_COMPOSITION,0,8354,2224,2
3509,syringe,10_PROPS,0,8346,2225,2
1248639,grey_gloves,09_CLOTHING,0,8345,2226,2
482376,game_controller,05_CHARACTER,0,8313,2227,2
391251,breast_rest,06_POSE,0,8310,2228,2
1313798,blue_sweater,09_CLOTHING,0,8310,2229,1
665137,sandwiched,11_PROMPT,0,8306,2230,2
516937,oversized_object,10_PROPS,0,8296,2231,2
434799,0_0,07_EXPRESSIONS,0,8295,2232,2
606732,soaking_feet,06_POSE,0,8292,2233,2
660963,diamond_(shape),11_PROMPT,0,8290,2234,1
4803,birthday,11_PROMPT,0,8266,2235,1
1490428,fringe_trim,08_ANATOMY,0,8265,2236,2
378072,huge_penis,08_ANATOMY,0,8261,2237,2
622607,official_style,09_CLOTHING,0,8260,2238,2
142348,wardrobe_malfunction,09_CLOTHING,0,8257,2239,2
410002,sheet_grab,06_POSE,0,8240,2240,2
1282122,green_footwear,09_CLOTHING,0,8222,2241,2
413865,planet,03_ENVIROMENT,0,8212,2242,2
382729,striped_pantyhose,09_CLOTHING,0,8211,2243,2
527888,animalization,02_COMPOSITION,0,8208,2244,1
483418,mini_top_hat,09_CLOTHING,0,8205,2245,2
412952,arm_garter,10_PROPS,0,8204,2246,1
511571,zzz,07_EXPRESSIONS,0,8198,2247,1
1318935,aqua_necktie,10_PROPS,0,8195,2248,1
478321,checkered_background,02_COMPOSITION,0,8194,2249,2
438708,frilled_panties,09_CLOTHING,0,8188,2250,2
416892,;o,07_EXPRESSIONS,0,8183,2251,1
5006,rice,11_PROMPT,0,8164,2252,2
1251101,off-shoulder_sweater,09_CLOTHING,0,8163,2253,1
551141,arm_ribbon,10_PROPS,0,8162,2254,1
1316159,leaning_to_the_side,06_POSE,0,8162,2255,2
2298,watermelon,11_PROMPT,0,8160,2256,2
1396773,fur-trimmed_capelet,08_ANATOMY,0,8152,2257,2
3904,rainbow,03_ENVIROMENT,0,8152,2258,2
390768,old_man,04_PEOPLE,0,8150,2259,1
541644,aqua_background,02_COMPOSITION,0,8137,2260,1
108765,broom_riding,03_ENVIROMENT,0,8136,2261,2
588956,untied_bikini,09_CLOTHING,0,8132,2262,2
431532,fake_screenshot,02_COMPOSITION,0,8126,2263,2
3531,bridge,03_ENVIROMENT,0,8125,2264,2
8696,bathtub,03_ENVIROMENT,0,8099,2265,2
2182,police,03_ENVIROMENT,0,8097,2266,2
663579,holding_spoon,06_POSE,0,8094,2267,2
1394264,holding_bow_(weapon),06_POSE,0,8090,2268,2
1548634,braided_bangs,08_ANATOMY,0,8082,2269,2
487559,lamppost,03_ENVIROMENT,0,8066,2270,2
552246,red_collar,10_PROPS,0,8062,2271,2
1661326,content_rating,02_COMPOSITION,0,8043,2272,2
582833,ear_blush,08_ANATOMY,0,8037,2273,2
374967,power_lines,03_ENVIROMENT,0,8015,2274,2
435834,torso_grab,06_POSE,0,8004,2275,2
423161,object_on_head,10_PROPS,0,7992,2276,2
1948371,nervous_sweating,11_PROMPT,0,7962,2277,2
1600,beer,11_PROMPT,0,7950,2278,2
526026,multicolored_dress,09_CLOTHING,0,7935,2279,2
8988,sniper_rifle,10_PROPS,0,7935,2280,2
378042,bear_ears,08_ANATOMY,0,7934,2281,2
561394,reverse_cowgirl_position,06_POSE,0,7919,2282,2
504035,film_grain,02_COMPOSITION,0,7919,2283,2
511640,single_shoe,09_CLOTHING,0,7915,2284,2
1732562,bikini_bottom_only,09_CLOTHING,0,7915,2285,2
380747,speed_lines,08_ANATOMY,0,7914,2286,2
34553,dirty,11_PROMPT,0,7913,2287,2
464547,cherry,11_PROMPT,0,7908,2288,2
1316985,shark_tail,08_ANATOMY,0,7907,2289,2
1551197,1990s_(style),02_COMPOSITION,0,7906,2290,1
1711150,red_halo,10_PROPS,0,7902,2291,2
509903,tying_hair,08_ANATOMY,0,7897,2292,2
1416880,yellow_footwear,09_CLOTHING,0,7893,2293,2
640090,red_eyeshadow,11_PROMPT,0,7890,2294,1
376671,scroll,06_POSE,0,7888,2295,2
501783,miqo'te,07_EXPRESSIONS,0,7886,2296,2
394743,cushion,10_PROPS,0,7885,2297,2
458796,sheep_horns,10_PROPS,0,7884,2298,2
1367825,green_kimono,09_CLOTHING,0,7871,2299,2
564515,vertical-striped_thighhighs,09_CLOTHING,0,7865,2300,1
603198,red_sweater,09_CLOTHING,0,7859,2301,1
392117,insect_wings,08_ANATOMY,0,7857,2302,2
1637638,heart_brooch,10_PROPS,0,7846,2303,2
1397927,puff_of_air,11_PROMPT,0,7835,2304,2
1441887,rimless_eyewear,08_ANATOMY,0,7826,2305,2
466467,burger,11_PROMPT,0,7817,2306,2
1582095,bow_hairband,10_PROPS,0,7816,2307,2
1364404,male_swimwear,09_CLOTHING,0,7811,2308,2
6425,scissors,10_PROPS,0,7801,2309,2
473284,frilled_bra,10_PROPS,0,7791,2310,2
109153,saucer,10_PROPS,0,7782,2311,2
1770616,blue_gemstone,02_COMPOSITION,0,7778,2312,2
1269470,chest_tattoo,10_PROPS,0,7767,2313,2
464558,egg,11_PROMPT,0,7763,2314,2
666921,holding_fork,06_POSE,0,7761,2315,2
492671,moaning,11_PROMPT,0,7759,2316,2
396065,green_panties,09_CLOTHING,0,7752,2317,2
5011,horse,10_PROPS,0,7744,2318,2
1684829,heads_together,06_POSE,0,7741,2319,2
492465,grey_thighhighs,09_CLOTHING,0,7737,2320,2
414773,aiming,06_POSE,0,7735,2321,2
1008745,sanpaku,05_CHARACTER,0,7731,2322,2
694174,torogao,04_PEOPLE,0,7723,2323,2
462578,merry_christmas,07_EXPRESSIONS,0,7722,2324,2
1733109,jaggy_lines,11_PROMPT,0,7721,2325,2
11231,feeding,11_PROMPT,0,7713,2326,2
516375,biceps,06_POSE,0,7702,2327,2
398297,shouting,11_PROMPT,0,7695,2328,2
3569,sleepy,11_PROMPT,0,7687,2329,2
538953,zouri,09_CLOTHING,0,7682,2330,1
902927,collared_jacket,09_CLOTHING,0,7680,2331,2
404056,yukkuri_shiteitte_ne,02_COMPOSITION,0,7680,2332,1
2762,coffee,11_PROMPT,0,7678,2333,2
1542129,skin-covered_horns,08_ANATOMY,0,7677,2334,2
465523,race_queen,04_PEOPLE,0,7661,2335,2
1398298,fur-trimmed_dress,09_CLOTHING,0,7652,2336,2
3577,motorcycle,10_PROPS,0,7649,2337,2
3860,cooking,11_PROMPT,0,7643,2338,2
1854325,yellow_halo,10_PROPS,0,7632,2339,2
8671,female_ejaculation,11_PROMPT,0,7627,2340,2
399604,fucked_silly,07_EXPRESSIONS,0,7624,2341,2
1782390,traditional_bowtie,10_PROPS,0,7617,2342,2
502301,tail_wagging,08_ANATOMY,0,7612,2343,2
1264677,anchor_hair_ornament,10_PROPS,0,7597,2344,1
469544,navel_hair,08_ANATOMY,0,7596,2345,2
1304062,yellow_hairband,08_ANATOMY,0,7581,2346,2
547756,bare_tree,03_ENVIROMENT,0,7571,2347,2
14258,nekomata,05_CHARACTER,0,7569,2348,2
374606,giantess,04_PEOPLE,0,7557,2349,1
421520,no_eyes,11_PROMPT,0,7553,2350,1
797417,ear_bow,10_PROPS,0,7552,2351,2
14297,cyborg,04_PEOPLE,0,7550,2352,2
2006744,unworn_panties,09_CLOTHING,0,7541,2353,2
1251292,fur-trimmed_cape,09_CLOTHING,0,7534,2354,2
375373,long_coat,09_CLOTHING,0,7526,2355,2
465180,ball_gag,11_PROMPT,0,7517,2356,2
579943,hair_pulled_back,08_ANATOMY,0,7517,2357,2
416268,v-neck,10_PROPS,0,7513,2358,2
712121,trait_connection,05_CHARACTER,0,7506,2359,2
1268860,chest_jewel,10_PROPS,0,7506,2360,2
2006743,unworn_skirt,09_CLOTHING,0,7503,2361,2
490010,extra_arms,06_POSE,0,7502,2362,2
449907,topknot,11_PROMPT,0,7501,2363,2
1384761,blue_hoodie,09_CLOTHING,0,7483,2364,2
5473,tape,10_PROPS,0,7470,2365,2
464537,bruise,11_PROMPT,0,7458,2366,2
520820,female_orgasm,04_PEOPLE,0,7448,2367,2
422654,gigantic_breasts,11_PROMPT,0,7436,2368,2
420744,shelf,10_PROPS,0,7432,2369,2
1447648,sailor_senshi_uniform,09_CLOTHING,0,7431,2370,2
436889,stomach_bulge,11_PROMPT,0,7421,2371,2
547348,extra_eyes,08_ANATOMY,0,7395,2372,1
418912,cum_string,11_PROMPT,0,7394,2373,2
605308,between_fingers,06_POSE,0,7393,2374,2
439891,d:,07_EXPRESSIONS,0,7385,2375,2
16739,clipboard,10_PROPS,0,7383,2376,2
8354,reclining,06_POSE,0,7382,2377,2
553870,sleeveless_jacket,09_CLOTHING,0,7382,2378,2
1505172,engrish_text,11_PROMPT,0,7377,2379,2
403477,electric_guitar,10_PROPS,0,7376,2380,2
570005,green_pants,09_CLOTHING,0,7371,2381,2
1515356,green_theme,02_COMPOSITION,0,7364,2382,2
1389146,white_neckerchief,10_PROPS,0,7364,2383,2
1428556,standing_split,06_POSE,0,7362,2384,2
329,bestiality,11_PROMPT,0,7360,2385,2
468075,jiangshi,05_CHARACTER,0,7347,2386,2
410239,superhero,04_PEOPLE,0,7335,2387,2
511642,single_sock,09_CLOTHING,0,7329,2388,2
1326581,brown_vest,09_CLOTHING,0,7322,2389,2
391915,print_panties,09_CLOTHING,0,7314,2390,2
379427,skeleton,11_PROMPT,0,7309,2391,2
467264,yawning,07_EXPRESSIONS,0,7306,2392,1
563425,waist_cape,09_CLOTHING,0,7305,2393,2
15994,shirt_pull,06_POSE,0,7302,2394,2
1262324,shared_bathing,11_PROMPT,0,7301,2395,2
495048,lily_(flower),03_ENVIROMENT,0,7300,2396,2
501384,long_braid,08_ANATOMY,0,7300,2397,2
615718,green_gloves,09_CLOTHING,0,7297,2398,2
651810,holding_card,06_POSE,0,7296,2399,2
1258905,holding_can,06_POSE,0,7296,2400,2
1393856,hooded_coat,09_CLOTHING,0,7295,2401,2
651956,clothed_male_nude_female,04_PEOPLE,0,7294,2402,1
415942,jester_cap,10_PROPS,0,7288,2403,2
614881,open_vest,09_CLOTHING,0,7283,2404,2
695377,planted,11_PROMPT,0,7267,2405,1
615970,yellow_sclera,08_ANATOMY,0,7267,2406,1
493130,plaid_shirt,09_CLOTHING,0,7266,2407,2
487850,tentacle_sex,11_PROMPT,0,7261,2408,2
1345874,weapon_on_back,10_PROPS,0,7257,2409,2
481294,detached_wings,06_POSE,0,7252,2410,2
1346561,holding_cigarette,06_POSE,0,7251,2411,2
421658,cardboard_box,10_PROPS,0,7232,2412,2
1708,sake,07_EXPRESSIONS,0,7226,2413,2
679252,solid_oval_eyes,08_ANATOMY,0,7223,2414,1
1618887,infection_monitor_(arknights),05_CHARACTER,0,7221,2415,2
480577,:|,07_EXPRESSIONS,0,7210,2416,1
4491,monocle,10_PROPS,0,7209,2417,2
492769,picture_frame,02_COMPOSITION,0,7206,2418,2
652562,book_stack,03_ENVIROMENT,0,7196,2419,2
1408307,black_blindfold,02_COMPOSITION,0,7192,2420,2
578856,pink_sweater,09_CLOTHING,0,7179,2421,1
238935,track_suit,09_CLOTHING,0,7177,2422,2
710056,fox_shadow_puppet,06_POSE,0,7177,2423,1
1303914,pink_choker,10_PROPS,0,7174,2424,2
397487,pillow_hug,06_POSE,0,7168,2425,2
1827216,cube_hair_ornament,08_ANATOMY,0,7168,2426,2
547349,heart_ahoge,07_EXPRESSIONS,0,7165,2427,2
1257578,frilled_collar,10_PROPS,0,7142,2428,2
587579,floating_object,06_POSE,0,7140,2429,2
482913,black_suit,09_CLOTHING,0,7139,2430,2
399455,poolside,03_ENVIROMENT,0,7137,2431,2
2648,nightgown,04_PEOPLE,0,7131,2432,2
408582,expressions,07_EXPRESSIONS,0,7119,2433,2
504234,punching,06_POSE,0,7113,2434,2
626633,spoken_musical_note,10_PROPS,0,7108,2435,2
432914,flat_color,02_COMPOSITION,0,7106,2436,2
375424,the_pose,06_POSE,0,7104,2437,2
706041,cross-shaped_pupils,08_ANATOMY,0,7103,2438,2
508932,side-by-side,06_POSE,0,7099,2439,2
1298744,frilled_choker,10_PROPS,0,7097,2440,2
710095,striped_bowtie,10_PROPS,0,7095,2441,2
15670,beach_umbrella,03_ENVIROMENT,0,7093,2442,2
2008674,artistic_error,02_COMPOSITION,0,7088,2443,1
464571,pillar,02_COMPOSITION,0,7085,2444,2
381678,broken,11_PROMPT,0,7083,2445,2
647130,white_necktie,10_PROPS,0,7082,2446,1
11067,jumpsuit,09_CLOTHING,0,7080,2447,2
642359,faulds,11_PROMPT,0,7079,2448,2
13859,perspective,02_COMPOSITION,0,7078,2449,2
15117,police_uniform,09_CLOTHING,0,7069,2450,2
422720,uwabaki,05_CHARACTER,0,7039,2451,2
378899,bride,11_PROMPT,0,7038,2452,2
569436,blood_on_hands,06_POSE,0,7032,2453,2
474091,downblouse,02_COMPOSITION,0,7028,2454,2
375185,doll_joints,06_POSE,0,7018,2455,2
661260,yellow_nails,08_ANATOMY,0,7006,2456,2
1347239,holding_wand,06_POSE,0,7000,2457,2
664517,kariginu,04_PEOPLE,0,6998,2458,2
2311,pregnant,11_PROMPT,0,6994,2459,2
16710,sepia,04_PEOPLE,0,6992,2460,2
713253,cross_hair_ornament,08_ANATOMY,0,6991,2461,2
656330,hands_on_own_cheeks,06_POSE,0,6987,2462,2
398857,mind_control,06_POSE,0,6987,2463,2
3249,wine,10_PROPS,0,6970,2464,2
506311,weapon_over_shoulder,06_POSE,0,6962,2465,2
473775,pointy_hair,08_ANATOMY,0,6960,2466,2
841221,very_dark_skin,08_ANATOMY,0,6959,2467,1
1243442,competition_school_swimsuit,09_CLOTHING,0,6953,2468,2
471574,over-kneehighs,06_POSE,0,6946,2469,2
202427,3:00,02_COMPOSITION,0,6936,2470,2
1275190,twisted_torso,09_CLOTHING,0,6932,2471,2
507496,chess_piece,02_COMPOSITION,0,6930,2472,2
512713,aqua_bow,10_PROPS,0,6927,2473,2
1669073,official_alternate_hair_length,08_ANATOMY,0,6926,2474,1
784749,leotard_under_clothes,09_CLOTHING,0,6914,2475,1
4547,lowleg_panties,09_CLOTHING,0,6905,2476,1
420311,\m/,06_POSE,0,6904,2477,1
474717,front_ponytail,08_ANATOMY,0,6893,2478,2
608355,karakasa_obake,05_CHARACTER,0,6893,2479,2
377360,take_your_pick,11_PROMPT,0,6891,2480,2
821048,pink_hairband,10_PROPS,0,6890,2481,2
511691,sweater_lift,11_PROMPT,0,6890,2482,1
498646,crack,11_PROMPT,0,6889,2483,2
545740,taut_shirt,09_CLOTHING,0,6884,2484,2
11458,baseball_bat,11_PROMPT,0,6884,2485,2
707075,tile_wall,03_ENVIROMENT,0,6875,2486,2
393283,orb,10_PROPS,0,6874,2487,2
383707,pun,11_PROMPT,0,6870,2488,2
633774,bandaid_on_nose,10_PROPS,0,6866,2489,2
476548,pinky_out,11_PROMPT,0,6839,2490,2
412879,playing_games,03_ENVIROMENT,0,6838,2491,2
41161,street,03_ENVIROMENT,0,6837,2492,2
9449,internal_cumshot,11_PROMPT,0,6827,2493,2
377,mouse,11_PROMPT,0,6812,2494,2
2282,footjob,06_POSE,0,6807,2495,2
639323,skull_hair_ornament,08_ANATOMY,0,6801,2496,2
414161,cum_on_ass,11_PROMPT,0,6796,2497,2
727102,hand_on_own_stomach,06_POSE,0,6790,2498,2
549705,red_bodysuit,09_CLOTHING,0,6771,2499,2
603226,heart_print,10_PROPS,0,6764,2500,2
660644,heart_cutout,11_PROMPT,0,6764,2501,2
9894,lap_pillow,10_PROPS,0,6759,2502,2
391704,pervert,04_PEOPLE,0,6759,2503,2
6413,uterus,11_PROMPT,0,6758,2504,2
216327,shy,11_PROMPT,0,6744,2505,2
440458,xd,07_EXPRESSIONS,0,6738,2506,1
568318,bokeh,02_COMPOSITION,0,6733,2507,1
580402,plaid_scarf,09_CLOTHING,0,6724,2508,1
473022,side_braids,08_ANATOMY,0,6720,2509,1
398955,flower_field,03_ENVIROMENT,0,6716,2510,1
3767,laptop,10_PROPS,0,6714,2511,1
546417,girl_sandwich,02_COMPOSITION,0,6714,2512,1
540619,holding_hat,11_PROMPT,0,6708,2513,1
502421,glaring,07_EXPRESSIONS,0,6708,2514,1
495851,open_hoodie,09_CLOTHING,0,6700,2515,1
471598,tail_bow,10_PROPS,0,6699,2516,1
425624,charm_(object),10_PROPS,0,6698,2517,1
473214,red_bra,09_CLOTHING,0,6696,2518,1
473283,purple_bra,09_CLOTHING,0,6694,2519,1
1590671,chest_harness,09_CLOTHING,0,6690,2520,1
582827,adjusting_headwear,06_POSE,0,6684,2521,1
1468296,beamed_eighth_notes,11_PROMPT,0,6682,2522,1
1312162,short_necktie,10_PROPS,0,6677,2523,1
485638,blood_splatter,11_PROMPT,0,6660,2524,2
655244,cross_earrings,10_PROPS,0,6657,2525,2
1429011,holding_candy,06_POSE,0,6654,2526,2
545136,coat_on_shoulders,09_CLOTHING,0,6644,2527,2
1168235,halter_dress,09_CLOTHING,0,6639,2528,2
1875949,lower_teeth_only,08_ANATOMY,0,6637,2529,2
1425519,tokiwadai_school_uniform,09_CLOTHING,0,6634,2530,2
466986,horn_ribbon,10_PROPS,0,6631,2531,2
439983,knees,06_POSE,0,6628,2532,2
1483713,multiple_rings,10_PROPS,0,6626,2533,2
10367,prosthesis,10_PROPS,0,6621,2534,2
422021,cow_tail,08_ANATOMY,0,6617,2535,2
1276067,floppy_ears,08_ANATOMY,0,6612,2536,2
3516,river,03_ENVIROMENT,0,6609,2537,2
456272,dog_tags,10_PROPS,0,6605,2538,2
388210,gold,11_PROMPT,0,6604,2539,2
2806,exhibitionism,11_PROMPT,0,6596,2540,2
1405351,mountainous_horizon,03_ENVIROMENT,0,6594,2541,2
609685,two-tone_skin,08_ANATOMY,0,6592,2542,2
381455,shopping_bag,09_CLOTHING,0,6589,2543,2
460159,body_blush,11_PROMPT,0,6589,2544,2
695469,plaid_bow,10_PROPS,0,6586,2545,2
448399,dougi,04_PEOPLE,0,6576,2546,2
434225,purple_lips,08_ANATOMY,0,6576,2547,2
1450868,chaldea_uniform,09_CLOTHING,0,6570,2548,2
1616,kotatsu,05_CHARACTER,0,6568,2549,2
399265,fat_mons,04_PEOPLE,0,6566,2550,2
665797,hand_on_own_ass,06_POSE,0,6565,2551,2
1631734,single_mechanical_arm,06_POSE,0,6563,2552,2
1394528,single_sidelock,06_POSE,0,6556,2553,2
455753,leg_warmers,09_CLOTHING,0,6540,2554,2
474502,explosive,11_PROMPT,0,6537,2555,2
2786,loincloth,09_CLOTHING,0,6534,2556,2
474204,frilled_thighhighs,09_CLOTHING,0,6524,2557,1
409832,robot_joints,06_POSE,0,6523,2558,2
379609,bra_pull,06_POSE,0,6518,2559,2
524012,pinstripe_pattern,10_PROPS,0,6515,2560,2
1312163,purple_necktie,10_PROPS,0,6504,2561,1
468509,paper_lantern,03_ENVIROMENT,0,6503,2562,2
486149,military_jacket,09_CLOTHING,0,6502,2563,2
2083,meat,11_PROMPT,0,6499,2564,2
399834,forehead_protector,08_ANATOMY,0,6499,2565,2
509953,holding_paper,06_POSE,0,6489,2566,2
389066,castle,03_ENVIROMENT,0,6488,2567,2
1397752,two-tone_shirt,09_CLOTHING,0,6486,2568,2
646772,solid_circle_eyes,08_ANATOMY,0,6480,2569,1
1076628,holding_ball,06_POSE,0,6477,2570,2
1444169,yellow_headwear,09_CLOTHING,0,6476,2571,2
9127,dango,04_PEOPLE,0,6473,2572,2
491550,lanyard,10_PROPS,0,6463,2573,2
1424093,otonokizaka_school_uniform,09_CLOTHING,0,6460,2574,2
438177,father_and_daughter,04_PEOPLE,0,6448,2575,2
11935,whistle,11_PROMPT,0,6445,2576,2
623331,company_connection,11_PROMPT,0,6443,2577,2
1269471,leg_tattoo,08_ANATOMY,0,6442,2578,2
1335474,sleeves_past_elbows,06_POSE,0,6441,2579,2
539284,heart_pasties,11_PROMPT,0,6437,2580,2
585249,faceless_female,04_PEOPLE,0,6431,2581,1
1399176,two-tone_fur,08_ANATOMY,0,6428,2582,2
577266,chain-link_fence,10_PROPS,0,6426,2583,2
415545,twilight,03_ENVIROMENT,0,6426,2584,2
379975,bound_legs,06_POSE,0,6422,2585,2
1393858,white_camisole,09_CLOTHING,0,6416,2586,2
1398817,thighhighs_under_boots,11_PROMPT,0,6412,2587,1
511644,single_wing,08_ANATOMY,0,6410,2588,2
398888,vase,11_PROMPT,0,6408,2589,2
471020,covering_face,11_PROMPT,0,6385,2590,2
4174,tomboy,04_PEOPLE,0,6381,2591,2
3288,penguin,11_PROMPT,0,6380,2592,2
494456,utility_pole,10_PROPS,0,6380,2593,2
466779,belt_collar,10_PROPS,0,6378,2594,2
1281052,brown_bow,10_PROPS,0,6373,2595,2
1251890,suggestive_fluid,11_PROMPT,0,6355,2596,2
1915972,medium_bangs,08_ANATOMY,0,6351,2597,2
389995,red_wings,10_PROPS,0,6329,2598,2
424779,thigh_holster,10_PROPS,0,6325,2599,1
6188,dressing,09_CLOTHING,0,6320,2600,2
410885,skyscraper,03_ENVIROMENT,0,6307,2601,2
379597,shorts_pull,06_POSE,0,6306,2602,2
388072,costume_switch,09_CLOTHING,0,6304,2603,2
4119,suitcase,09_CLOTHING,0,6304,2604,2
623300,bubble_skirt,09_CLOTHING,0,6301,2605,2
891436,food_focus,02_COMPOSITION,0,6299,2606,2
375037,striped_socks,09_CLOTHING,0,6294,2607,2
507242,monster_boy,04_PEOPLE,0,6292,2608,1
1531697,mismatched_pupils,08_ANATOMY,0,6291,2609,2
460488,feet_up,06_POSE,0,6288,2610,2
9469,noodles,10_PROPS,0,6266,2611,2
882518,blue_butterfly,02_COMPOSITION,0,6259,2612,2
1587249,oripathy_lesion_(arknights),08_ANATOMY,0,6259,2613,2
399073,waistcoat,09_CLOTHING,0,6250,2614,2
10495,cowboy_hat,10_PROPS,0,6247,2615,2
413907,;p,07_EXPRESSIONS,0,6240,2616,1
5086,whip,10_PROPS,0,6238,2617,2
525997,print_dress,09_CLOTHING,0,6235,2618,2
439147,cum_on_tongue,11_PROMPT,0,6224,2619,2
396696,evening,03_ENVIROMENT,0,6224,2620,2
460438,damaged,11_PROMPT,0,6223,2621,2
387233,paper_fan,02_COMPOSITION,0,6220,2622,2
383172,train_interior,03_ENVIROMENT,0,6216,2623,2
5814,autumn,11_PROMPT,0,6214,2624,1
717483,flower-shaped_pupils,08_ANATOMY,0,6214,2625,2
1336152,asymmetrical_sleeves,09_CLOTHING,0,6212,2626,1
1234394,see-through_shirt,09_CLOTHING,0,6210,2627,2
2006747,unworn_clothes,09_CLOTHING,0,6204,2628,2
407260,polka_dot_panties,09_CLOTHING,0,6203,2629,2
12438,grapes,11_PROMPT,0,6199,2630,1
1747766,lapels,11_PROMPT,0,6198,2631,2
406023,projectile_cum,11_PROMPT,0,6198,2632,2
481812,teardrop,11_PROMPT,0,6197,2633,2
1392010,blue_bodysuit,09_CLOTHING,0,6194,2634,2
449465,firing,11_PROMPT,0,6189,2635,2
172313,time_paradox,03_ENVIROMENT,0,6180,2636,2
2688,knight,05_CHARACTER,0,6179,2637,2
1553182,grabbing_another's_hair,06_POSE,0,6172,2638,2
10045,family,11_PROMPT,0,6172,2639,2
416506,torn_pants,09_CLOTHING,0,6172,2640,2
1258923,star_in_eye,08_ANATOMY,0,6170,2641,2
672073,brown_fur,08_ANATOMY,0,6154,2642,2
1972174,holding_removed_eyewear,06_POSE,0,6149,2643,2
564680,print_pantyhose,09_CLOTHING,0,6147,2644,2
723993,bird_tail,08_ANATOMY,0,6138,2645,2
7818,anal_beads,10_PROPS,0,6130,2646,1
668478,holding_pen,06_POSE,0,6130,2647,2
568650,grey_pantyhose,09_CLOTHING,0,6124,2648,2
533114,turn_pale,02_COMPOSITION,0,6124,2649,2
375456,zombie,04_PEOPLE,0,6123,2650,1
483292,gradient_eyes,08_ANATOMY,0,6117,2651,1
1559670,cow_print_bikini,09_CLOTHING,0,6114,2652,2
10322,albino,04_PEOPLE,0,6113,2653,1
406885,thong_bikini,09_CLOTHING,0,6110,2654,2
1576265,bra_visible_through_clothes,09_CLOTHING,0,6106,2655,2
634063,flag_print,11_PROMPT,0,6104,2656,2
582261,unmoving_pattern,11_PROMPT,0,6103,2657,2
450547,water_gun,10_PROPS,0,6091,2658,2
1411020,white_bloomers,03_ENVIROMENT,0,6082,2659,2
538432,full_armor,09_CLOTHING,0,6077,2660,2
413872,breast_envy,11_PROMPT,0,6075,2661,2
498156,panty_peek,11_PROMPT,0,6075,2662,2
430114,popped_collar,10_PROPS,0,6071,2663,2
1714873,chest_sarashi,11_PROMPT,0,6067,2664,2
407913,bursting_breasts,11_PROMPT,0,6064,2665,2
821623,female_pervert,04_PEOPLE,0,6062,2666,2
2364,onigiri,05_CHARACTER,0,6062,2667,2
302968,wet_panties,09_CLOTHING,0,6058,2668,2
11062,fox,04_PEOPLE,0,6055,2669,2
1385298,animal_ear_headphones,10_PROPS,0,6049,2670,1
4440,wolf,04_PEOPLE,0,6033,2671,2
1256968,swivel_chair,06_POSE,0,6029,2672,2
418178,waves,03_ENVIROMENT,0,6025,2673,2
618610,yellow_gloves,09_CLOTHING,0,6020,2674,2
291535,pearl_necklace,10_PROPS,0,6020,2675,2
430739,large_bow,10_PROPS,0,6018,2676,2
1356896,armpit_peek,11_PROMPT,0,6017,2677,1
1286651,heart-shaped_box,10_PROPS,0,6014,2678,2
725289,multicolored_nails,08_ANATOMY,0,6014,2679,2
1322968,old_school_swimsuit,09_CLOTHING,0,6008,2680,2
432947,no_socks,09_CLOTHING,0,6006,2681,2
417653,convenient_leg,06_POSE,0,5990,2682,2
438648,stand_(jojo),05_CHARACTER,0,5986,2683,2
1313101,green_bowtie,10_PROPS,0,5983,2684,2
405409,tail_ribbon,10_PROPS,0,5982,2685,2
605808,snout,08_ANATOMY,0,5975,2686,2
1409996,flower_knot,10_PROPS,0,5971,2687,2
427529,fat_man,04_PEOPLE,0,5967,2688,2
512126,shushing,11_PROMPT,0,5965,2689,2
405861,rose_petals,11_PROMPT,0,5963,2690,2
1390882,blue_sleeves,09_CLOTHING,0,5963,2691,2
374357,yandere,05_CHARACTER,0,5953,2692,2
626701,bird_ears,08_ANATOMY,0,5947,2693,2
1419007,stirrup_legwear,09_CLOTHING,0,5938,2694,2
4022,maebari,05_CHARACTER,0,5936,2695,2
521411,husband_and_wife,11_PROMPT,0,5934,2696,2
1454257,2others,04_PEOPLE,0,5933,2697,1
1289945,orange_jacket,09_CLOTHING,0,5927,2698,2
1378403,purple_leotard,09_CLOTHING,0,5915,2699,2
591983,disembodied_penis,11_PROMPT,0,5914,2700,2
433344,pussy_peek,11_PROMPT,0,5912,2701,2
403588,pink_skin,08_ANATOMY,0,5909,2702,2
1590430,squatting_cowgirl_position,06_POSE,0,5894,2703,2
669436,streaming_tears,07_EXPRESSIONS,0,5888,2704,2
546453,cat_boy,04_PEOPLE,0,5886,2705,1
10205,notebook,03_ENVIROMENT,0,5879,2706,2
459940,beer_mug,10_PROPS,0,5878,2707,2
584023,shark_girl,04_PEOPLE,0,5876,2708,2
456933,microphone_stand,10_PROPS,0,5875,2709,2
1345564,partially_unzipped,09_CLOTHING,0,5871,2710,2
626243,aiguillette,09_CLOTHING,0,5866,2711,1
1574241,dolphin_shorts,09_CLOTHING,0,5865,2712,2
3778,amputee,06_POSE,0,5857,2713,2
379182,energy,03_ENVIROMENT,0,5857,2714,2
531372,mouse_girl,04_PEOPLE,0,5848,2715,1
1639310,arthropod_girl,04_PEOPLE,0,5848,2716,1
1295644,vertical-striped_shirt,09_CLOTHING,0,5847,2717,2
410928,multiple_4koma,02_COMPOSITION,0,5846,2718,2
449974,fur_hat,10_PROPS,0,5846,2719,2
8475,bicycle,03_ENVIROMENT,0,5839,2720,2
1413412,obijime,05_CHARACTER,0,5834,2721,2
2025918,mixed-sex_bathing,11_PROMPT,0,5830,2722,2
1555383,fur-trimmed_headwear,08_ANATOMY,0,5830,2723,2
419682,bra_strap,09_CLOTHING,0,5828,2724,2
479932,strap_pull,06_POSE,0,5826,2725,2
677008,school_chair,06_POSE,0,5815,2726,2
476779,ice_cream_cone,10_PROPS,0,5815,2727,2
568513,animal_on_shoulder,11_PROMPT,0,5808,2728,1
492418,orange_dress,09_CLOTHING,0,5807,2729,2
1303985,blue_buruma,02_COMPOSITION,0,5804,2730,2
1537333,interface_headset,10_PROPS,0,5800,2731,2
1285261,pink_necktie,10_PROPS,0,5800,2732,1
673216,toeless_footwear,09_CLOTHING,0,5797,2733,2
394179,crotchless,09_CLOTHING,0,5794,2734,2
477117,raised_eyebrow,08_ANATOMY,0,5790,2735,2
648630,boy_on_top,04_PEOPLE,0,5786,2736,2
554588,suit_jacket,09_CLOTHING,0,5785,2737,2
12858,bone,10_PROPS,0,5783,2738,2
475381,striped_scarf,09_CLOTHING,0,5778,2739,2
380477,whiskers,08_ANATOMY,0,5777,2740,2
626303,mismatched_gloves,09_CLOTHING,0,5771,2741,2
6328,chick,04_PEOPLE,0,5760,2742,2
177781,cane,10_PROPS,0,5759,2743,2
1356361,grey_vest,09_CLOTHING,0,5756,2744,2
248665,money,11_PROMPT,0,5754,2745,2
473292,blue_socks,09_CLOTHING,0,5750,2746,2
410903,black_skin,08_ANATOMY,0,5743,2747,2
461563,poster_(object),02_COMPOSITION,0,5739,2748,2
619558,peeking_out,11_PROMPT,0,5734,2749,2
1411717,medium_skirt,09_CLOTHING,0,5729,2750,2
613923,argyle_legwear,09_CLOTHING,0,5729,2751,1
675901,frilled_hat,10_PROPS,0,5727,2752,2
423823,ship,11_PROMPT,0,5725,2753,2
547742,open_hands,06_POSE,0,5722,2754,2
526806,tengu-geta,05_CHARACTER,0,5718,2755,2
482236,striped_skirt,09_CLOTHING,0,5715,2756,2
55663,danmaku,05_CHARACTER,0,5713,2757,2
656163,hand_on_another's_cheek,06_POSE,0,5708,2758,2
496288,orange_(fruit),10_PROPS,0,5708,2759,2
698475,showgirl_skirt,09_CLOTHING,0,5705,2760,2
561421,striped_ribbon,10_PROPS,0,5703,2761,2
415277,recording,06_POSE,0,5695,2762,2
390,demon,04_PEOPLE,0,5694,2763,2
429487,double_handjob,06_POSE,0,5683,2764,2
1471843,waist_bow,09_CLOTHING,0,5677,2765,2
374989,quiver,10_PROPS,0,5672,2766,2
360746,waking_up,11_PROMPT,0,5664,2767,2
3045,alien,03_ENVIROMENT,0,5660,2768,2
520554,blue_fire,02_COMPOSITION,0,5654,2769,2
1505313,romaji_text,05_CHARACTER,0,5651,2770,2
559442,red_buruma,02_COMPOSITION,0,5641,2771,2
673956,falling_leaves,03_ENVIROMENT,0,5640,2772,2
1632773,heart-shaped_chocolate,10_PROPS,0,5627,2773,2
1389971,nintendo_switch,02_COMPOSITION,0,5622,2774,2
578948,closed_umbrella,03_ENVIROMENT,0,5620,2775,2
1497310,button_gap,06_POSE,0,5613,2776,2
494868,black_cloak,09_CLOTHING,0,5610,2777,2
15294,lightning,03_ENVIROMENT,0,5608,2778,2
494896,hydrangea,03_ENVIROMENT,0,5603,2779,2
494236,taking_picture,02_COMPOSITION,0,5601,2780,2
5723,fedora,04_PEOPLE,0,5594,2781,2
1518573,cable_knit,09_CLOTHING,0,5589,2782,2
1319919,hands_on_own_knees,06_POSE,0,5587,2783,2
405981,breast_suppress,09_CLOTHING,0,5584,2784,2
724241,holding_camera,06_POSE,0,5583,2785,2
7469,revolver,10_PROPS,0,5578,2786,2
684687,grabbing_own_ass,06_POSE,0,5574,2787,2
571473,bandaid_on_knee,09_CLOTHING,0,5574,2788,2
686687,hatching_(texture),08_ANATOMY,0,5567,2789,2
459964,unsheathing,11_PROMPT,0,5562,2790,2
1631539,slime_(substance),11_PROMPT,0,5556,2791,2
516128,backboob,11_PROMPT,0,5555,2792,2
613646,on_desk,06_POSE,0,5550,2793,2
485999,coffee_mug,10_PROPS,0,5544,2794,2
1492952,super_crown,10_PROPS,0,5542,2795,2
1453261,low_twin_braids,08_ANATOMY,0,5536,2796,2
11990,spring_onion,10_PROPS,0,5533,2797,2
1498357,single_leg_pantyhose,09_CLOTHING,0,5533,2798,2
1399133,grey_cardigan,09_CLOTHING,0,5533,2799,2
8594,ladle,11_PROMPT,0,5531,2800,2
390918,elbow_pads,06_POSE,0,5531,2801,2
10049,crotch,09_CLOTHING,0,5530,2802,2
473251,print_thighhighs,09_CLOTHING,0,5527,2803,1
399003,skinny,04_PEOPLE,0,5522,2804,2
423074,photo_background,02_COMPOSITION,0,5521,2805,2
517481,winter_coat,09_CLOTHING,0,5519,2806,2
1304117,yellow_sweater,09_CLOTHING,0,5513,2807,1
1406853,serval_print,05_CHARACTER,0,5512,2808,2
400837,crazy_eyes,08_ANATOMY,0,5505,2809,1
1328649,orange_flower,03_ENVIROMENT,0,5500,2810,2
1298903,half-closed_eye,08_ANATOMY,0,5497,2811,2
1309652,holding_strap,06_POSE,0,5496,2812,2
1847367,see-through_cleavage,11_PROMPT,0,5493,2813,2
466143,wine_bottle,10_PROPS,0,5490,2814,2
657475,back_cutout,06_POSE,0,5479,2815,2
1437532,two-tone_jacket,09_CLOTHING,0,5478,2816,2
511643,single_elbow_glove,06_POSE,0,5469,2817,2
535048,humanization,02_COMPOSITION,0,5468,2818,2
378695,statue,03_ENVIROMENT,0,5453,2819,2
500976,netorare,05_CHARACTER,0,5449,2820,2
449502,dimples_of_venus,03_ENVIROMENT,0,5448,2821,2
648045,sideways_mouth,06_POSE,0,5446,2822,2
505613,thigh_grab,06_POSE,0,5440,2823,1
405636,locker,09_CLOTHING,0,5439,2824,2
683424,cat_hair_ornament,08_ANATOMY,0,5438,2825,2
1302924,yellow_shorts,09_CLOTHING,0,5434,2826,1
396968,reverse_trap,06_POSE,0,5433,2827,2
1330707,cake_slice,11_PROMPT,0,5423,2828,2
9172,kitchen,03_ENVIROMENT,0,5419,2829,2
684169,ambiguous_gender,11_PROMPT,0,5418,2830,1
502180,blue_wings,10_PROPS,0,5412,2831,2
7770,naked_ribbon,10_PROPS,0,5406,2832,2
98920,starfish,03_ENVIROMENT,0,5404,2833,2
513605,colored_pencil_(medium),08_ANATOMY,0,5404,2834,2
510943,orange_bikini,09_CLOTHING,0,5400,2835,2
538327,black_flower,03_ENVIROMENT,0,5397,2836,2
500990,torn_dress,09_CLOTHING,0,5397,2837,2
9857,throne,03_ENVIROMENT,0,5395,2838,2
3152,lance,11_PROMPT,0,5391,2839,2
1373278,black_ascot,09_CLOTHING,0,5391,2840,2
1263450,print_skirt,09_CLOTHING,0,5390,2841,2
7529,ringlets,10_PROPS,0,5379,2842,2
392453,butterfly_wings,08_ANATOMY,0,5378,2843,2
13099,hot,11_PROMPT,0,5371,2844,2
1512867,multiple_hair_bows,08_ANATOMY,0,5364,2845,2
10332,crow,11_PROMPT,0,5363,2846,2
616137,reverse_grip,06_POSE,0,5358,2847,2
1262158,holding_broom,06_POSE,0,5357,2848,2
375919,demon_boy,04_PEOPLE,0,5357,2849,1
1770615,red_gemstone,10_PROPS,0,5356,2850,2
599652,spoken_blush,07_EXPRESSIONS,0,5354,2851,2
105306,condom_in_mouth,11_PROMPT,0,5351,2852,2
375076,crowd,04_PEOPLE,0,5350,2853,1
2006749,unworn_jacket,09_CLOTHING,0,5338,2854,2
537720,track_pants,09_CLOTHING,0,5337,2855,2
419496,male_masturbation,11_PROMPT,0,5336,2856,2
1492981,bikini_bottom_aside,09_CLOTHING,0,5336,2857,2
1291919,holding_shield,06_POSE,0,5328,2858,2
579607,towel_around_neck,10_PROPS,0,5327,2859,2
596219,sagging_breasts,06_POSE,0,5319,2860,2
515350,knees_to_chest,06_POSE,0,5315,2861,2
667200,hand_on_another's_chin,06_POSE,0,5312,2862,2
1235097,blood_on_weapon,10_PROPS,0,5307,2863,2
674492,dress_bow,09_CLOTHING,0,5302,2864,2
4568,crab,10_PROPS,0,5301,2865,2
548543,arm_hair,08_ANATOMY,0,5299,2866,2
431528,gears,10_PROPS,0,5292,2867,2
85824,pole,10_PROPS,0,5288,2868,2
640153,muted_color,02_COMPOSITION,0,5285,2869,2
1400488,pink_neckerchief,10_PROPS,0,5280,2870,2
1389116,red_scrunchie,09_CLOTHING,0,5270,2871,2
5094,snowman,04_PEOPLE,0,5265,2872,2
376585,stick,11_PROMPT,0,5263,2873,2
1391985,grey_hoodie,09_CLOTHING,0,5260,2874,2
616844,blood_from_mouth,11_PROMPT,0,5246,2875,2
473410,dragon_wings,10_PROPS,0,5239,2876,2
1291900,yellow_fur,08_ANATOMY,0,5235,2877,2
1862825,one-piece_swimsuit_pull,09_CLOTHING,0,5232,2878,2
400555,business_suit,09_CLOTHING,0,5231,2879,2
356574,tower,03_ENVIROMENT,0,5227,2880,2
1319842,forked_eyebrows,08_ANATOMY,0,5227,2881,2
12857,wedgie,11_PROMPT,0,5226,2882,2
394795,baggy_pants,09_CLOTHING,0,5225,2883,2
1328598,holding_bowl,06_POSE,0,5224,2884,2
1344144,metal_collar,10_PROPS,0,5219,2885,2
2006753,unworn_mask,09_CLOTHING,0,5210,2886,2
415839,armchair,10_PROPS,0,5209,2887,1
441477,defeat,07_EXPRESSIONS,0,5209,2888,2
387742,gourd,11_PROMPT,0,5208,2889,2
1341593,bandaged_hand,06_POSE,0,5202,2890,2
9176,boat,03_ENVIROMENT,0,5202,2891,2
12570,armpit_hair,08_ANATOMY,0,5201,2892,2
1337096,white_vest,09_CLOTHING,0,5197,2893,2
485218,trading_card,10_PROPS,0,5197,2894,2
2476,hose,11_PROMPT,0,5196,2895,2
391942,long_tongue,08_ANATOMY,0,5194,2896,2
392700,machine_gun,10_PROPS,0,5192,2897,2
631542,pointing_at_self,06_POSE,0,5187,2898,2
11620,spread_anus,11_PROMPT,0,5184,2899,2
1396558,frilled_hair_tubes,08_ANATOMY,0,5180,2900,2
151645,evil_grin,07_EXPRESSIONS,0,5168,2901,2
415000,impossible_shirt,09_CLOTHING,0,5162,2902,2
553763,unbuttoned_shirt,09_CLOTHING,0,5161,2903,2
1582503,scar_on_chest,11_PROMPT,0,5159,2904,2
398219,breast_lift,06_POSE,0,5154,2905,2
400542,road_sign,03_ENVIROMENT,0,5148,2906,2
394089,lock,11_PROMPT,0,5148,2907,2
1422082,digimon_(creature),05_CHARACTER,0,5145,2908,2
1229697,drop_shadow,02_COMPOSITION,0,5141,2909,2
1528415,roswaal_mansion_maid_uniform,09_CLOTHING,0,5137,2910,2
1408536,holding_lollipop,06_POSE,0,5134,2911,2
1515362,yellow_theme,02_COMPOSITION,0,5133,2912,1
463152,poking,06_POSE,0,5128,2913,2
1421763,blue_capelet,09_CLOTHING,0,5126,2914,2
399131,barcode,10_PROPS,0,5122,2915,2
2073,hairpods,08_ANATOMY,0,5121,2916,2
6280,waterfall,03_ENVIROMENT,0,5114,2917,2
1636976,footwear_bow,09_CLOTHING,0,5112,2918,2
396001,pocket_watch,10_PROPS,0,5107,2919,2
7444,dark_elf,05_CHARACTER,0,5105,2920,1
524552,shiny_pokemon,05_CHARACTER,0,5102,2921,2
1338623,purple_hairband,10_PROPS,0,5095,2922,2
4855,school,03_ENVIROMENT,0,5090,2923,2
4898,baby,11_PROMPT,0,5087,2924,2
464548,clone,11_PROMPT,0,5085,2925,2
535308,body_markings,08_ANATOMY,0,5081,2926,2
188179,letter,11_PROMPT,0,5077,2927,2
667663,elbow_rest,06_POSE,0,5076,2928,2
1477193,lightning_bolt_symbol,10_PROPS,0,5075,2929,2
3997,landscape,03_ENVIROMENT,0,5070,2930,2
522913,multiple_wings,10_PROPS,0,5069,2931,2
483830,imagining,11_PROMPT,0,5067,2932,2
386870,trident,10_PROPS,0,5066,2933,2
466061,album_cover,02_COMPOSITION,0,5063,2934,2
560881,soap_bubbles,11_PROMPT,0,5056,2935,2
550765,wrist_ribbon,10_PROPS,0,5054,2936,2
1533927,garreg_mach_monastery_uniform,09_CLOTHING,0,5047,2937,2
566804,single_sleeve,09_CLOTHING,0,5045,2938,2
570382,hands_in_hair,08_ANATOMY,0,5042,2939,2
437197,surgical_mask,10_PROPS,0,5038,2940,2
572,toilet,11_PROMPT,0,5036,2941,2
584126,pointing_up,06_POSE,0,5035,2942,2
1950723,unconventional_maid,04_PEOPLE,0,5031,2943,2
446993,open_collar,10_PROPS,0,5030,2944,2
8591,bustier,11_PROMPT,0,5029,2945,2
663513,brown_bag,09_CLOTHING,0,5027,2946,2
1376523,weibo_username,11_PROMPT,0,5026,2947,2
589889,v_over_eye,11_PROMPT,0,5025,2948,2
649248,red_pupils,08_ANATOMY,0,5021,2949,2
380931,pirate_hat,10_PROPS,0,5018,2950,2
492359,towel_on_head,06_POSE,0,5009,2951,2
1312340,red_rope,10_PROPS,0,5009,2952,2
406620,pouring,11_PROMPT,0,5006,2953,2
596179,anal_tail,08_ANATOMY,0,5006,2954,2
1280405,sleeveless_kimono,09_CLOTHING,0,5006,2955,2
1670357,furry_with_non-furry,08_ANATOMY,0,5004,2956,2
432388,leather_jacket,09_CLOTHING,0,5001,2957,2
475366,trench_coat,09_CLOTHING,0,4995,2958,2
1518440,mouth_drool,08_ANATOMY,0,4988,2959,2
429161,paizuri_under_clothes,09_CLOTHING,0,4980,2960,2
1320211,orange_bowtie,10_PROPS,0,4977,2961,2
1416797,pink_cardigan,09_CLOTHING,0,4974,2962,2
661261,planted_sword,05_CHARACTER,0,4972,2963,2
684190,gradient_sky,03_ENVIROMENT,0,4972,2964,2
550308,>:(,07_EXPRESSIONS,0,4971,2965,1
1524489,looking_at_object,11_PROMPT,0,4968,2966,1
1516548,orange_headwear,10_PROPS,0,4967,2967,1
643102,loose_necktie,10_PROPS,0,4962,2968,1
1794320,bow-shaped_hair,08_ANATOMY,0,4948,2969,1
405756,hypnosis,11_PROMPT,0,4946,2970,1
4478,bodypaint,11_PROMPT,0,4941,2971,1
395984,dress_pull,11_PROMPT,0,4937,2972,1
464541,bullet,10_PROPS,0,4931,2973,1
1246561,brown_scarf,10_PROPS,0,4929,2974,1
406397,against_glass,11_PROMPT,0,4913,2975,1
6453,death,11_PROMPT,0,4911,2976,1
539090,imminent_rape,11_PROMPT,0,4910,2977,1
383468,lowleg_bikini,09_CLOTHING,0,4902,2978,2
1409115,green_sailor_collar,09_CLOTHING,0,4902,2979,2
1257056,holding_towel,06_POSE,0,4895,2980,2
618153,pink_scarf,09_CLOTHING,0,4893,2981,2
1409116,red_sailor_collar,05_CHARACTER,0,4890,2982,2
6381,clover,11_PROMPT,0,4888,2983,2
451769,toe_scrunch,09_CLOTHING,0,4886,2984,2
431758,locked_arms,06_POSE,0,4886,2985,2
586284,heart_background,02_COMPOSITION,0,4879,2986,2
395355,fusion,02_COMPOSITION,0,4879,2987,2
754200,oppai_loli,05_CHARACTER,0,4868,2988,2
1342157,fur-trimmed_boots,09_CLOTHING,0,4864,2989,2
404134,spread_ass,11_PROMPT,0,4863,2990,2
716981,holding_own_arm,06_POSE,0,4851,2991,2
990162,heart_in_eye,07_EXPRESSIONS,0,4847,2992,2
1256300,multicolored_skirt,09_CLOTHING,0,4845,2993,2
1444529,linea_alba,11_PROMPT,0,4843,2994,2
408052,gym_shorts,09_CLOTHING,0,4839,2995,2
383694,jar,11_PROMPT,0,4836,2996,2
649373,command_spell,05_CHARACTER,0,4836,2997,2
488003,leg_hair,08_ANATOMY,0,4831,2998,2
411896,no_nipples,08_ANATOMY,0,4830,2999,2
662240,mini_wings,10_PROPS,0,4829,3000,2
3093,bear,04_PEOPLE,0,4829,3001,2
1229660,multiple_horns,10_PROPS,0,4828,3002,2
481427,steepled_fingers,06_POSE,0,4824,3003,2
1307533,carrot_hair_ornament,08_ANATOMY,0,4819,3004,2
473300,mandarin_orange,09_CLOTHING,0,4819,3005,2
394046,power_armor,09_CLOTHING,0,4817,3006,2
1374290,covered_collarbone,09_CLOTHING,0,4812,3007,2
380538,bubble_blowing,11_PROMPT,0,4812,3008,2
54471,midair,06_POSE,0,4810,3009,2
1205954,looking_at_penis,11_PROMPT,0,4808,3010,2
426470,silk,11_PROMPT,0,4807,3011,2
374379,hairy,08_ANATOMY,0,4805,3012,2
4069,sailor,04_PEOPLE,0,4804,3013,2
581054,keyboard_(computer),10_PROPS,0,4801,3014,2
644588,long_eyelashes,08_ANATOMY,0,4797,3015,2
1468959,horror_(theme),02_COMPOSITION,0,4790,3016,2
1298076,winged_arms,06_POSE,0,4789,3017,2
376168,puddle,03_ENVIROMENT,0,4788,3018,2
639592,heart_necklace,10_PROPS,0,4787,3019,2
375225,flaccid,11_PROMPT,0,4784,3020,2
675353,frilled_gloves,06_POSE,0,4781,3021,2
426587,yellow_panties,09_CLOTHING,0,4778,3022,2
2606,milk,11_PROMPT,0,4777,3023,2
1376935,blue_ascot,10_PROPS,0,4768,3024,2
660422,leaning_on_person,06_POSE,0,4763,3025,2
589477,argyle_background,02_COMPOSITION,0,4757,3026,1
1335364,stomach_tattoo,10_PROPS,0,4757,3027,2
482941,flight_deck,03_ENVIROMENT,0,4757,3028,2
541609,open_door,03_ENVIROMENT,0,4755,3029,2
1161088,2021,02_COMPOSITION,0,4746,3030,1
677023,underboob_cutout,11_PROMPT,0,4745,3031,2
584478,leaf_print,03_ENVIROMENT,0,4742,3032,2
638426,arm_belt,06_POSE,0,4740,3033,1
486797,unsheathed,06_POSE,0,4731,3034,2
589286,purple_rose,11_PROMPT,0,4727,3035,2
544274,backwards_hat,10_PROPS,0,4726,3036,2
540428,arm_around_shoulder,06_POSE,0,4724,3037,1
652486,v-fin,11_PROMPT,0,4722,3038,2
2191,shop,03_ENVIROMENT,0,4720,3039,2
1350141,cat_cutout,08_ANATOMY,0,4719,3040,2
409818,polka_dot_bikini,09_CLOTHING,0,4718,3041,2
411038,:>=,07_EXPRESSIONS,0,4717,3042,2
9618,library,03_ENVIROMENT,0,4714,3043,2
578084,black_tail,08_ANATOMY,0,4713,3044,2
1161089,2022,02_COMPOSITION,0,4707,3045,1
631144,halftone_background,02_COMPOSITION,0,4706,3046,2
1219136,hand_on_own_arm,06_POSE,0,4705,3047,2
408969,no_pussy,11_PROMPT,0,4703,3048,2
1619425,crescent_pin,10_PROPS,0,4699,3049,2
1035339,red_headband,10_PROPS,0,4699,3050,2
553007,strapless_bikini,09_CLOTHING,0,4699,3051,2
675804,nervous_smile,07_EXPRESSIONS,0,4695,3052,2
390314,nude_cover,09_CLOTHING,0,4693,3053,2
1327681,red_sleeves,09_CLOTHING,0,4693,3054,2
1400482,earclip,10_PROPS,0,4693,3055,2
403942,earpiece,10_PROPS,0,4689,3056,2
526090,checkered_skirt,09_CLOTHING,0,4682,3057,2
567636,painting_(object),02_COMPOSITION,0,4682,3058,2
1299132,holding_box,06_POSE,0,4679,3059,2
474982,white_robe,09_CLOTHING,0,4678,3060,2
1560432,reverse_outfit,09_CLOTHING,0,4677,3061,2
379878,thorns,10_PROPS,0,4673,3062,2
539465,tiger_girl,04_PEOPLE,0,4671,3063,1
1355655,grey_coat,09_CLOTHING,0,4666,3064,2
460085,mechanical_wings,10_PROPS,0,4666,3065,2
616376,assisted_exposure,11_PROMPT,0,4665,3066,1
461372,mobile_suit,09_CLOTHING,0,4662,3067,2
473818,tissue_box,10_PROPS,0,4661,3068,2
458486,mother_and_son,04_PEOPLE,0,4660,3069,2
1350220,cat_lingerie,09_CLOTHING,0,4660,3070,2
507697,purple_pantyhose,09_CLOTHING,0,4659,3071,2
1489840,white_horns,08_ANATOMY,0,4659,3072,2
456376,pince-nez,05_CHARACTER,0,4656,3073,2
422775,dark_nipples,08_ANATOMY,0,4654,3074,1
441110,office_chair,06_POSE,0,4648,3075,2
1350193,musical_note_hair_ornament,08_ANATOMY,0,4645,3076,2
750849,holding_mask,06_POSE,0,4635,3077,2
636788,frilled_pillow,10_PROPS,0,4633,3078,2
392612,pentagram,02_COMPOSITION,0,4626,3079,2
468460,torn_skirt,09_CLOTHING,0,4619,3080,2
702916,imminent_vaginal,11_PROMPT,0,4618,3081,2
582680,unaligned_breasts,06_POSE,0,4616,3082,2
506307,thong_leotard,09_CLOTHING,0,4613,3083,2
1448342,two-tone_gloves,09_CLOTHING,0,4609,3084,2
397397,cum_pool,11_PROMPT,0,4602,3085,2
516646,macaron,10_PROPS,0,4602,3086,2
1141250,black_fur,08_ANATOMY,0,4595,3087,2
1336138,red_belt,09_CLOTHING,0,4588,3088,2
634393,heart_choker,10_PROPS,0,4587,3089,2
664058,orange_ribbon,10_PROPS,0,4579,3090,2
390579,colorful,02_COMPOSITION,0,4564,3091,2
723098,after_anal,11_PROMPT,0,4564,3092,2
3291,teacher,04_PEOPLE,0,4563,3093,2
1437301,black_bag,09_CLOTHING,0,4563,3094,2
536524,tablet_pc,02_COMPOSITION,0,4562,3095,2
1385010,kissing_cheek,06_POSE,0,4559,3096,2
1582500,scar_on_arm,06_POSE,0,4557,3097,2
459009,penis_on_face,11_PROMPT,0,4555,3098,2
638022,see-through_silhouette,02_COMPOSITION,0,4555,3099,2
4365,tsundere,05_CHARACTER,0,4550,3100,2
1454264,heart-shaped_eyewear,08_ANATOMY,0,4550,3101,2
380805,flashing,11_PROMPT,0,4548,3102,2
6376,lake,03_ENVIROMENT,0,4548,3103,2
11366,policewoman,04_PEOPLE,0,4547,3104,2
1161090,2023,02_COMPOSITION,0,4544,3105,1
378543,egg_vibrator,10_PROPS,0,4543,3106,2
11828,flexible,06_POSE,0,4542,3107,2
1258092,ribbon-trimmed_legwear,09_CLOTHING,0,4541,3108,2
479792,circle,03_ENVIROMENT,0,4541,3109,2
465851,defloration,11_PROMPT,0,4541,3110,2
1411341,hooded_capelet,09_CLOTHING,0,4538,3111,2
413820,deep_penetration,11_PROMPT,0,4535,3112,2
1183480,blue_belt,09_CLOTHING,0,4530,3113,2
460863,spider_web,03_ENVIROMENT,0,4523,3114,2
1421703,small_horns,08_ANATOMY,0,4517,3115,2
424585,viewfinder,02_COMPOSITION,0,4515,3116,2
634270,bat_print,11_PROMPT,0,4510,3117,2
619121,hair_beads,08_ANATOMY,0,4509,3118,2
392360,stage,11_PROMPT,0,4505,3119,2
1928,tiger,04_PEOPLE,0,4503,3120,2
1766885,demon_slayer_uniform,09_CLOTHING,0,4499,3121,2
395198,test_tube,10_PROPS,0,4495,3122,2
560677,arm_rest,06_POSE,0,4494,3123,2
434827,soccer_uniform,09_CLOTHING,0,4492,3124,2
1344732,striped_jacket,09_CLOTHING,0,4485,3125,2
493515,game_console,02_COMPOSITION,0,4481,3126,2
466449,spider_lily,08_ANATOMY,0,4478,3127,2
1238711,pink_shorts,09_CLOTHING,0,4478,3128,2
1423707,holding_scythe,10_PROPS,0,4475,3129,2
1438791,holding_pom_poms,06_POSE,0,4475,3130,2
1415656,grey_sailor_collar,09_CLOTHING,0,4474,3131,2
720478,lifting_person,06_POSE,0,4472,3132,2
1326150,purple_vest,09_CLOTHING,0,4469,3133,2
472867,arm_hug,06_POSE,0,4468,3134,1
1403308,virgin_killer_sweater,11_PROMPT,0,4466,3135,1
611884,uneven_eyes,08_ANATOMY,0,4463,3136,1
1282899,improvised_gag,11_PROMPT,0,4460,3137,2
390569,cat_paws,08_ANATOMY,0,4458,3138,2
646029,egasumi,11_PROMPT,0,4458,3139,2
449248,scope,02_COMPOSITION,0,4454,3140,2
399479,fog,03_ENVIROMENT,0,4453,3141,2
1559152,reverse_bunnysuit,09_CLOTHING,0,4453,3142,2
883683,white_feathers,08_ANATOMY,0,4452,3143,2
621745,brand_name_imitation,09_CLOTHING,0,4448,3144,2
376648,fishing_rod,10_PROPS,0,4447,3145,2
386432,leaning,06_POSE,0,4444,3146,2
382106,fisheye,10_PROPS,0,4442,3147,2
1315028,lower_body,06_POSE,0,4426,3148,2
2288,octopus,11_PROMPT,0,4423,3149,2
446070,lion_tail,08_ANATOMY,0,4423,3150,2
411148,remote_control,06_POSE,0,4421,3151,2
1478255,dangle_earrings,10_PROPS,0,4414,3152,2
718139,food_print,11_PROMPT,0,4404,3153,2
619493,ears_down,11_PROMPT,0,4399,3154,2
543455,bolt_action,06_POSE,0,4395,3155,2
1235204,bike_shorts_under_skirt,09_CLOTHING,0,4394,3156,2
151042,envelope,10_PROPS,0,4394,3157,2
1291748,print_bow,10_PROPS,0,4393,3158,2
601423,yellow_scarf,09_CLOTHING,0,4393,3159,1
382125,rapier,05_CHARACTER,0,4390,3160,2
443901,shide,05_CHARACTER,0,4389,3161,2
262264,tight_pants,09_CLOTHING,0,4384,3162,2
405623,dog_boy,04_PEOPLE,0,4380,3163,1
1257075,number_tattoo,10_PROPS,0,4377,3164,2
427758,kiseru,05_CHARACTER,0,4376,3165,2
11028,swimming,03_ENVIROMENT,0,4375,3166,2
491861,sleeves_pushed_up,06_POSE,0,4374,3167,2
1622516,earth_(planet),03_ENVIROMENT,0,4374,3168,2
1551196,1980s_(style),02_COMPOSITION,0,4373,3169,1
560091,cat_hood,10_PROPS,0,4367,3170,2
554092,food_on_body,11_PROMPT,0,4366,3171,2
1455730,raccoon_girl,04_PEOPLE,0,4364,3172,1
684686,grabbing_another's_ass,06_POSE,0,4354,3173,2
687681,partially_undressed,06_POSE,0,4347,3174,2
849024,bikini_top_lift,09_CLOTHING,0,4347,3175,2
638728,print_gloves,09_CLOTHING,0,4347,3176,2
605145,soul_gem,11_PROMPT,0,4342,3177,2
623390,glowing_weapon,10_PROPS,0,4338,3178,2
822828,reverse_suspended_congress,06_POSE,0,4336,3179,2
464577,shooting_star,11_PROMPT,0,4334,3180,2
481604,penis_awe,11_PROMPT,0,4332,3181,2
1303383,blue_scrunchie,09_CLOTHING,0,4331,3182,2
420283,leotard_aside,11_PROMPT,0,4331,3183,2
9275,butt_plug,11_PROMPT,0,4326,3184,2
4434,violin,10_PROPS,0,4323,3185,2
222138,shrine,03_ENVIROMENT,0,4322,3186,2
1245131,bikini_tan,09_CLOTHING,0,4317,3187,2
508193,novelty_censor,11_PROMPT,0,4317,3188,2
891880,lion_girl,04_PEOPLE,0,4315,3189,1
8255,dancer,04_PEOPLE,0,4314,3190,2
1428577,ryouou_school_uniform,09_CLOTHING,0,4308,3191,2
400245,opaque_glasses,02_COMPOSITION,0,4307,3192,2
1327007,holding_axe,06_POSE,0,4306,3193,2
535299,red_sclera,08_ANATOMY,0,4300,3194,2
9799,kunai,05_CHARACTER,0,4298,3195,2
476371,showering,11_PROMPT,0,4295,3196,2
1332539,pubic_hair_peek,08_ANATOMY,0,4287,3197,2
614707,no_legwear,09_CLOTHING,0,4287,3198,2
399418,shore,03_ENVIROMENT,0,4286,3199,2
467080,thank_you,07_EXPRESSIONS,0,4284,3200,2
11981,kyuubi,04_PEOPLE,0,4284,3201,2
463490,spacecraft,03_ENVIROMENT,0,4272,3202,2
576406,folded_fan,06_POSE,0,4270,3203,2
46079,robot_ears,08_ANATOMY,0,4269,3204,2
543339,bandaids_on_nipples,09_CLOTHING,0,4269,3205,2
400545,red_moon,03_ENVIROMENT,0,4266,3206,2
568804,anus_peek,11_PROMPT,0,4263,3207,2
1257314,idol_clothes,09_CLOTHING,0,4263,3208,2
600421,after_fellatio,11_PROMPT,0,4262,3209,2
1312165,orange_necktie,10_PROPS,0,4262,3210,1
553771,cheek-to-cheek,11_PROMPT,0,4261,3211,2
493348,christmas_ornaments,10_PROPS,0,4259,3212,2
3375,chicken,11_PROMPT,0,4258,3213,2
1940092,biting_own_lip,06_POSE,0,4251,3214,2
383173,train,03_ENVIROMENT,0,4248,3215,2
16128,you_gonna_get_raped,11_PROMPT,0,4245,3216,1
7801,lamia,04_PEOPLE,0,4242,3217,2
634638,text_background,02_COMPOSITION,0,4242,3218,2
425654,beak,10_PROPS,0,4237,3219,2
422830,paper_bag,10_PROPS,0,4237,3220,2
1387105,pink_leotard,09_CLOTHING,0,4232,3221,2
374959,still_life,02_COMPOSITION,0,4229,3222,2
609122,multiple_belts,09_CLOTHING,0,4228,3223,2
379189,floor,03_ENVIROMENT,0,4220,3224,2
411223,father_and_son,04_PEOPLE,0,4220,3225,1
10469,duck,11_PROMPT,0,4219,3226,2
560040,framed_breasts,09_CLOTHING,0,4216,3227,2
10983,shotgun,10_PROPS,0,4216,3228,2
546810,orange_sky,03_ENVIROMENT,0,4212,3229,2
1533601,sideless_outfit,09_CLOTHING,0,4209,3230,2
399543,flip-flops,11_PROMPT,0,4208,3231,2
1322421,bandaid_on_cheek,06_POSE,0,4203,3232,2
395305,wizard_hat,10_PROPS,0,4199,3233,1
10359,middle_finger,06_POSE,0,4197,3234,2
652354,too_many,07_EXPRESSIONS,0,4195,3235,2
1475826,holding_pokemon,06_POSE,0,4191,3236,2
458711,hand_under_clothes,06_POSE,0,4189,3237,2
5980,rooftop,03_ENVIROMENT,0,4188,3238,2
6424,cage,04_PEOPLE,0,4188,3239,2
1281555,aran_sweater,09_CLOTHING,0,4188,3240,2
4191,sushi,05_CHARACTER,0,4186,3241,2
2089095,goth_fashion,09_CLOTHING,0,4186,3242,2
461531,banana,11_PROMPT,0,4184,3243,2
666708,w_arms,06_POSE,0,4182,3244,2
724362,single_detached_sleeve,06_POSE,0,4177,3245,2
1530508,scar_on_nose,08_ANATOMY,0,4175,3246,2
7631,harpy,10_PROPS,0,4173,3247,2
588209,irrumatio,05_CHARACTER,0,4172,3248,2
525461,smokestack,11_PROMPT,0,4170,3249,2
7994,fighting,11_PROMPT,0,4166,3250,1
758409,taur,05_CHARACTER,0,4162,3251,1
481088,constellation,11_PROMPT,0,4160,3252,1
1304570,cat_ear_headphones,10_PROPS,0,4160,3253,1
1253174,employee_uniform,09_CLOTHING,0,4158,3254,1
551333,uchiwa,10_PROPS,0,4156,3255,1
492468,plaid_dress,09_CLOTHING,0,4155,3256,1
629987,radio_antenna,10_PROPS,0,4155,3257,1
5567,pizza,10_PROPS,0,4153,3258,1
4768,sheep,05_CHARACTER,0,4152,3259,1
641554,tomoe_(symbol),11_PROMPT,0,4151,3260,1
389804,quad_tails,08_ANATOMY,0,4145,3261,1
599594,prosthetic_arm,08_ANATOMY,0,4145,3262,1
548829,chewing_gum,10_PROPS,0,4143,3263,2
49941,lemon,11_PROMPT,0,4140,3264,2
1217551,black_armor,09_CLOTHING,0,4140,3265,2
464585,tomato,11_PROMPT,0,4136,3266,2
10919,lineup,02_COMPOSITION,0,4132,3267,2
1440623,jacket_partially_removed,09_CLOTHING,0,4130,3268,2
676138,asymmetrical_footwear,09_CLOTHING,0,4124,3269,1
461542,red_sash,09_CLOTHING,0,4123,3270,2
385804,lifebuoy,05_CHARACTER,0,4123,3271,2
1273311,vertical-striped_dress,09_CLOTHING,0,4122,3272,2
1252645,orange_nails,08_ANATOMY,0,4121,3273,2
2709,needle,10_PROPS,0,4119,3274,2
440347,leopard_print,02_COMPOSITION,0,4118,3275,2
1242915,rose_print,11_PROMPT,0,4118,3276,2
12336,costume,09_CLOTHING,0,4114,3277,2
1770614,green_gemstone,10_PROPS,0,4113,3278,2
378993,energy_sword,05_CHARACTER,0,4104,3279,2
11912,wrench,10_PROPS,0,4101,3280,2
446690,gloom_(expression),07_EXPRESSIONS,0,4099,3281,2
477228,drum,10_PROPS,0,4098,3282,2
502536,paint_splatter,02_COMPOSITION,0,4098,3283,2
458795,suction_cups,10_PROPS,0,4089,3284,2
476596,sode,05_CHARACTER,0,4089,3285,2
551537,lying_on_person,11_PROMPT,0,4078,3286,2
513303,afloat,11_PROMPT,0,4075,3287,2
419379,bandage_over_one_eye,08_ANATOMY,0,4073,3288,2
485061,hair_tucking,08_ANATOMY,0,4072,3289,2
377929,sheep_ears,08_ANATOMY,0,4068,3290,2
482172,contrail,02_COMPOSITION,0,4066,3291,2
16144,rubber_duck,10_PROPS,0,4063,3292,2
530963,arms_under_breasts,06_POSE,0,4062,3293,2
489904,arms_around_neck,06_POSE,0,4060,3294,2
558384,on_grass,03_ENVIROMENT,0,4060,3295,2
464576,seagull,10_PROPS,0,4058,3296,2
1552754,breast_curtains,09_CLOTHING,0,4057,3297,2
522010,character_profile,05_CHARACTER,0,4053,3298,2
2006752,unworn_bra,09_CLOTHING,0,4053,3299,2
10769,transformation,11_PROMPT,0,4053,3300,2
420128,upright_straddle,06_POSE,0,4052,3301,2
1392011,purple_bodysuit,09_CLOTHING,0,4049,3302,2
521852,pussy_juice_trail,11_PROMPT,0,4049,3303,2
769705,holding_another's_arm,06_POSE,0,4047,3304,2
404436,ribbed_shirt,09_CLOTHING,0,4047,3305,2
459215,finger_gun,10_PROPS,0,4046,3306,2
1612103,milestone_celebration,11_PROMPT,0,4045,3307,2
549346,blue_pantyhose,09_CLOTHING,0,4041,3308,2
228096,spacesuit,09_CLOTHING,0,4039,3309,2
450123,staring,11_PROMPT,0,4038,3310,2
10692,sandwich,11_PROMPT,0,4037,3311,2
471771,pumps,11_PROMPT,0,4035,3312,2
590039,animal_feet,08_ANATOMY,0,4030,3313,2
11436,deepthroat,05_CHARACTER,0,4029,3314,2
1435434,two-tone_skirt,09_CLOTHING,0,4029,3315,2
1467259,diagonal_bangs,08_ANATOMY,0,4028,3316,2
383907,swimsuit_aside,09_CLOTHING,0,4026,3317,2
1319620,wing_hair_ornament,08_ANATOMY,0,4026,3318,2
520227,cowlick,08_ANATOMY,0,4025,3319,2
1274212,green_cape,03_ENVIROMENT,0,4024,3320,2
687202,pussy_juice_stain,11_PROMPT,0,4021,3321,2
468068,spread_toes,06_POSE,0,4020,3322,2
410131,perky_breasts,11_PROMPT,0,4018,3323,2
1782786,median_furrow,08_ANATOMY,0,4016,3324,2
1233722,maid_bikini,09_CLOTHING,0,4015,3325,2
447984,vegetable,11_PROMPT,0,4015,3326,2
656168,hands_on_another's_face,06_POSE,0,4014,3327,2
5171,map,03_ENVIROMENT,0,4011,3328,2
586174,neon_trim,08_ANATOMY,0,4008,3329,2
1344905,holding_dagger,06_POSE,0,4007,3330,2
573688,reindeer_antlers,04_PEOPLE,0,3998,3331,2
1339523,bone_hair_ornament,08_ANATOMY,0,3991,3332,2
1227710,tail_through_clothes,09_CLOTHING,0,3990,3333,2
1305030,green_leotard,09_CLOTHING,0,3987,3334,2
380328,pompadour,11_PROMPT,0,3984,3335,2
397148,huge_nipples,08_ANATOMY,0,3983,3336,2
9510,cream,11_PROMPT,0,3980,3337,2
411511,adjusting_swimsuit,06_POSE,0,3979,3338,1
1307725,green_scarf,09_CLOTHING,0,3979,3339,2
3759,parfait,11_PROMPT,0,3978,3340,2
447030,candy_apple,10_PROPS,0,3978,3341,2
394619,furisode,11_PROMPT,0,3977,3342,2
507625,calligraphy_brush,08_ANATOMY,0,3977,3343,2
1517305,presenting_armpit,06_POSE,0,3976,3344,1
711562,striped_tail,08_ANATOMY,0,3970,3345,2
468016,;q,07_EXPRESSIONS,0,3970,3346,1
659834,spoken_squiggle,11_PROMPT,0,3966,3347,2
375882,cuts,11_PROMPT,0,3963,3348,2
559692,clothed_pokemon,09_CLOTHING,0,3963,3349,2
1888618,fairy_(sao),05_CHARACTER,0,3962,3350,2
519703,alternate_universe,02_COMPOSITION,0,3961,3351,1
506137,jacket_around_waist,09_CLOTHING,0,3958,3352,2
595006,green_sweater,09_CLOTHING,0,3958,3353,1
1227744,multiple_crossover,05_CHARACTER,0,3956,3354,2
676352,pokephilia,04_PEOPLE,0,3955,3355,2
467500,beer_can,11_PROMPT,0,3954,3356,2
1641895,gloved_handjob,06_POSE,0,3954,3357,2
430704,medical_eyepatch,08_ANATOMY,0,3952,3358,2
513153,magazine_(weapon),10_PROPS,0,3937,3359,2
1383010,purple_choker,10_PROPS,0,3930,3360,2
510576,swim_trunks,09_CLOTHING,0,3929,3361,2
387248,banner,02_COMPOSITION,0,3926,3362,2
147971,stylus,10_PROPS,0,3925,3363,2
1417279,holding_underwear,06_POSE,0,3923,3364,2
1436828,obiage,02_COMPOSITION,0,3923,3365,2
1835909,frilled_one-piece_swimsuit,09_CLOTHING,0,3923,3366,2
476448,kote,05_CHARACTER,0,3923,3367,2
515648,coattails,08_ANATOMY,0,3922,3368,2
1956240,braided_hair_rings,08_ANATOMY,0,3917,3369,2
1805482,non-humanoid_robot,04_PEOPLE,0,3917,3370,2
1441861,orange_footwear,09_CLOTHING,0,3916,3371,2
380329,briefcase,10_PROPS,0,3915,3372,2
1373356,yellow_kimono,09_CLOTHING,0,3914,3373,2
703219,multicolored_wings,09_CLOTHING,0,3914,3374,2
382440,pantylines,09_CLOTHING,0,3914,3375,2
1312614,blue_hakama,05_CHARACTER,0,3913,3376,2
1441884,rectangular_eyewear,08_ANATOMY,0,3910,3377,2
619633,baozi,05_CHARACTER,0,3907,3378,2
7646,slave,04_PEOPLE,0,3905,3379,2
483981,american_flag,10_PROPS,0,3904,3380,1
605759,skirt_suit,09_CLOTHING,0,3897,3381,2
1371311,aqua_bowtie,10_PROPS,0,3895,3382,2
613840,happy_halloween,07_EXPRESSIONS,0,3891,3383,2
378767,bleeding,11_PROMPT,0,3886,3384,2
12733,thinking,02_COMPOSITION,0,3886,3385,2
493576,feather_boa,10_PROPS,0,3880,3386,2
575181,o-ring_bottom,10_PROPS,0,3878,3387,2
7641,piggyback,11_PROMPT,0,3875,3388,2
375460,ceiling,03_ENVIROMENT,0,3869,3389,2
590746,goggles_around_neck,08_ANATOMY,0,3869,3390,2
583009,arm_around_waist,06_POSE,0,3869,3391,1
494260,purple_wings,10_PROPS,0,3869,3392,2
1316028,american_flag_legwear,09_CLOTHING,0,3867,3393,2
484752,clothes_grab,09_CLOTHING,0,3864,3394,2
488365,letterman_jacket,09_CLOTHING,0,3857,3395,2
1390670,breast_tattoo,10_PROPS,0,3856,3396,2
375792,kogal,05_CHARACTER,0,3854,3397,2
207834,mascara,08_ANATOMY,0,3853,3398,2
578557,digital_media_player,02_COMPOSITION,0,3848,3399,2
403195,squirrel_ears,08_ANATOMY,0,3848,3400,2
2833,collage,11_PROMPT,0,3844,3401,2
548910,chain_necklace,10_PROPS,0,3844,3402,2
1410709,ejaculating_while_penetrated,11_PROMPT,0,3841,3403,2
682128,hands_on_another's_shoulders,06_POSE,0,3841,3404,2
662265,object_namesake,05_CHARACTER,0,3838,3405,2
347508,miniboy,04_PEOPLE,0,3838,3406,2
511645,single_kneehigh,06_POSE,0,3838,3407,2
585305,ear_ribbon,10_PROPS,0,3837,3408,2
1400382,barbell_piercing,10_PROPS,0,3836,3409,2
725441,black_headband,10_PROPS,0,3831,3410,2
707150,finger_on_trigger,06_POSE,0,3828,3411,2
1684874,laevatein_(touhou),05_CHARACTER,0,3820,3412,2
1336997,green_coat,09_CLOTHING,0,3819,3413,2
1316609,mole_on_thigh,08_ANATOMY,0,3817,3414,1
677406,multiple_earrings,10_PROPS,0,3815,3415,2
652707,domino_mask,11_PROMPT,0,3809,3416,2
743282,layered_clothes,09_CLOTHING,0,3806,3417,2
483264,yellow_rose,11_PROMPT,0,3802,3418,1
1300235,purple_pants,09_CLOTHING,0,3797,3419,2
585211,energy_gun,10_PROPS,0,3795,3420,2
1280102,single_hair_intake,08_ANATOMY,0,3789,3421,2
1301494,spoken_interrobang,11_PROMPT,0,3787,3422,2
467674,sake_bottle,11_PROMPT,0,3785,3423,2
426621,grey_panties,09_CLOTHING,0,3783,3424,2
541137,kanzashi,05_CHARACTER,0,3783,3425,2
650514,wet_swimsuit,09_CLOTHING,0,3782,3426,2
375886,sheep_girl,04_PEOPLE,0,3775,3427,1
375251,egyptian,04_PEOPLE,0,3774,3428,2
405671,soda_can,11_PROMPT,0,3772,3429,2
551584,updo,11_PROMPT,0,3772,3430,2
470690,pancake,11_PROMPT,0,3765,3431,2
424961,remote_control_vibrator,06_POSE,0,3764,3432,2
631299,pillarboxed,02_COMPOSITION,0,3763,3433,1
1582181,string_of_fate,05_CHARACTER,0,3763,3434,2
9511,spotlight,03_ENVIROMENT,0,3762,3435,2
488,flute,10_PROPS,0,3761,3436,1
1451190,white_wrist_cuffs,09_CLOTHING,0,3759,3437,2
442883,city_lights,03_ENVIROMENT,0,3756,3438,2
471821,debris,03_ENVIROMENT,0,3755,3439,2
1738,figure,11_PROMPT,0,3751,3440,2
1730,what,11_PROMPT,0,3748,3441,2
460940,lily_pad,11_PROMPT,0,3745,3442,2
386503,binoculars,10_PROPS,0,3741,3443,2
15004,toy,10_PROPS,0,3740,3444,2
656916,animal_penis,08_ANATOMY,0,3738,3445,1
447189,spitroast,11_PROMPT,0,3736,3446,2
722842,frilled_kimono,11_PROMPT,0,3734,3447,2
1395493,eyepatch_bikini,08_ANATOMY,0,3734,3448,2
1308608,bag_charm,11_PROMPT,0,3733,3449,2
438208,throwing,11_PROMPT,0,3733,3450,2
1853327,bar_(place),03_ENVIROMENT,0,3731,3451,2
1319452,hand_on_another's_arm,06_POSE,0,3725,3452,2
1839475,chips_(food),10_PROPS,0,3723,3453,2
1400511,fur-trimmed_hood,09_CLOTHING,0,3721,3454,2
669594,bat_hair_ornament,08_ANATOMY,0,3718,3455,2
2065896,diagonal-striped_clothes,09_CLOTHING,0,3718,3456,2
1382349,goggles_on_headwear,08_ANATOMY,0,3714,3457,2
667185,burn_scar,11_PROMPT,0,3712,3458,2
847095,sparkle_background,02_COMPOSITION,0,3709,3459,2
580695,big_belly,09_CLOTHING,0,3709,3460,2
656171,hand_on_another's_chest,06_POSE,0,3708,3461,2
1277869,horned_headwear,08_ANATOMY,0,3708,3462,2
856710,neck_tattoo,10_PROPS,0,3708,3463,2
1468130,paradis_military_uniform,09_CLOTHING,0,3708,3464,2
4262,surreal,02_COMPOSITION,0,3707,3465,2
461788,scowl,07_EXPRESSIONS,0,3701,3466,2
409293,open_dress,09_CLOTHING,0,3700,3467,2
1408401,white_scrunchie,09_CLOTHING,0,3699,3468,2
514260,left-handed,06_POSE,0,3697,3469,2
1304169,au_ra,11_PROMPT,0,3697,3470,1
455038,capri_pants,09_CLOTHING,0,3695,3471,2
476787,talons,08_ANATOMY,0,3694,3472,2
1312757,bra_peek,06_POSE,0,3690,3473,2
475209,button_badge,10_PROPS,0,3688,3474,2
1450243,weibo_logo,09_CLOTHING,0,3687,3475,2
378782,hiding,11_PROMPT,0,3683,3476,2
13976,frying_pan,11_PROMPT,0,3683,3477,2
462213,peeing_self,11_PROMPT,0,3681,3478,2
1504889,rudder_footwear,09_CLOTHING,0,3674,3479,2
653049,red_eyeliner,08_ANATOMY,0,3670,3480,2
1417504,nanamori_school_uniform,09_CLOTHING,0,3669,3481,2
404857,cupcake,11_PROMPT,0,3667,3482,2
480444,shouji,05_CHARACTER,0,3667,3483,2
465450,trash_can,11_PROMPT,0,3667,3484,2
685091,hand_on_another's_back,06_POSE,0,3665,3485,2
378151,megaphone,10_PROPS,0,3664,3486,2
1399079,holding_drink,06_POSE,0,3664,3487,2
380157,shovel,03_ENVIROMENT,0,3660,3488,2
1636673,wiffle_gag,08_ANATOMY,0,3659,3489,2
1455114,hair_tie_in_mouth,08_ANATOMY,0,3657,3490,2
1407477,black_scrunchie,09_CLOTHING,0,3656,3491,2
12650,subtitled,02_COMPOSITION,0,3653,3492,2
479397,white_headband,10_PROPS,0,3653,3493,2
1373025,blue-framed_eyewear,09_CLOTHING,0,3649,3494,2
411566,nightcap,11_PROMPT,0,3643,3495,2
540767,abstract_background,02_COMPOSITION,0,3640,3496,2
4470,duel,11_PROMPT,0,3640,3497,2
626084,bangs_pinned_back,06_POSE,0,3632,3498,2
380265,skates,09_CLOTHING,0,3631,3499,2
403196,squirrel_tail,08_ANATOMY,0,3627,3500,2
398608,hair_twirling,08_ANATOMY,0,3623,3501,2
513195,bird_on_head,10_PROPS,0,3623,3502,2
12326,owl,03_ENVIROMENT,0,3617,3503,2
425142,submerged,03_ENVIROMENT,0,3617,3504,2
2230,guro,05_CHARACTER,0,3614,3505,2
10624,exercise,06_POSE,0,3612,3506,2
1322674,latin_cross,10_PROPS,0,3609,3507,2
612379,bubble_tea,11_PROMPT,0,3609,3508,2
1330167,american_flag_dress,09_CLOTHING,0,3609,3509,2
1328271,layered_bikini,09_CLOTHING,0,3608,3510,2
1623670,diamond_button,10_PROPS,0,3606,3511,1
1413751,print_bowtie,10_PROPS,0,3606,3512,1
1392360,black_camisole,09_CLOTHING,0,3605,3513,1
384248,trefoil,11_PROMPT,0,3604,3514,1
1304208,black_cardigan,09_CLOTHING,0,3600,3515,1
508748,horn_bow,10_PROPS,0,3594,3516,1
460475,naked_sweater,11_PROMPT,0,3590,3517,1
2571,mochi,10_PROPS,0,3584,3518,1
1291568,pink_apron,09_CLOTHING,0,3584,3519,1
1251054,okobo,09_CLOTHING,0,3582,3520,1
592316,colored_pubic_hair,08_ANATOMY,0,3581,3521,1
12721,gas_mask,09_CLOTHING,0,3578,3522,1
5597,newspaper,10_PROPS,0,3576,3523,1
1384369,green_hairband,10_PROPS,0,3576,3524,1
1422860,two-tone_swimsuit,09_CLOTHING,0,3574,3525,1
378810,grinding,06_POSE,0,3573,3526,1
1312906,rei_no_himo,09_CLOTHING,0,3570,3527,1
950553,yoga_pants,09_CLOTHING,0,3570,3528,1
538859,kindergarten_uniform,09_CLOTHING,0,3567,3529,1
2377,piano,10_PROPS,0,3566,3530,1
1314965,horizontal_pupils,08_ANATOMY,0,3566,3531,2
13273,stained_glass,03_ENVIROMENT,0,3564,3532,2
1427966,yellow_cardigan,09_CLOTHING,0,3563,3533,2
759492,wolf_boy,04_PEOPLE,0,3561,3534,1
447824,doorway,03_ENVIROMENT,0,3555,3535,2
1365001,black_robe,09_CLOTHING,0,3554,3536,2
1471518,horseshoe_ornament,10_PROPS,0,3554,3537,2
462978,??,07_EXPRESSIONS,0,3553,3538,1
1201870,prone_bone,06_POSE,0,3551,3539,2
1579047,rabbit_pose,06_POSE,0,3550,3540,2
828858,hand_over_own_mouth,06_POSE,0,3549,3541,2
1507443,sidelighting,02_COMPOSITION,0,3549,3542,2
1925724,basketball_(object),10_PROPS,0,3549,3543,2
473217,green_bra,09_CLOTHING,0,3547,3544,2
8808,hallway,03_ENVIROMENT,0,3547,3545,2
480578,hagoromo,05_CHARACTER,0,3547,3546,2
16978,writing,11_PROMPT,0,3546,3547,2
588534,in_box,10_PROPS,0,3545,3548,2
1791866,holding_smoking_pipe,06_POSE,0,3545,3549,2
405984,snot,11_PROMPT,0,3544,3550,2
4807,spill,11_PROMPT,0,3530,3551,2
680046,carrying_person,06_POSE,0,3529,3552,2
486210,tie_clip,10_PROPS,0,3526,3553,2
474988,speaker,10_PROPS,0,3524,3554,2
1270233,1koma,05_CHARACTER,0,3523,3555,2
14861,chef_hat,10_PROPS,0,3522,3556,2
1379954,diffraction_spikes,08_ANATOMY,0,3522,3557,2
491714,santa_dress,09_CLOTHING,0,3520,3558,2
1472233,high-waist_shorts,09_CLOTHING,0,3518,3559,2
473427,green_thighhighs,09_CLOTHING,0,3516,3560,1
1425516,uranohoshi_school_uniform,09_CLOTHING,0,3516,3561,2
619145,orange_gloves,09_CLOTHING,0,3515,3562,2
1403286,black_mask,09_CLOTHING,0,3513,3563,2
637971,heart_tattoo,10_PROPS,0,3511,3564,2
1383796,rabbit_hood,11_PROMPT,0,3509,3565,2
644051,aiming_at_viewer,06_POSE,0,3508,3566,1
2075860,lifting_another's_clothes,06_POSE,0,3508,3567,2
484394,four-leaf_clover,03_ENVIROMENT,0,3507,3568,2
548668,excalibur_(fate/stay_night),05_CHARACTER,0,3507,3569,2
406895,tunic,09_CLOTHING,0,3504,3570,2
4550,grenade,11_PROMPT,0,3490,3571,2
514768,grey_sky,03_ENVIROMENT,0,3489,3572,2
399829,magazine_cover,02_COMPOSITION,0,3488,3573,2
1342976,rabbit_print,11_PROMPT,0,3487,3574,2
379306,public_nudity,11_PROMPT,0,3487,3575,2
471929,cum_on_stomach,11_PROMPT,0,3485,3576,2
1408498,japari_symbol,05_CHARACTER,0,3482,3577,2
663385,crossed_ankles,06_POSE,0,3480,3578,2
1410099,purple_sleeves,09_CLOTHING,0,3479,3579,2
11381,frogtie,04_PEOPLE,0,3478,3580,2
453895,mechanical_parts,10_PROPS,0,3478,3581,2
647907,dragon_print,10_PROPS,0,3477,3582,2
589610,spider_web_print,10_PROPS,0,3476,3583,2
465416,sleeveless_sweater,09_CLOTHING,0,3470,3584,1
488487,ankle_socks,09_CLOTHING,0,3469,3585,2
602690,stuffed_cat,10_PROPS,0,3469,3586,2
567734,shikishi,05_CHARACTER,0,3468,3587,2
519804,black_lips,08_ANATOMY,0,3468,3588,2
385637,earbuds,08_ANATOMY,0,3466,3589,2
473206,grey_socks,09_CLOTHING,0,3465,3590,2
469445,sleepwear,09_CLOTHING,0,3465,3591,2
2025977,qingdai_guanmao,05_CHARACTER,0,3461,3592,2
402497,lotus,11_PROMPT,0,3460,3593,2
5272,dice,11_PROMPT,0,3457,3594,2
666648,mitsudomoe_(shape),05_CHARACTER,0,3451,3595,2
682862,hand_on_another's_hip,06_POSE,0,3450,3596,2
3237,goldfish,04_PEOPLE,0,3450,3597,2
449458,bullpup,05_CHARACTER,0,3447,3598,2
1372792,fox_boy,04_PEOPLE,0,3447,3599,1
688378,multi-tied_hair,08_ANATOMY,0,3445,3600,2
478568,medal,10_PROPS,0,3444,3601,2
530091,corruption,02_COMPOSITION,0,3442,3602,2
466613,slime_girl,04_PEOPLE,0,3441,3603,1
1976321,animal_ear_piercing,08_ANATOMY,0,3434,3604,2
1514281,shark_hair_ornament,08_ANATOMY,0,3434,3605,2
490993,colored_tongue,08_ANATOMY,0,3433,3606,2
484121,leg_lock,06_POSE,0,3432,3607,2
540545,rod_of_remorse,11_PROMPT,0,3432,3608,2
10731,chainsaw,10_PROPS,0,3431,3609,2
1283223,shibari_over_clothes,09_CLOTHING,0,3431,3610,2
502177,bird_girl,04_PEOPLE,0,3431,3611,1
1393855,holding_flag,06_POSE,0,3430,3612,2
471357,treble_clef,10_PROPS,0,3429,3613,2
390685,darkness,02_COMPOSITION,0,3429,3614,1
1259682,ribbed_dress,09_CLOTHING,0,3425,3615,1
1335455,watson_cross,10_PROPS,0,3424,3616,1
413033,gaping,11_PROMPT,0,3423,3617,1
523488,flower_pot,03_ENVIROMENT,0,3420,3618,2
1448570,gold_earrings,10_PROPS,0,3419,3619,2
378,cheese,10_PROPS,0,3418,3620,1
1430633,two-tone_bikini,09_CLOTHING,0,3417,3621,1
457141,lace_panties,09_CLOTHING,0,3416,3622,2
1697967,tassel_hair_ornament,08_ANATOMY,0,3413,3623,2
380355,chained,11_PROMPT,0,3411,3624,2
1554926,wide_spread_legs,06_POSE,0,3411,3625,2
577161,in_tree,03_ENVIROMENT,0,3410,3626,2
379713,bad_feet,06_POSE,0,3407,3627,2
557508,loose_belt,09_CLOTHING,0,3407,3628,2
494802,on_shoulder,06_POSE,0,3407,3629,2
14111,candy_cane,10_PROPS,0,3405,3630,2
440796,triangle,11_PROMPT,0,3405,3631,2
629659,food_on_head,08_ANATOMY,0,3405,3632,2
621930,mandarin_collar,10_PROPS,0,3404,3633,2
539295,feather_hair,08_ANATOMY,0,3403,3634,2
9335,5koma,02_COMPOSITION,0,3402,3635,1
615041,finger_to_cheek,06_POSE,0,3400,3636,2
433704,super_saiyan,05_CHARACTER,0,3396,3637,2
531896,2020,02_COMPOSITION,0,3391,3638,1
540150,puckered_lips,08_ANATOMY,0,3390,3639,2
15201,soldier,04_PEOPLE,0,3385,3640,2
702200,sailor_bikini,09_CLOTHING,0,3385,3641,2
350,ramen,10_PROPS,0,3382,3642,2
396737,striped_bra,09_CLOTHING,0,3381,3643,2
1402835,scene_reference,02_COMPOSITION,0,3380,3644,2
1384365,orange_hairband,10_PROPS,0,3380,3645,2
572410,ankle_ribbon,10_PROPS,0,3379,3646,2
11433,nipple_rings,10_PROPS,0,3378,3647,2
682638,flower_earrings,08_ANATOMY,0,3378,3648,2
15667,riding_crop,03_ENVIROMENT,0,3376,3649,2
407041,profanity,11_PROMPT,0,3376,3650,2
428664,embers,11_PROMPT,0,3376,3651,2
2641,paint,02_COMPOSITION,0,3375,3652,2
1342770,strappy_heels,09_CLOTHING,0,3375,3653,2
505313,torn_sleeves,09_CLOTHING,0,3373,3654,2
1488457,grey_horns,10_PROPS,0,3371,3655,2
517255,plum_blossoms,03_ENVIROMENT,0,3370,3656,2
670773,happy_valentine,07_EXPRESSIONS,0,3369,3657,2
1901,orgy,11_PROMPT,0,3368,3658,2
393166,bloom,03_ENVIROMENT,0,3367,3659,2
1438722,plunging_neckline,06_POSE,0,3366,3660,2
487143,bamboo_forest,03_ENVIROMENT,0,3365,3661,2
458232,flats,10_PROPS,0,3362,3662,2
528325,red_pantyhose,09_CLOTHING,0,3360,3663,2
440956,fluffy,08_ANATOMY,0,3358,3664,2
1394292,blue_serafuku,05_CHARACTER,0,3357,3665,2
1402052,white_cloak,09_CLOTHING,0,3357,3666,2
709557,torn_bodysuit,09_CLOTHING,0,3356,3667,2
1762322,greyscale_with_colored_background,02_COMPOSITION,0,3354,3668,2
613940,white_cat,04_PEOPLE,0,3352,3669,2
1280149,crescent_earrings,10_PROPS,0,3351,3670,2
1318470,yellow_pupils,08_ANATOMY,0,3351,3671,1
1371098,purple_umbrella,03_ENVIROMENT,0,3350,3672,2
1945860,drill_sidelocks,06_POSE,0,3347,3673,2
667460,real_life_insert,11_PROMPT,0,3341,3674,2
144057,harem_outfit,09_CLOTHING,0,3341,3675,2
1315142,pink_scrunchie,09_CLOTHING,0,3339,3676,2
6339,dusk,03_ENVIROMENT,0,3338,3677,2
1481015,hands_in_opposite_sleeves,06_POSE,0,3335,3678,2
8796,electric_fan,11_PROMPT,0,3334,3679,2
1515727,strap_between_breasts,06_POSE,0,3332,3680,2
458132,winged_hat,10_PROPS,0,3331,3681,2
526914,licking_finger,11_PROMPT,0,3330,3682,2
7526,crotch_rope,09_CLOTHING,0,3329,3683,2
482791,tusks,11_PROMPT,0,3327,3684,2
470441,plastic_bag,10_PROPS,0,3326,3685,2
1343573,holding_arrow,06_POSE,0,3325,3686,2
375231,shirt_tug,06_POSE,0,3324,3687,2
1311981,meiji_schoolgirl_uniform,09_CLOTHING,0,3324,3688,2
1613301,obliques,06_POSE,0,3323,3689,2
488260,purple_cape,09_CLOTHING,0,3321,3690,2
617590,wa_maid,03_ENVIROMENT,0,3321,3691,2
9002,stethoscope,10_PROPS,0,3319,3692,2
533035,undersized_clothes,09_CLOTHING,0,3317,3693,2
1215711,numbered,11_PROMPT,0,3314,3694,2
279898,shell_casing,10_PROPS,0,3313,3695,2
1291177,orange_bodysuit,09_CLOTHING,0,3312,3696,2
546133,ghost_tail,08_ANATOMY,0,3312,3697,2
503705,paw_shoes,09_CLOTHING,0,3311,3698,2
1289525,cross_scar,11_PROMPT,0,3310,3699,2
497966,penis_grab,06_POSE,0,3309,3700,2
692418,suspender_shorts,09_CLOTHING,0,3307,3701,2
1422416,twitter_logo,02_COMPOSITION,0,3307,3702,2
16992,see-through_dress,09_CLOTHING,0,3306,3703,2
604468,eye_mask,08_ANATOMY,0,3303,3704,2
617471,female_pov,04_PEOPLE,0,3299,3705,2
505860,tally,10_PROPS,0,3299,3706,2
4177,lotion,11_PROMPT,0,3298,3707,2
1463294,holding_controller,06_POSE,0,3297,3708,2
572264,gold_chain,10_PROPS,0,3295,3709,2
4773,puppet,10_PROPS,0,3293,3710,2
665350,microdress,09_CLOTHING,0,3293,3711,2
581551,covered_face,11_PROMPT,0,3293,3712,2
1443349,blue_cardigan,09_CLOTHING,0,3292,3713,2
695265,clitoral_stimulation,11_PROMPT,0,3287,3714,2
448292,porkpie_hat,10_PROPS,0,3283,3715,2
380173,seashell,10_PROPS,0,3280,3716,2
379595,breast_slip,11_PROMPT,0,3274,3717,1
1397450,plantar_flexion,06_POSE,0,3274,3718,2
633092,arm_held_back,06_POSE,0,3272,3719,1
552818,parted_hair,08_ANATOMY,0,3271,3720,2
426384,clitoral_hood,11_PROMPT,0,3271,3721,2
512534,squirrel_girl,04_PEOPLE,0,3270,3722,2
1480168,white_sports_bra,09_CLOTHING,0,3268,3723,2
722453,thumb_ring,10_PROPS,0,3268,3724,2
587679,vibrator_under_clothes,09_CLOTHING,0,3260,3725,2
1434382,spade_(shape),10_PROPS,0,3260,3726,2
495857,arm_around_neck,06_POSE,0,3260,3727,1
1383769,dot_mouth,08_ANATOMY,0,3260,3728,2
586749,mismatched_footwear,09_CLOTHING,0,3260,3729,2
422957,come_hither,11_PROMPT,0,3258,3730,2
493298,police_hat,10_PROPS,0,3258,3731,2
1344680,holding_doll,06_POSE,0,3257,3732,2
658525,white_cardigan,09_CLOTHING,0,3255,3733,2
2025868,cellphone_photo,02_COMPOSITION,0,3254,3734,2
1441888,over-rim_eyewear,08_ANATOMY,0,3254,3735,2
1484339,diagonal-striped_bow,10_PROPS,0,3254,3736,2
1163924,blue_fur,08_ANATOMY,0,3248,3737,2
1874313,covering_own_eyes,06_POSE,0,3244,3738,1
11243,shower_head,08_ANATOMY,0,3242,3739,2
390347,flask,10_PROPS,0,3242,3740,2
1119065,heart-shaped_pillow,08_ANATOMY,0,3240,3741,2
516930,hanfu,05_CHARACTER,0,3240,3742,2
462454,small_penis,08_ANATOMY,0,3239,3743,2
665809,hugging_doll,06_POSE,0,3239,3744,2
2006755,unworn_helmet,09_CLOTHING,0,3239,3745,2
11717,mohawk,08_ANATOMY,0,3239,3746,2
1497777,multi-strapped_bikini_bottom,09_CLOTHING,0,3239,3747,2
558702,pinching,06_POSE,0,3238,3748,2
419192,monkey_tail,08_ANATOMY,0,3238,3749,2
397935,ladder,10_PROPS,0,3237,3750,2
406406,shoe_dangle,09_CLOTHING,0,3236,3751,2
586819,energy_wings,10_PROPS,0,3236,3752,2
8874,pudding,11_PROMPT,0,3234,3753,2
574719,multicolored_swimsuit,09_CLOTHING,0,3233,3754,2
713394,hand_on_another's_thigh,06_POSE,0,3230,3755,1
11316,abstract,02_COMPOSITION,0,3228,3756,1
13958,locker_room,09_CLOTHING,0,3226,3757,2
649327,wide_ponytail,08_ANATOMY,0,3226,3758,2
1253185,snowflake_hair_ornament,08_ANATOMY,0,3226,3759,2
1321301,purple_shorts,09_CLOTHING,0,3223,3760,2
407322,smell,11_PROMPT,0,3220,3761,2
1551114,covered_abs,09_CLOTHING,0,3220,3762,2
1475838,blue_overalls,09_CLOTHING,0,3219,3763,2
569544,condom_on_penis,11_PROMPT,0,3211,3764,2
1178138,snowflake_print,11_PROMPT,0,3209,3765,2
515468,head-mounted_display,06_POSE,0,3209,3766,2
472424,skull_and_crossbones,10_PROPS,0,3208,3767,2
547698,sunburst,03_ENVIROMENT,0,3208,3768,2
1515357,orange_theme,02_COMPOSITION,0,3207,3769,2
409789,rubber_boots,09_CLOTHING,0,3207,3770,2
607667,checkered_scarf,09_CLOTHING,0,3206,3771,2
643426,reverse_upright_straddle,06_POSE,0,3205,3772,2
1396985,holding_sheath,06_POSE,0,3204,3773,2
9554,g-string,10_PROPS,0,3204,3774,2
501057,breastless_clothes,09_CLOTHING,0,3203,3775,2
1304064,black_apron,09_CLOTHING,0,3202,3776,2
447780,peeking,11_PROMPT,0,3201,3777,2
520473,beard_stubble,08_ANATOMY,0,3201,3778,2
721674,purple_scarf,09_CLOTHING,0,3201,3779,2
420964,hip_bones,09_CLOTHING,0,3199,3780,2
389161,french_fries,10_PROPS,0,3198,3781,2
637281,mechanical_legs,06_POSE,0,3196,3782,2
1515361,white_theme,02_COMPOSITION,0,3194,3783,2
1327736,purple_coat,09_CLOTHING,0,3191,3784,2
633519,american_flag_bikini,09_CLOTHING,0,3189,3785,2
419258,child_on_child,04_PEOPLE,0,3186,3786,2
2848,wedding,03_ENVIROMENT,0,3186,3787,2
493584,striped_pants,09_CLOTHING,0,3185,3788,2
1819565,jirai_kei,05_CHARACTER,0,3185,3789,2
1326377,black_corset,09_CLOTHING,0,3183,3790,2
489623,glowstick,11_PROMPT,0,3181,3791,2
1338640,yellow_scrunchie,10_PROPS,0,3178,3792,1
433752,yunomi,10_PROPS,0,3177,3793,1
662701,brown_ribbon,10_PROPS,0,3177,3794,2
15996,moonlight,03_ENVIROMENT,0,3176,3795,2
481778,stage_lights,02_COMPOSITION,0,3176,3796,2
816551,jackal_ears,08_ANATOMY,0,3174,3797,2
464876,bento,05_CHARACTER,0,3172,3798,2
1637933,evolutionary_line,08_ANATOMY,0,3172,3799,2
523426,hand_grab,06_POSE,0,3171,3800,2
2316,carpet,11_PROMPT,0,3168,3801,2
1447394,whistle_around_neck,10_PROPS,0,3168,3802,2
640820,spoken_anger_vein,08_ANATOMY,0,3166,3803,2
9101,cigar,11_PROMPT,0,3166,3804,2
511736,heart_in_mouth,07_EXPRESSIONS,0,3166,3805,2
1627141,gae_bolg_(fate),05_CHARACTER,0,3164,3806,2
587435,side_cutout,06_POSE,0,3164,3807,2
1300390,bandaged_head,10_PROPS,0,3163,3808,2
619992,world_war_ii,02_COMPOSITION,0,3161,3809,2
1928414,high_side_ponytail,08_ANATOMY,0,3160,3810,2
526974,coffee_cup,10_PROPS,0,3160,3811,2
1343802,holding_basket,06_POSE,0,3159,3812,2
1431325,mismatched_bikini,09_CLOTHING,0,3159,3813,2
429439,fetal_position,06_POSE,0,3156,3814,2
521817,black_feathers,08_ANATOMY,0,3156,3815,2
471577,red_socks,09_CLOTHING,0,3156,3816,2
459289,blue_lips,08_ANATOMY,0,3156,3817,2
449624,bass_guitar,10_PROPS,0,3153,3818,2
590943,neck_ruff,10_PROPS,0,3153,3819,2
1409831,kuromorimine_military_uniform,09_CLOTHING,0,3152,3820,2
7867,orc,11_PROMPT,0,3145,3821,2
1261354,feather_trim,08_ANATOMY,0,3144,3822,2
578713,giving,11_PROMPT,0,3143,3823,2
10631,paddle,10_PROPS,0,3142,3824,2
2490,pirate,05_CHARACTER,0,3140,3825,2
1252969,white_nails,08_ANATOMY,0,3140,3826,2
1287705,song_name,02_COMPOSITION,0,3138,3827,2
399594,urethra,11_PROMPT,0,3137,3828,2
540097,turtle_shell,10_PROPS,0,3136,3829,2
437149,tongue_piercing,10_PROPS,0,3135,3830,2
470159,jealous,07_EXPRESSIONS,0,3133,3831,2
410379,praying,11_PROMPT,0,3125,3832,2
510070,:i,07_EXPRESSIONS,0,3124,3833,2
160066,driving,11_PROMPT,0,3122,3834,2
699975,shoulder_spikes,09_CLOTHING,0,3122,3835,2
402204,holding_panties,06_POSE,0,3119,3836,2
1328016,o-ring_choker,10_PROPS,0,3118,3837,2
381372,cold,11_PROMPT,0,3117,3838,2
1349485,clover_hair_ornament,08_ANATOMY,0,3116,3839,2
375272,evening_gown,09_CLOTHING,0,3115,3840,2
1582499,scar_on_forehead,08_ANATOMY,0,3115,3841,2
32298,duffel_bag,10_PROPS,0,3113,3842,2
610726,shared_clothes,09_CLOTHING,0,3112,3843,2
1392007,pink_bodysuit,09_CLOTHING,0,3110,3844,2
1258390,holding_leash,06_POSE,0,3108,3845,2
1474162,gekkoukan_high_school_uniform,09_CLOTHING,0,3108,3846,2
9921,panda,04_PEOPLE,0,3107,3847,2
692860,alternate_legwear,09_CLOTHING,0,3106,3848,2
486062,on_lap,06_POSE,0,3102,3849,2
390154,left-to-right_manga,05_CHARACTER,0,3102,3850,2
1312065,chinese_knot,10_PROPS,0,3099,3851,2
10340,shark,04_PEOPLE,0,3096,3852,2
699142,diamond-shaped_pupils,08_ANATOMY,0,3095,3853,1
482936,long_pointy_ears,08_ANATOMY,0,3089,3854,1
675346,frilled_ribbon,10_PROPS,0,3088,3855,2
1350232,orange_shorts,09_CLOTHING,0,3084,3856,2
400905,talisman,10_PROPS,0,3082,3857,2
1446770,instant_loss,11_PROMPT,0,3082,3858,2
456655,broken_glass,11_PROMPT,0,3081,3859,2
1386147,holding_hammer,06_POSE,0,3080,3860,2
2006756,unworn_shirt,09_CLOTHING,0,3080,3861,2
581705,sitting_on_desk,06_POSE,0,3079,3862,2
776463,enpera,11_PROMPT,0,3079,3863,2
409034,bite_mark,10_PROPS,0,3078,3864,2
556999,two-footed_footjob,06_POSE,0,3076,3865,2
3874,sink,03_ENVIROMENT,0,3076,3866,2
1984282,cum_on_male,11_PROMPT,0,3076,3867,1
468923,screaming,11_PROMPT,0,3073,3868,2
575698,torn_cape,09_CLOTHING,0,3073,3869,2
550123,sitting_on_face,06_POSE,0,3072,3870,2
514239,holding_condom,06_POSE,0,3070,3871,2
417408,keyhole,03_ENVIROMENT,0,3070,3872,2
700189,finger_in_another's_mouth,06_POSE,0,3069,3873,2
612542,bow_bikini,09_CLOTHING,0,3068,3874,2
572679,rubbing_eyes,06_POSE,0,3067,3875,1
676653,mouse_(computer),10_PROPS,0,3064,3876,2
1793456,cooperative_fellatio,11_PROMPT,0,3063,3877,2
10309,fashion,09_CLOTHING,0,3061,3878,2
673057,matching_outfits,09_CLOTHING,0,3060,3879,2
622606,anime_coloring,05_CHARACTER,0,3057,3880,2
1389873,orange_kimono,09_CLOTHING,0,3055,3881,2
1457889,red_armband,10_PROPS,0,3055,3882,2
466898,strangling,06_POSE,0,3053,3883,2
1723482,flame-tipped_tail,08_ANATOMY,0,3052,3884,2
1321704,string_of_flags,10_PROPS,0,3051,3885,2
653053,strapless_shirt,09_CLOTHING,0,3050,3886,2
628271,turning_head,06_POSE,0,3047,3887,2
1482386,tiger_boy,04_PEOPLE,0,3047,3888,1
474252,path,03_ENVIROMENT,0,3046,3889,2
393321,scratches,11_PROMPT,0,3046,3890,2
615392,hair_horns,08_ANATOMY,0,3046,3891,2
1268348,pawpads,11_PROMPT,0,3045,3892,2
10412,shaved_ice,08_ANATOMY,0,3044,3893,2
242,princess,04_PEOPLE,0,3044,3894,2
1343930,black_hakama,05_CHARACTER,0,3043,3895,2
644284,holding_sign,06_POSE,0,3043,3896,2
413035,soccer_ball,10_PROPS,0,3041,3897,2
438849,pill,11_PROMPT,0,3041,3898,2
1631337,shimakaze_(kancolle)_(cosplay),05_CHARACTER,0,3039,3899,2
961827,pink_hoodie,09_CLOTHING,0,3038,3900,2
12396,ice_cube,11_PROMPT,0,3037,3901,2
1449257,gem_uniform_(houseki_no_kuni),05_CHARACTER,0,3034,3902,2
10168,suspension,11_PROMPT,0,3033,3903,2
1515354,brown_theme,02_COMPOSITION,0,3031,3904,2
645791,patterned_background,02_COMPOSITION,0,3030,3905,2
395226,shoulder_carry,06_POSE,0,3030,3906,2
390993,sigh,07_EXPRESSIONS,0,3026,3907,2
473040,tombstone,10_PROPS,0,3026,3908,2
1856853,asticassia_school_uniform,09_CLOTHING,0,3024,3909,1
684621,puffy_detached_sleeves,09_CLOTHING,0,3022,3910,2
616023,aqua_dress,09_CLOTHING,0,3019,3911,2
1521615,skin_fangs,08_ANATOMY,0,3018,3912,2
691977,egyptian_clothes,09_CLOTHING,0,3017,3913,2
409526,thigh_sex,11_PROMPT,0,3016,3914,1
484124,deer_ears,08_ANATOMY,0,3015,3915,2
573757,beach_towel,09_CLOTHING,0,3014,3916,2
549590,uneven_gloves,06_POSE,0,3013,3917,2
862221,club_(weapon),10_PROPS,0,3010,3918,2
1411720,medium_dress,09_CLOTHING,0,3008,3919,2
554120,dirty_face,11_PROMPT,0,3007,3920,2
376473,mallet,10_PROPS,0,3006,3921,2
426146,fur_coat,09_CLOTHING,0,3005,3922,2
1499947,looking_over_eyewear,08_ANATOMY,0,3004,3923,2
1403936,bodysuit_under_clothes,09_CLOTHING,0,2999,3924,2
374334,open_shorts,09_CLOTHING,0,2998,3925,2
717296,hand_in_another's_hair,06_POSE,0,2997,3926,2
1234797,foot_up,06_POSE,0,2995,3927,2
3917,toothbrush,10_PROPS,0,2992,3928,2
468817,flower_wreath,03_ENVIROMENT,0,2990,3929,2
640801,clothes_in_mouth,09_CLOTHING,0,2989,3930,2
400527,skirt_tug,09_CLOTHING,0,2988,3931,2
11486,jellyfish,04_PEOPLE,0,2986,3932,2
482447,tailcoat,09_CLOTHING,0,2984,3933,2
1373030,pink-framed_eyewear,09_CLOTHING,0,2983,3934,2
1344462,blue_apron,09_CLOTHING,0,2982,3935,2
1305007,chest_belt,09_CLOTHING,0,2982,3936,2
1330014,year_of_the_tiger,02_COMPOSITION,0,2982,3937,2
859661,red_cloak,09_CLOTHING,0,2979,3938,2
5871,restaurant,03_ENVIROMENT,0,2976,3939,2
876681,year_of_the_rabbit,02_COMPOSITION,0,2972,3940,2
1261917,looking_at_phone,11_PROMPT,0,2971,3941,2
1434570,hadanugi_dousa,05_CHARACTER,0,2968,3942,2
475709,bandaid_on_pussy,11_PROMPT,0,2966,3943,2
664440,lace-trimmed_dress,09_CLOTHING,0,2965,3944,2
662500,caterpillar_tracks,10_PROPS,0,2962,3945,2
700045,stray_pubic_hair,08_ANATOMY,0,2962,3946,2
1307801,feather_earrings,10_PROPS,0,2962,3947,2
1427258,holding_sack,06_POSE,0,2961,3948,2
14074,raincoat,09_CLOTHING,0,2960,3949,2
380573,quill,10_PROPS,0,2956,3950,2
525182,santa_bikini,09_CLOTHING,0,2956,3951,2
1502082,brown_sweater_vest,09_CLOTHING,0,2952,3952,1
513765,broken_horn,10_PROPS,0,2950,3953,2
588453,laurel_crown,10_PROPS,0,2948,3954,2
1975377,loose_hair_strand,08_ANATOMY,0,2946,3955,2
477184,large_hat,10_PROPS,0,2945,3956,2
519626,on_table,06_POSE,0,2941,3957,2
1468295,quarter_note,10_PROPS,0,2939,3958,2
618149,yugake,11_PROMPT,0,2938,3959,2
427771,omelet,05_CHARACTER,0,2937,3960,2
69844,pig,04_PEOPLE,0,2937,3961,2
297185,drumsticks,10_PROPS,0,2935,3962,2
633809,eastern_dragon,05_CHARACTER,0,2935,3963,2
414783,padlock,11_PROMPT,0,2935,3964,2
673352,flaming_eye,08_ANATOMY,0,2932,3965,2
702226,holding_cat,06_POSE,0,2931,3966,2
410525,typo,07_EXPRESSIONS,0,2929,3967,2
468765,pith_helmet,10_PROPS,0,2929,3968,2
398229,people,04_PEOPLE,0,2928,3969,1
3537,sticker,10_PROPS,0,2928,3970,2
400119,melting,11_PROMPT,0,2927,3971,2
390096,hill,03_ENVIROMENT,0,2927,3972,2
1403984,brown_capelet,09_CLOTHING,0,2927,3973,2
1279634,mating_press,11_PROMPT,0,2923,3974,2
1298625,open-chest_sweater,09_CLOTHING,0,2920,3975,1
1667891,pom_pom_hair_ornament,08_ANATOMY,0,2918,3976,2
377197,desert,03_ENVIROMENT,0,2917,3977,2
494832,faux_traditional_media,02_COMPOSITION,0,2915,3978,2
382047,sunrise,03_ENVIROMENT,0,2911,3979,2
444189,arabian_clothes,09_CLOTHING,0,2911,3980,2
1446284,looking_at_animal,08_ANATOMY,0,2910,3981,2
527607,magazine_(object),10_PROPS,0,2905,3982,2
1262166,seamed_legwear,09_CLOTHING,0,2905,3983,2
662965,tokkuri,05_CHARACTER,0,2901,3984,2
1609053,twitching_penis,11_PROMPT,0,2901,3985,2
466731,ear_tag,10_PROPS,0,2901,3986,2
421506,head_grab,06_POSE,0,2900,3987,2
625484,glitch,02_COMPOSITION,0,2900,3988,2
378452,hand_in_panties,06_POSE,0,2899,3989,2
1333530,grey_fur,08_ANATOMY,0,2899,3990,2
1315557,grey_bow,10_PROPS,0,2899,3991,2
570082,swirl_lollipop,11_PROMPT,0,2895,3992,2
405207,arch,03_ENVIROMENT,0,2895,3993,2
25477,chemise,07_EXPRESSIONS,0,2893,3994,2
661191,aqua_skirt,09_CLOTHING,0,2892,3995,2
605757,pant_suit,09_CLOTHING,0,2891,3996,2
595850,hooded_cape,09_CLOTHING,0,2891,3997,2
399308,walk-in,11_PROMPT,0,2889,3998,2
687728,hands_on_own_head,06_POSE,0,2886,3999,2
2553,basketball,11_PROMPT,0,2884,4000,2
1467949,single_ear_cover,10_PROPS,0,2883,4001,2
602427,wrestling_outfit,09_CLOTHING,0,2880,4002,2
9032,attack,11_PROMPT,0,2877,4003,1
379555,graffiti,02_COMPOSITION,0,2875,4004,2
484578,disembodied_head,08_ANATOMY,0,2874,4005,2
1700602,thick_arms,06_POSE,0,2874,4006,2
1334708,holding_paintbrush,06_POSE,0,2872,4007,2
1350604,cat_ear_panties,09_CLOTHING,0,2872,4008,2
844443,red_umbrella,03_ENVIROMENT,0,2871,4009,2
1422826,sangvis_ferri,05_CHARACTER,0,2869,4010,2
445826,phimosis,08_ANATOMY,0,2867,4011,2
784913,wife_and_wife,11_PROMPT,0,2866,4012,2
528555,flat_ass,11_PROMPT,0,2865,4013,2
477241,birthday_cake,11_PROMPT,0,2865,4014,2
1338653,fur_scarf,09_CLOTHING,0,2865,4015,2
619600,zombie_pose,06_POSE,0,2856,4016,1
686220,pink_sleeves,09_CLOTHING,0,2853,4017,2
388452,sweets,11_PROMPT,0,2852,4018,2
1247633,narrowed_eyes,07_EXPRESSIONS,0,2851,4019,1
396063,asphyxiation,11_PROMPT,0,2850,4020,1
422821,safety_pin,10_PROPS,0,2849,4021,2
669792,futa_with_male,11_PROMPT,0,2849,4022,1
1076181,flower_(symbol),11_PROMPT,0,2849,4023,1
11943,zero_suit,09_CLOTHING,0,2844,4024,1
13691,bomber_jacket,09_CLOTHING,0,2844,4025,2
553947,>_o,07_EXPRESSIONS,0,2844,4026,1
1399795,no_eyewear,11_PROMPT,0,2843,4027,1
379208,smelling,11_PROMPT,0,2840,4028,2
1338775,patterned_clothing,09_CLOTHING,0,2840,4029,2
1943362,very_sweaty,11_PROMPT,0,2840,4030,2
1451957,naoetsu_high_school_uniform,09_CLOTHING,0,2835,4031,2
1390886,brown_kimono,09_CLOTHING,0,2834,4032,2
109323,cliff,03_ENVIROMENT,0,2834,4033,2
1286664,kabedon,02_COMPOSITION,0,2834,4034,2
469020,rice_bowl,03_ENVIROMENT,0,2831,4035,2
613439,roman_numeral,05_CHARACTER,0,2831,4036,2
1420004,blur_censor,02_COMPOSITION,0,2829,4037,2
404541,hexagram,11_PROMPT,0,2826,4038,2
1253523,\||/,06_POSE,0,2826,4039,1
13606,cervix,11_PROMPT,0,2826,4040,2
821841,2019,02_COMPOSITION,0,2826,4041,1
1330708,purple_sweater,09_CLOTHING,0,2824,4042,1
393832,impregnation,11_PROMPT,0,2824,4043,2
1438761,high-waist_pants,09_CLOTHING,0,2823,4044,2
375083,tuxedo,09_CLOTHING,0,2820,4045,2
598410,ceiling_light,03_ENVIROMENT,0,2820,4046,2
473703,car_interior,02_COMPOSITION,0,2818,4047,2
104991,have_to_pee,11_PROMPT,0,2818,4048,2
688904,overskirt,11_PROMPT,0,2818,4049,2
420294,yellow_skin,08_ANATOMY,0,2817,4050,1
422126,moss,11_PROMPT,0,2815,4051,2
1597364,chain_leash,10_PROPS,0,2812,4052,2
543351,crossed_bandaids,09_CLOTHING,0,2812,4053,2
423600,bit_gag,07_EXPRESSIONS,0,2810,4054,2
1416804,orange_scrunchie,09_CLOTHING,0,2809,4055,2
189096,anal_fingering,06_POSE,0,2808,4056,2
2626,volleyball,04_PEOPLE,0,2807,4057,2
622943,cover_image,02_COMPOSITION,0,2806,4058,2
4031,negligee,05_CHARACTER,0,2805,4059,2
673610,green_choker,10_PROPS,0,2805,4060,2
381887,caught,11_PROMPT,0,2803,4061,2
395568,cyberpunk,11_PROMPT,0,2803,4062,2
1768472,borrowed_clothes,09_CLOTHING,0,2802,4063,2
14927,dessert,11_PROMPT,0,2801,4064,2
643796,power_symbol,10_PROPS,0,2797,4065,2
534340,calendar_(object),03_ENVIROMENT,0,2794,4066,2
1578780,diagonal-striped_necktie,10_PROPS,0,2793,4067,1
653262,back_tattoo,10_PROPS,0,2791,4068,2
16335,spatula,03_ENVIROMENT,0,2791,4069,2
1404865,brown_sailor_collar,09_CLOTHING,0,2791,4070,2
518423,black_leggings,09_CLOTHING,0,2791,4071,2
666929,light_trail,03_ENVIROMENT,0,2789,4072,2
564233,hand_on_hilt,06_POSE,0,2788,4073,2
1161083,2018,02_COMPOSITION,0,2787,4074,1
418007,o3o,05_CHARACTER,0,2786,4075,2
664066,aqua_ribbon,10_PROPS,0,2786,4076,2
673694,large_tail,08_ANATOMY,0,2786,4077,2
1695986,tied_up_(nonsexual),06_POSE,0,2785,4078,2
1581461,bread_slice,11_PROMPT,0,2785,4079,2
467696,black_rose,11_PROMPT,0,2779,4080,2
697213,averting_eyes,07_EXPRESSIONS,0,2779,4081,1
550621,head_back,06_POSE,0,2778,4082,2
433619,dreadlocks,08_ANATOMY,0,2777,4083,2
87501,wire,10_PROPS,0,2776,4084,2
499060,ainu_clothes,09_CLOTHING,0,2776,4085,2
1344665,yellow_vest,09_CLOTHING,0,2774,4086,1
539585,sleeping_upright,06_POSE,0,2773,4087,2
657424,candlestand,11_PROMPT,0,2772,4088,2
455175,smiley_face,07_EXPRESSIONS,0,2768,4089,2
1416546,red_hoodie,09_CLOTHING,0,2767,4090,2
1052255,drawing_(object),02_COMPOSITION,0,2766,4091,2
481514,white_suit,09_CLOTHING,0,2765,4092,2
1260991,pink_pants,09_CLOTHING,0,2764,4093,2
1331430,bandaid_on_arm,06_POSE,0,2764,4094,2
511515,grimace,07_EXPRESSIONS,0,2763,4095,2
396726,wreath,11_PROMPT,0,2763,4096,2
1268355,carrot_necklace,10_PROPS,0,2762,4097,2
1253396,character_hair_ornament,08_ANATOMY,0,2762,4098,2
1370858,mechanical_horns,10_PROPS,0,2762,4099,2
880368,humanoid_robot,04_PEOPLE,0,2760,4100,2
2075856,pulling_another's_clothes,06_POSE,0,2757,4101,2
1374594,grey-framed_eyewear,09_CLOTHING,0,2756,4102,2
398742,pastry,11_PROMPT,0,2755,4103,2
1277599,ribbon-trimmed_skirt,09_CLOTHING,0,2754,4104,2
683211,carrying_over_shoulder,06_POSE,0,2754,4105,2
379432,lights,03_ENVIROMENT,0,2752,4106,2
663171,sun_symbol,05_CHARACTER,0,2752,4107,2
457376,milk_bottle,10_PROPS,0,2751,4108,2
1605926,see-through_legwear,09_CLOTHING,0,2750,4109,2
555933,sword_of_hisou,05_CHARACTER,0,2750,4110,2
1423058,facing_to_the_side,06_POSE,0,2749,4111,2
712510,bare_hips,09_CLOTHING,0,2748,4112,2
601821,nape,06_POSE,0,2748,4113,2
1673151,uneven_sleeves,09_CLOTHING,0,2748,4114,2
480812,steam_censor,11_PROMPT,0,2745,4115,2
478965,light_bulb,10_PROPS,0,2745,4116,2
560724,belly_chain,09_CLOTHING,0,2744,4117,2
909672,star_halo,03_ENVIROMENT,0,2744,4118,2
521350,color_guide,02_COMPOSITION,0,2742,4119,2
1606642,white_male_underwear,09_CLOTHING,0,2741,4120,1
3139,samurai,05_CHARACTER,0,2735,4121,2
478424,striker_unit,10_PROPS,0,2734,4122,2
377993,petting,11_PROMPT,0,2730,4123,2
647581,look-alike,11_PROMPT,0,2728,4124,2
1285391,turtleneck_dress,09_CLOTHING,0,2728,4125,2
646637,cocktail_glass,10_PROPS,0,2727,4126,2
1243347,mega_pokemon,05_CHARACTER,0,2726,4127,2
514885,after_kiss,11_PROMPT,0,2725,4128,2
491230,horseback_riding,03_ENVIROMENT,0,2724,4129,2
453104,cameo,11_PROMPT,0,2724,4130,2
506895,ankle_cuffs,09_CLOTHING,0,2721,4131,2
1505132,russian_text,02_COMPOSITION,0,2721,4132,2
835764,untied_panties,09_CLOTHING,0,2719,4133,2
3993,mop,11_PROMPT,0,2718,4134,2
1241321,striped_horns,10_PROPS,0,2718,4135,2
623327,creator_connection,05_CHARACTER,0,2718,4136,2
666137,aqua_bikini,09_CLOTHING,0,2718,4137,2
1328259,multiple_moles,08_ANATOMY,0,2717,4138,2
1476167,holding_handheld_game_console,06_POSE,0,2716,4139,2
1665195,reference_inset,10_PROPS,0,2715,4140,2
1397369,year_of_the_ox,11_PROMPT,0,2712,4141,1
478305,striped_sleeves,09_CLOTHING,0,2711,4142,2
1270535,curtained_hair,08_ANATOMY,0,2710,4143,2
403183,nail,10_PROPS,0,2709,4144,2
427930,liquid,11_PROMPT,0,2708,4145,2
475076,cat_hat,10_PROPS,0,2707,4146,2
660754,aqua_shirt,09_CLOTHING,0,2707,4147,2
485269,clothes_hanger,09_CLOTHING,0,2706,4148,2
514196,cat_print,10_PROPS,0,2703,4149,2
222208,eraser,10_PROPS,0,2702,4150,2
1336227,red_bag,09_CLOTHING,0,2702,4151,2
1853,tribadism,11_PROMPT,0,2701,4152,2
839099,green_lips,08_ANATOMY,0,2701,4153,2
1538888,kitauji_high_school_uniform,09_CLOTHING,0,2701,4154,2
1410787,st._gloriana's_school_uniform,09_CLOTHING,0,2700,4155,2
490692,shading_eyes,06_POSE,0,2699,4156,1
1438860,black_sash,09_CLOTHING,0,2698,4157,2
1618015,slime_(creature),11_PROMPT,0,2697,4158,2
879036,false_smile,07_EXPRESSIONS,0,2696,4159,2
1356833,frilled_capelet,10_PROPS,0,2696,4160,2
1231015,character_print,10_PROPS,0,2695,4161,2
448198,shako_cap,10_PROPS,0,2695,4162,2
16614,diadem,11_PROMPT,0,2695,4163,2
3054,curry,11_PROMPT,0,2694,4164,2
1233843,impossible_bodysuit,09_CLOTHING,0,2694,4165,2
416356,corpse,11_PROMPT,0,2693,4166,2
452530,ok_sign,07_EXPRESSIONS,0,2692,4167,2
555866,pillow_grab,06_POSE,0,2692,4168,2
484182,nose_piercing,10_PROPS,0,2691,4169,2
1393295,orange_choker,10_PROPS,0,2690,4170,2
10638,boxers,09_CLOTHING,0,2689,4171,2
461720,buzz_cut,08_ANATOMY,0,2687,4172,2
1426454,holding_clipboard,06_POSE,0,2686,4173,2
1360724,brown_cape,09_CLOTHING,0,2686,4174,2
8279,church,03_ENVIROMENT,0,2683,4175,2
374542,daisy,04_PEOPLE,0,2683,4176,2
498627,short_sword,10_PROPS,0,2681,4177,2
1204400,playing_with_own_hair,08_ANATOMY,0,2680,4178,2
1345684,holding_syringe,10_PROPS,0,2679,4179,2
514943,torn_shorts,09_CLOTHING,0,2679,4180,2
1240596,mole_on_neck,08_ANATOMY,0,2679,4181,2
475212,very_long_sleeves,09_CLOTHING,0,2678,4182,2
420749,turban,05_CHARACTER,0,2677,4183,2
551169,transparent_umbrella,02_COMPOSITION,0,2672,4184,2
495002,skirt_around_one_leg,09_CLOTHING,0,2669,4185,2
644564,butterfly_print,10_PROPS,0,2669,4186,2
911862,mask_pull,06_POSE,0,2669,4187,2
631055,tree_shade,03_ENVIROMENT,0,2668,4188,2
460050,sleep_molestation,04_PEOPLE,0,2665,4189,2
495234,inflatable_toy,10_PROPS,0,2665,4190,2
655271,naked_jacket,09_CLOTHING,0,2665,4191,2
530881,spilling,11_PROMPT,0,2663,4192,2
1835734,red_one-piece_swimsuit,09_CLOTHING,0,2663,4193,2
643401,dragon_boy,04_PEOPLE,0,2663,4194,1
550560,oni_mask,05_CHARACTER,0,2658,4195,2
417809,denim_skirt,09_CLOTHING,0,2657,4196,2
724196,thigh_pouch,10_PROPS,0,2657,4197,1
10736,spandex,09_CLOTHING,0,2656,4198,2
648389,spread_fingers,06_POSE,0,2656,4199,2
854287,ribbed_legwear,09_CLOTHING,0,2654,4200,2
379744,counter,03_ENVIROMENT,0,2652,4201,2
1305912,notched_lapels,08_ANATOMY,0,2650,4202,2
585851,bound_ankles,06_POSE,0,2649,4203,2
433470,fanny_pack,09_CLOTHING,0,2649,4204,2
540105,fleeing,11_PROMPT,0,2647,4205,2
440361,lipstick_mark,10_PROPS,0,2646,4206,2
1513962,tam_o'_shanter,05_CHARACTER,0,2645,4207,2
632927,alternate_headwear,09_CLOTHING,0,2641,4208,2
556491,convenient_arm,06_POSE,0,2640,4209,2
1281997,asymmetrical_horns,08_ANATOMY,0,2640,4210,1
1418114,green_hoodie,09_CLOTHING,0,2639,4211,2
413782,d-pad,10_PROPS,0,2638,4212,2
695921,white_sash,09_CLOTHING,0,2637,4213,2
1161081,2016,02_COMPOSITION,0,2629,4214,1
1412053,magatama_necklace,10_PROPS,0,2628,4215,2
690509,purple_sky,03_ENVIROMENT,0,2627,4216,2
1408089,star_choker,10_PROPS,0,2627,4217,2
667237,oversized_animal,08_ANATOMY,0,2626,4218,2
1726780,egg_(food),10_PROPS,0,2626,4219,2
667586,single_pauldron,06_POSE,0,2625,4220,2
1414514,purple_sailor_collar,10_PROPS,0,2622,4221,2
10861,town,03_ENVIROMENT,0,2620,4222,2
419919,diving_mask,11_PROMPT,0,2620,4223,2
519346,short_bangs,08_ANATOMY,0,2619,4224,2
410599,crotchless_panties,09_CLOTHING,0,2618,4225,2
379758,cave,03_ENVIROMENT,0,2617,4226,2
458230,strapless_bra,09_CLOTHING,0,2615,4227,2
1289190,vertical-striped_skirt,09_CLOTHING,0,2615,4228,2
1448374,reflective_water,03_ENVIROMENT,0,2614,4229,2
479466,fine_art_parody,02_COMPOSITION,0,2613,4230,2
1608327,mixed-language_text,05_CHARACTER,0,2613,4231,2
1494963,orange-tinted_eyewear,08_ANATOMY,0,2611,4232,2
546937,cracked_skin,11_PROMPT,0,2610,4233,2
8371,hamster,04_PEOPLE,0,2610,4234,2
539390,insignia,10_PROPS,0,2610,4235,2
711978,clothed_animal,09_CLOTHING,0,2609,4236,2
419890,rug,09_CLOTHING,0,2608,4237,2
399776,torch,11_PROMPT,0,2608,4238,2
1614785,finger_to_own_chin,06_POSE,0,2607,4239,2
381796,satchel,10_PROPS,0,2603,4240,2
439517,nose_bubble,11_PROMPT,0,2602,4241,2
374503,strawberry_shortcake,11_PROMPT,0,2602,4242,2
1670355,furry_with_furry,08_ANATOMY,0,2602,4243,2
376636,confused,11_PROMPT,0,2601,4244,2
488880,fourth_wall,02_COMPOSITION,0,2601,4245,2
1174935,hand_on_own_leg,06_POSE,0,2599,4246,2
4381,ufo,03_ENVIROMENT,0,2598,4247,2
631042,pool_ladder,03_ENVIROMENT,0,2598,4248,2
442051,dust,11_PROMPT,0,2596,4249,2
669534,clothes_down,09_CLOTHING,0,2594,4250,2
2909,cyclops,04_PEOPLE,0,2593,4251,2
1373028,yellow-framed_eyewear,10_PROPS,0,2592,4252,1
5058,surfboard,03_ENVIROMENT,0,2591,4253,2
429442,patch,11_PROMPT,0,2590,4254,2
1793517,legwear_garter,09_CLOTHING,0,2589,4255,2
389909,potato_chips,10_PROPS,0,2589,4256,2
498823,burning,11_PROMPT,0,2588,4257,2
1391834,feather-trimmed_sleeves,09_CLOTHING,0,2587,4258,2
1916192,traditional_nun,09_CLOTHING,0,2584,4259,2
561087,covering_nipples,11_PROMPT,0,2582,4260,2
403072,rocket_launcher,03_ENVIROMENT,0,2581,4261,2
1409556,ooarai_military_uniform,09_CLOTHING,0,2581,4262,2
385780,high_contrast,02_COMPOSITION,0,2580,4263,2
384086,jet,11_PROMPT,0,2580,4264,2
435180,bad_hands,06_POSE,0,2579,4265,2
519892,naked_coat,09_CLOTHING,0,2578,4266,2
1513986,creature_and_personification,05_CHARACTER,0,2578,4267,2
377200,balcony,03_ENVIROMENT,0,2577,4268,2
442279,vial,10_PROPS,0,2577,4269,2
562075,plaid_bikini,09_CLOTHING,0,2576,4270,2
434965,studded_belt,09_CLOTHING,0,2571,4271,2
876848,bandage_on_face,06_POSE,0,2571,4272,2
541927,manga_(object),05_CHARACTER,0,2571,4273,2
402726,spanked,11_PROMPT,0,2570,4274,2
1739,shrimp,11_PROMPT,0,2568,4275,2
470701,cube,11_PROMPT,0,2565,4276,2
635465,twitching,11_PROMPT,0,2561,4277,2
674367,starry_sky_print,03_ENVIROMENT,0,2559,4278,2
701781,calendar_(medium),03_ENVIROMENT,0,2558,4279,2
1793464,cheating_(relationship),11_PROMPT,0,2556,4280,2
502382,hyur,05_CHARACTER,0,2555,4281,1
398959,trick_or_treat,11_PROMPT,0,2554,4282,2
416493,red_sky,03_ENVIROMENT,0,2554,4283,2
541224,heart_hands_duo,06_POSE,0,2553,4284,2
410605,shared_scarf,09_CLOTHING,0,2552,4285,2
1609998,after_ejaculation,11_PROMPT,0,2551,4286,2
425236,pulling,06_POSE,0,2550,4287,2
1557673,pendant_choker,10_PROPS,0,2550,4288,2
1161082,2017,02_COMPOSITION,0,2547,4289,1
1343849,fellatio_gesture,06_POSE,0,2546,4290,2
536151,snake_tail,08_ANATOMY,0,2546,4291,2
635980,impossible_leotard,11_PROMPT,0,2544,4292,2
641695,aerial_fireworks,11_PROMPT,0,2543,4293,1
5494,harem,04_PEOPLE,0,2540,4294,2
1268086,pink_bag,09_CLOTHING,0,2539,4295,2
77315,worried,07_EXPRESSIONS,0,2538,4296,2
447322,korean_clothes,09_CLOTHING,0,2538,4297,2
423171,prayer_beads,10_PROPS,0,2537,4298,2
1598810,nontraditional_playboy_bunny,04_PEOPLE,0,2537,4299,2
612699,dirty_clothes,09_CLOTHING,0,2537,4300,2
493037,drawer,03_ENVIROMENT,0,2534,4301,2
453756,;3,07_EXPRESSIONS,0,2534,4302,2
670532,holding_pencil,06_POSE,0,2532,4303,2
542457,2015,02_COMPOSITION,0,2532,4304,1
1787327,shuuchiin_academy_school_uniform,09_CLOTHING,0,2532,4305,2
421313,product_placement,03_ENVIROMENT,0,2531,4306,2
461237,skewer,05_CHARACTER,0,2529,4307,2
576093,hands_on_lap,06_POSE,0,2529,4308,2
551641,thigh_ribbon,10_PROPS,0,2529,4309,1
1276335,fur-trimmed_legwear,09_CLOTHING,0,2528,4310,2
1227460,hands_on_another's_head,06_POSE,0,2527,4311,2
6267,whale,11_PROMPT,0,2526,4312,2
526532,oversized_shirt,09_CLOTHING,0,2524,4313,2
528616,drone,03_ENVIROMENT,0,2524,4314,2
492858,lemon_slice,11_PROMPT,0,2522,4315,2
1342607,holding_lantern,06_POSE,0,2522,4316,2
511657,alternate_form,11_PROMPT,0,2520,4317,1
2281,festival,03_ENVIROMENT,0,2519,4318,2
521722,nengajou,11_PROMPT,0,2519,4319,1
1574672,two-sided_cape,06_POSE,0,2519,4320,2
1098217,drawing_tablet,02_COMPOSITION,0,2518,4321,2
1332003,champagne_flute,10_PROPS,0,2516,4322,2
1577661,dynamax_band,10_PROPS,0,2516,4323,2
383903,vending_machine,10_PROPS,0,2513,4324,2
1442709,fewer_digits,02_COMPOSITION,0,2512,4325,2
453886,cosmetics,11_PROMPT,0,2511,4326,2
394155,instrument_case,10_PROPS,0,2509,4327,2
547292,reflective_floor,02_COMPOSITION,0,2509,4328,2
480182,keyboard_(instrument),10_PROPS,0,2508,4329,2
645001,assault_visor,10_PROPS,0,2508,4330,1
381727,open_skirt,09_CLOTHING,0,2507,4331,2
401614,tennis_uniform,09_CLOTHING,0,2505,4332,2
1372686,shark_hood,10_PROPS,0,2505,4333,2
454425,juice_box,10_PROPS,0,2504,4334,2
423438,racket,10_PROPS,0,2503,4335,2
287085,boxing_gloves,09_CLOTHING,0,2503,4336,2
1262479,plaid_bowtie,09_CLOTHING,0,2501,4337,2
661899,glowing_sword,05_CHARACTER,0,2500,4338,2
6327,afro,08_ANATOMY,0,2500,4339,2
1362227,holding_stick,06_POSE,0,2498,4340,2
1317604,panty_straps,09_CLOTHING,0,2498,4341,2
1570687,starter_pokemon_trio,05_CHARACTER,0,2498,4342,2
1964758,fake_phone_screenshot,02_COMPOSITION,0,2497,4343,2
1373024,white-framed_eyewear,09_CLOTHING,0,2496,4344,2
5983,briefs,09_CLOTHING,0,2495,4345,2
1392029,multicolored_bodysuit,09_CLOTHING,0,2493,4346,2
455722,curtain_grab,06_POSE,0,2489,4347,2
428250,plectrum,11_PROMPT,0,2488,4348,2
494944,flexing,06_POSE,0,2485,4349,2
118742,team_rocket,04_PEOPLE,0,2485,4350,1
498946,turnaround,07_EXPRESSIONS,0,2484,4351,2
1330230,black_wristband,09_CLOTHING,0,2484,4352,2
8721,breast_bondage,06_POSE,0,2483,4353,2
405548,tail_bell,10_PROPS,0,2482,4354,2
539771,incoming_gift,11_PROMPT,0,2480,4355,2
1691759,censored_nipples,11_PROMPT,0,2476,4356,2
8235,shuriken,05_CHARACTER,0,2475,4357,2
1447450,d-pad_hair_ornament,08_ANATOMY,0,2472,4358,2
565089,caustics,10_PROPS,0,2471,4359,2
378768,dreaming,11_PROMPT,0,2470,4360,2
381083,sketchbook,02_COMPOSITION,0,2466,4361,2
506562,tri_tails,08_ANATOMY,0,2464,4362,2
1912119,champion's_tunic_(zelda),09_CLOTHING,0,2464,4363,2
396962,sweatband,09_CLOTHING,0,2463,4364,2
543193,spread_wings,11_PROMPT,0,2461,4365,2
1113198,latex_bodysuit,09_CLOTHING,0,2461,4366,2
1314744,yellow_choker,10_PROPS,0,2460,4367,2
488259,skull_mask,10_PROPS,0,2459,4368,2
468635,coral,03_ENVIROMENT,0,2458,4369,2
1409793,grey_kimono,02_COMPOSITION,0,2455,4370,2
564526,vertical-striped_pantyhose,09_CLOTHING,0,2454,4371,2
379983,under_table,06_POSE,0,2452,4372,2
1999097,little_busters!_school_uniform,09_CLOTHING,0,2452,4373,2
1769934,finger_in_own_mouth,06_POSE,0,2447,4374,2
379794,cafe,03_ENVIROMENT,0,2447,4375,2
148824,dove,11_PROMPT,0,2446,4376,2
413859,footprints,03_ENVIROMENT,0,2444,4377,2
523897,fried_egg,11_PROMPT,0,2444,4378,2
513424,millipen_(medium),08_ANATOMY,0,2443,4379,2
457115,when_you_see_it,02_COMPOSITION,0,2442,4380,2
481420,blood_stain,11_PROMPT,0,2442,4381,2
559145,school_hat,10_PROPS,0,2440,4382,2
12284,gown,09_CLOTHING,0,2439,4383,2
501554,sweater_around_waist,11_PROMPT,0,2438,4384,1
1383226,ofuda_on_clothes,09_CLOTHING,0,2438,4385,2
1378575,monsterification,05_CHARACTER,0,2437,4386,2
1282702,wooden_bucket,10_PROPS,0,2435,4387,1
466439,sparks,11_PROMPT,0,2434,4388,2
570969,red_armor,09_CLOTHING,0,2432,4389,2
617893,sleeping_on_person,11_PROMPT,0,2432,4390,2
1274924,hand_on_another's_ass,06_POSE,0,2431,4391,2
530877,lace_bra,09_CLOTHING,0,2429,4392,2
1651209,fanbox_username,04_PEOPLE,0,2429,4393,2
670645,tactical_clothes,09_CLOTHING,0,2427,4394,2
1039733,licking_nipple,11_PROMPT,0,2425,4395,2
465814,video_camera,02_COMPOSITION,0,2422,4396,2
1439570,tall_female,04_PEOPLE,0,2422,4397,1
585,taiyaki,04_PEOPLE,0,2421,4398,2
9534,trumpet,10_PROPS,0,2420,4399,2
5114,turtle,04_PEOPLE,0,2420,4400,2
499,toast,11_PROMPT,0,2418,4401,2
4510,crepe,11_PROMPT,0,2418,4402,2
478938,impossible_dress,09_CLOTHING,0,2417,4403,2
1353605,standing_on_liquid,06_POSE,0,2417,4404,2
1452471,hikarizaka_private_high_school_uniform,09_CLOTHING,0,2416,4405,2
1269637,hands_on_headwear,06_POSE,0,2415,4406,2
466441,sweet_potato,11_PROMPT,0,2415,4407,2
1435804,bisexual_female,04_PEOPLE,0,2415,4408,1
560134,u_u,07_EXPRESSIONS,0,2415,4409,2
430139,single_vertical_stripe,09_CLOTHING,0,2414,4410,2
16150,keychain,10_PROPS,0,2411,4411,2
1281566,spiked_armlet,10_PROPS,0,2411,4412,2
1346997,holding_whip,06_POSE,0,2407,4413,2
1837805,traditional_youkai,05_CHARACTER,0,2404,4414,2
1926062,millennium_cheerleader_outfit_(blue_archive),09_CLOTHING,0,2400,4415,2
1617800,see-through_leotard,11_PROMPT,0,2399,4416,2
1396796,green_neckerchief,10_PROPS,0,2397,4417,2
469082,milk_carton,11_PROMPT,0,2397,4418,2
1791862,industrial_pipe,10_PROPS,0,2397,4419,2
533490,adjusting_gloves,06_POSE,0,2396,4420,1
1610038,o-ring_thigh_strap,09_CLOTHING,0,2396,4421,1
1743,baseball,11_PROMPT,0,2389,4422,2
2130,tanuki,05_CHARACTER,0,2389,4423,2
175633,comb,08_ANATOMY,0,2388,4424,2
558703,cheek_pinching,06_POSE,0,2388,4425,2
699964,pocky_day,11_PROMPT,0,2385,4426,2
548895,frilled_socks,09_CLOTHING,0,2384,4427,2
421443,spinning,06_POSE,0,2384,4428,2
1333731,hands_on_own_thighs,06_POSE,0,2383,4429,1
460720,wind_chime,03_ENVIROMENT,0,2383,4430,2
2022435,cone_horns,08_ANATOMY,0,2381,4431,2
1240137,swim_briefs,09_CLOTHING,0,2380,4432,2
610198,leotard_pull,06_POSE,0,2380,4433,2
1320208,grey_necktie,10_PROPS,0,2379,4434,1
380490,alarm_clock,10_PROPS,0,2378,4435,2
1552758,breast_curtain,09_CLOTHING,0,2378,4436,2
460146,hitachi_magic_wand,05_CHARACTER,0,2375,4437,2
1307551,holstered,09_CLOTHING,0,2374,4438,2
440406,buck_teeth,08_ANATOMY,0,2372,4439,2
390242,variations,02_COMPOSITION,0,2371,4440,2
15222,alley,03_ENVIROMENT,0,2371,4441,2
478170,anti-materiel_rifle,10_PROPS,0,2371,4442,1
819855,puffy_shorts,09_CLOTHING,0,2370,4443,2
378083,barrel,10_PROPS,0,2370,4444,2
1409106,head_on_pillow,08_ANATOMY,0,2367,4445,2
1416333,cherry_blossom_print,10_PROPS,0,2366,4446,2
414749,helm,10_PROPS,0,2365,4447,2
1402473,blue_sash,09_CLOTHING,0,2364,4448,2
1574674,two-sided_jacket,09_CLOTHING,0,2363,4449,2
512488,crotch_plate,09_CLOTHING,0,2361,4450,2
1304010,pink_pupils,08_ANATOMY,0,2361,4451,2
664405,plaid_necktie,10_PROPS,0,2359,4452,1
589583,kappougi,04_PEOPLE,0,2358,4453,2
408254,tripping,11_PROMPT,0,2355,4454,2
613216,multicolored_legwear,09_CLOTHING,0,2354,4455,2
1456557,hair_through_headwear,08_ANATOMY,0,2354,4456,2
1306104,orange_scarf,09_CLOTHING,0,2351,4457,2
1401971,backless_leotard,09_CLOTHING,0,2351,4458,2
600284,cheek_poking,06_POSE,0,2348,4459,2
14562,holly,04_PEOPLE,0,2348,4460,2
1296384,multicolored_gloves,09_CLOTHING,0,2346,4461,2
2060120,holding_swim_ring,06_POSE,0,2344,4462,2
577309,multiple_condoms,11_PROMPT,0,2343,4463,2
15412,refrigerator,03_ENVIROMENT,0,2339,4464,2
1506804,pearl_(gemstone),10_PROPS,0,2338,4465,2
566340,loose_clothes,09_CLOTHING,0,2337,4466,2
599839,horned_helmet,10_PROPS,0,2336,4467,2
639779,mechanical_tail,08_ANATOMY,0,2336,4468,2
412950,rubble,03_ENVIROMENT,0,2333,4469,2
516894,tokusatsu,05_CHARACTER,0,2332,4470,2
403432,hooves,08_ANATOMY,0,2330,4471,2
423281,mini-hakkero,05_CHARACTER,0,2327,4472,2
435549,veranda,03_ENVIROMENT,0,2326,4473,2
974780,stomach_cutout,11_PROMPT,0,2324,4474,2
527651,naked_sheet,11_PROMPT,0,2322,4475,2
450205,prehensile_hair,08_ANATOMY,0,2322,4476,2
1514953,cropped_shoulders,09_CLOTHING,0,2319,4477,2
521422,skull_print,10_PROPS,0,2319,4478,2
10884,crotch_rub,06_POSE,0,2318,4479,2
645771,seigaiha,05_CHARACTER,0,2317,4480,2
5707,chaps,11_PROMPT,0,2316,4481,2
7827,whisk,11_PROMPT,0,2316,4482,2
593715,bird_on_hand,06_POSE,0,2315,4483,2
683983,poke_ball_print,10_PROPS,0,2315,4484,2
1606641,black_male_underwear,09_CLOTHING,0,2315,4485,1
476158,traffic_light,02_COMPOSITION,0,2313,4486,2
391066,roller_skates,09_CLOTHING,0,2313,4487,2
1499389,patchwork_skin,11_PROMPT,0,2312,4488,2
546293,happy_tears,07_EXPRESSIONS,0,2311,4489,2
381921,energy_ball,03_ENVIROMENT,0,2309,4490,2
1345660,leaning_on_object,06_POSE,0,2308,4491,2
3946,faucet,03_ENVIROMENT,0,2305,4492,2
478617,stripper_pole,10_PROPS,0,2305,4493,2
992674,emoji,07_EXPRESSIONS,0,2305,4494,2
638777,ritual_baton,10_PROPS,0,2305,4495,2
1320347,octarian,04_PEOPLE,0,2305,4496,2
1781330,nijigasaki_academy_school_uniform,09_CLOTHING,0,2305,4497,2
459931,prostitution,11_PROMPT,0,2302,4498,2
380358,setsubun,11_PROMPT,0,2302,4499,2
608539,column_lineup,03_ENVIROMENT,0,2300,4500,2
650139,clothed_female_nude_female,04_PEOPLE,0,2297,4501,1
2560,wrestling,11_PROMPT,0,2292,4502,2
408365,tape_gag,10_PROPS,0,2292,4503,2
1411023,st._gloriana's_military_uniform,09_CLOTHING,0,2290,4504,2
1378645,constellation_print,02_COMPOSITION,0,2289,4505,2
472861,ovum,11_PROMPT,0,2287,4506,2
378821,watering_can,03_ENVIROMENT,0,2284,4507,2
440374,leg_belt,09_CLOTHING,0,2282,4508,2
1317359,floating_clothes,09_CLOTHING,0,2282,4509,2
1394090,see-through_skirt,09_CLOTHING,0,2282,4510,2
1454154,black_pubic_hair,08_ANATOMY,0,2281,4511,2
422427,sports_bikini,09_CLOTHING,0,2280,4512,2
1826631,tracen_training_uniform,09_CLOTHING,0,2280,4513,2
419280,between_thighs,06_POSE,0,2279,4514,1
991822,blue_eyeshadow,11_PROMPT,0,2279,4515,1
642312,handsfree_ejaculation,06_POSE,0,2277,4516,2
548540,puckered_anus,11_PROMPT,0,2277,4517,2
1242767,star_necklace,10_PROPS,0,2275,4518,2
1353409,fine_fabric_emphasis,09_CLOTHING,0,2274,4519,2
470025,open_pants,09_CLOTHING,0,2273,4520,2
586859,beckoning,11_PROMPT,0,2273,4521,2
1339894,fishnet_top,02_COMPOSITION,0,2273,4522,2
549321,cum_on_penis,11_PROMPT,0,2273,4523,2
667138,hikimayu,05_CHARACTER,0,2273,4524,2
1543640,inverted_bob,06_POSE,0,2272,4525,2
512237,identity_censor,11_PROMPT,0,2272,4526,2
1478253,drop_earrings,10_PROPS,0,2271,4527,2
483095,birthmark,11_PROMPT,0,2271,4528,2
380154,squirrel,04_PEOPLE,0,2270,4529,2
638540,multicolored_bikini,09_CLOTHING,0,2269,4530,2
1308909,barcode_tattoo,10_PROPS,0,2266,4531,2
1636694,sleeve_garter,09_CLOTHING,0,2265,4532,2
585203,veiny_breasts,08_ANATOMY,0,2265,4533,2
1768621,heart_o-ring,10_PROPS,0,2265,4534,2
1323958,pink_vest,09_CLOTHING,0,2264,4535,2
1440529,two-tone_ribbon,10_PROPS,0,2263,4536,2
1088997,bear_hair_ornament,08_ANATOMY,0,2263,4537,2
1455250,chest_strap,10_PROPS,0,2262,4538,2
1675931,kalashnikov_rifle,10_PROPS,0,2262,4539,2
1401067,face_to_breasts,06_POSE,0,2261,4540,2
1257581,bowl_hat,10_PROPS,0,2261,4541,2
2834,69,11_PROMPT,0,2260,4542,2
14637,tight_shirt,09_CLOTHING,0,2259,4543,2
1321158,brown_necktie,10_PROPS,0,2257,4544,1
399999,whipped_cream,11_PROMPT,0,2256,4545,2
585021,spoken_sweatdrop,11_PROMPT,0,2256,4546,2
1637,failure,11_PROMPT,0,2255,4547,2
1434344,pencil_dress,09_CLOTHING,0,2253,4548,2
43623,scepter,05_CHARACTER,0,2252,4549,2
495020,crazy_smile,07_EXPRESSIONS,0,2252,4550,2
1496652,gold_hairband,10_PROPS,0,2248,4551,2
494375,shared_umbrella,03_ENVIROMENT,0,2247,4552,2
843166,yellow_hoodie,09_CLOTHING,0,2246,4553,2
414746,spider_girl,04_PEOPLE,0,2244,4554,1
706581,condom_packet_strip,09_CLOTHING,0,2244,4555,2
1641903,eye_focus,08_ANATOMY,0,2243,4556,2
540139,different_reflection,02_COMPOSITION,0,2243,4557,2
1484368,white_bag,09_CLOTHING,0,2242,4558,2
1495030,red-tinted_eyewear,08_ANATOMY,0,2242,4559,2
1329387,deviantart_username,04_PEOPLE,0,2240,4560,2
1504868,eyebrow_cut,08_ANATOMY,0,2240,4561,2
1613886,animal_ear_headwear,10_PROPS,0,2239,4562,2
1452744,collared_coat,09_CLOTHING,0,2238,4563,2
605455,volleyball_uniform,09_CLOTHING,0,2238,4564,2
396859,budget_sarashi,05_CHARACTER,0,2237,4565,2
565996,goat_ears,08_ANATOMY,0,2237,4566,2
1411065,anzio_school_uniform,09_CLOTHING,0,2236,4567,2
1464685,collared_cape,09_CLOTHING,0,2235,4568,2
413866,breasts_on_glass,11_PROMPT,0,2233,4569,2
714422,sports_car,10_PROPS,0,2232,4570,2
11395,swing,11_PROMPT,0,2230,4571,2
1314693,grey_scarf,09_CLOTHING,0,2230,4572,2
462556,cuddling,11_PROMPT,0,2230,4573,2
1344701,grey_border,02_COMPOSITION,0,2230,4574,2
1853211,single_hair_ring,08_ANATOMY,0,2230,4575,2
390436,birdcage,10_PROPS,0,2228,4576,2
473417,yellow_thighhighs,09_CLOTHING,0,2227,4577,1
10415,railroad_tracks,03_ENVIROMENT,0,2227,4578,2
10911,pond,03_ENVIROMENT,0,2227,4579,2
1274842,two-handed,06_POSE,0,2226,4580,2
1286826,cloud_print,03_ENVIROMENT,0,2226,4581,2
1492898,green_sleeves,09_CLOTHING,0,2225,4582,2
473239,yellow_bra,09_CLOTHING,0,2224,4583,2
657469,rainbow_order,03_ENVIROMENT,0,2223,4584,2
472623,hammer_and_sickle,10_PROPS,0,2222,4585,2
228746,spider,11_PROMPT,0,2222,4586,2
1369179,orange_fur,08_ANATOMY,0,2222,4587,2
4864,lion,04_PEOPLE,0,2221,4588,2
594938,window_blinds,03_ENVIROMENT,0,2221,4589,2
416114,symmetry,07_EXPRESSIONS,0,2221,4590,2
478821,teasing,07_EXPRESSIONS,0,2219,4591,2
493288,chasing,11_PROMPT,0,2218,4592,2
389904,cabinet,03_ENVIROMENT,0,2217,4593,2
418677,gate,03_ENVIROMENT,0,2217,4594,2
657500,fish_hair_ornament,08_ANATOMY,0,2216,4595,2
155336,poncho,11_PROMPT,0,2216,4596,2
716395,dixie_cup_hat,10_PROPS,0,2214,4597,2
379311,chandelier,03_ENVIROMENT,0,2213,4598,2
445622,leopard_ears,08_ANATOMY,0,2213,4599,2
8781,bomb,11_PROMPT,0,2212,4600,2
7728,tankini,05_CHARACTER,0,2211,4601,2
1770613,purple_gemstone,10_PROPS,0,2210,4602,2
1076157,futanari_masturbation,11_PROMPT,0,2209,4603,2
535055,warship,05_CHARACTER,0,2209,4604,2
610495,bondage_outfit,09_CLOTHING,0,2208,4605,2
377843,cousins,11_PROMPT,0,2208,4606,2
1582504,scar_on_neck,10_PROPS,0,2208,4607,2
499937,lip_piercing,08_ANATOMY,0,2207,4608,2
711883,checkered_kimono,10_PROPS,0,2206,4609,2
1383063,clover_print,11_PROMPT,0,2205,4610,2
633435,magical_musket,10_PROPS,0,2205,4611,2
1468298,beamed_sixteenth_notes,07_EXPRESSIONS,0,2204,4612,2
470667,board_game,02_COMPOSITION,0,2202,4613,2
497917,thrusters,11_PROMPT,0,2202,4614,2
421489,ushanka,04_PEOPLE,0,2202,4615,2
1824446,lycoris_uniform,09_CLOTHING,0,2202,4616,1
1509564,holding_game_controller,06_POSE,0,2200,4617,2
567592,untucked_shirt,09_CLOTHING,0,2200,4618,2
1284171,after_paizuri,02_COMPOSITION,0,2200,4619,2
473421,pink_socks,09_CLOTHING,0,2198,4620,2
1378370,black_buruma,02_COMPOSITION,0,2197,4621,2
592444,mars_symbol,07_EXPRESSIONS,0,2197,4622,2
29555,office,03_ENVIROMENT,0,2197,4623,2
721109,visible_air,02_COMPOSITION,0,2196,4624,2
521377,winged_helmet,10_PROPS,0,2192,4625,2
679014,greatsword,05_CHARACTER,0,2189,4626,2
6389,tickling,11_PROMPT,0,2188,4627,2
1307800,skull_earrings,10_PROPS,0,2185,4628,2
415735,sideways,06_POSE,0,2182,4629,2
705551,pixiv_id,02_COMPOSITION,0,2181,4630,2
8806,train_station,03_ENVIROMENT,0,2180,4631,2
1399019,multicolored_fur,08_ANATOMY,0,2179,4632,2
418420,stuck,11_PROMPT,0,2177,4633,2
2684,fishing,03_ENVIROMENT,0,2176,4634,2
1333955,side-tie_leotard,09_CLOTHING,0,2176,4635,2
452130,neon_lights,03_ENVIROMENT,0,2176,4636,2
397906,party_hat,10_PROPS,0,2176,4637,2
1475076,blue_horns,10_PROPS,0,2175,4638,2
892083,green_apron,09_CLOTHING,0,2174,4639,2
453979,gusset,11_PROMPT,0,2174,4640,2
418987,park_bench,03_ENVIROMENT,0,2174,4641,2
663528,wooden_wall,03_ENVIROMENT,0,2172,4642,2
16006,union_jack,10_PROPS,0,2171,4643,2
433424,if_they_mated,04_PEOPLE,0,2171,4644,2
477329,brushing_hair,08_ANATOMY,0,2171,4645,2
1379633,fff_threesome,04_PEOPLE,0,2168,4646,2
543247,eyebrow_piercing,08_ANATOMY,0,2167,4647,2
490349,head_bump,08_ANATOMY,0,2163,4648,2
1039289,gold_necklace,10_PROPS,0,2163,4649,2
1557024,mouth_veil,11_PROMPT,0,2160,4650,2
590886,bird_legs,08_ANATOMY,0,2158,4651,2
542055,polka_dot_dress,09_CLOTHING,0,2156,4652,2
5001,squid,11_PROMPT,0,2155,4653,1
11353,twincest,10_PROPS,0,2154,4654,2
485953,puffy_pants,09_CLOTHING,0,2154,4655,2
2232,tarot,05_CHARACTER,0,2152,4656,2
1568979,plaid_headwear,09_CLOTHING,0,2152,4657,2
603414,space_helmet,10_PROPS,0,2152,4658,2
512928,white_tail,08_ANATOMY,0,2151,4659,2
15614,tube,10_PROPS,0,2149,4660,2
4651,dominatrix,04_PEOPLE,0,2147,4661,1
719573,doyagao,04_PEOPLE,0,2145,4662,2
430228,pole_dancing,06_POSE,0,2145,4663,2
1396461,brown_hairband,08_ANATOMY,0,2143,4664,2
1298471,blood_from_eyes,11_PROMPT,0,2143,4665,1
644441,fiery_hair,08_ANATOMY,0,2143,4666,2
1624910,sidepec,11_PROMPT,0,2143,4667,2
548122,strawberry_print,11_PROMPT,0,2141,4668,2
565136,projected_inset,02_COMPOSITION,0,2141,4669,2
461218,selfcest,11_PROMPT,0,2141,4670,1
1349615,red_fur,08_ANATOMY,0,2141,4671,2
400313,beam_rifle,10_PROPS,0,2139,4672,2
412890,tissue,11_PROMPT,0,2139,4673,2
617246,leather_belt,09_CLOTHING,0,2139,4674,2
375862,butler,04_PEOPLE,0,2138,4675,2
382271,destruction,11_PROMPT,0,2137,4676,2
688139,implied_futanari,11_PROMPT,0,2135,4677,2
1854324,green_halo,10_PROPS,0,2134,4678,2
408804,bad_proportions,02_COMPOSITION,0,2133,4679,2
692799,choko_(cup),05_CHARACTER,0,2133,4680,2
3532,ink,10_PROPS,0,2133,4681,2
396795,menu,02_COMPOSITION,0,2132,4682,2
1476489,pokemon_on_head,10_PROPS,0,2132,4683,2
492105,groin_tendon,08_ANATOMY,0,2130,4684,1
10293,marker,10_PROPS,0,2129,4685,2
628220,claw_ring,10_PROPS,0,2129,4686,2
443220,you're_doing_it_wrong,11_PROMPT,0,2126,4687,1
473259,artificial_vagina,08_ANATOMY,0,2121,4688,1
377878,hairdressing,08_ANATOMY,0,2120,4689,2
1721304,dyed_bangs,08_ANATOMY,0,2120,4690,2
1298573,sanshoku_dango,05_CHARACTER,0,2117,4691,2
16279,air_conditioner,10_PROPS,0,2117,4692,1
406767,super_robot,05_CHARACTER,0,2117,4693,2
534507,two-tone_eyes,08_ANATOMY,0,2117,4694,1
400296,gatling_gun,10_PROPS,0,2116,4695,2
499376,wrinkled_skin,08_ANATOMY,0,2115,4696,2
662800,fake_antlers,11_PROMPT,0,2115,4697,2
699609,frilled_cuffs,09_CLOTHING,0,2114,4698,2
1901538,scissor_blade_(kill_la_kill),05_CHARACTER,0,2113,4699,2
1713028,two-tone_bowtie,10_PROPS,0,2111,4700,2
385733,baseball_uniform,09_CLOTHING,0,2110,4701,2
408976,bat_ears,08_ANATOMY,0,2110,4702,2
180889,morning,03_ENVIROMENT,0,2109,4703,2
397626,guitar_case,10_PROPS,0,2109,4704,2
673730,palm_leaf,11_PROMPT,0,2109,4705,2
475729,through_clothes,09_CLOTHING,0,2108,4706,2
1265860,pink_blood,11_PROMPT,0,2107,4707,2
1296314,single_gauntlet,09_CLOTHING,0,2106,4708,2
4948,mimikaki,04_PEOPLE,0,2105,4709,2
664546,taut_dress,09_CLOTHING,0,2105,4710,2
1279653,holding_brush,06_POSE,0,2105,4711,2
1405888,harvin,05_CHARACTER,0,2105,4712,2
1515352,aqua_theme,02_COMPOSITION,0,2104,4713,1
472,monkey,04_PEOPLE,0,2102,4714,2
660019,color_connection,02_COMPOSITION,0,2102,4715,2
406727,against_tree,11_PROMPT,0,2101,4716,1
1768427,black_halo,02_COMPOSITION,0,2100,4717,2
403478,suppressor,10_PROPS,0,2098,4718,2
708792,checkered_necktie,10_PROPS,0,2098,4719,1
1400049,on_bench,06_POSE,0,2096,4720,2
535613,upturned_eyes,11_PROMPT,0,2096,4721,1
1231742,three-dimensional_maneuver_gear,09_CLOTHING,0,2096,4722,2
544204,bowl_cut,10_PROPS,0,2095,4723,2
431012,tangzhuang,11_PROMPT,0,2094,4724,2
1686527,jack-o'_challenge,11_PROMPT,0,2094,4725,2
700119,cropped_vest,09_CLOTHING,0,2092,4726,2
1796972,e.g.o_(project_moon),05_CHARACTER,0,2091,4727,1
399875,beach_chair,03_ENVIROMENT,0,2089,4728,2
585543,pussy_juice_puddle,11_PROMPT,0,2088,4729,2
394771,utility_belt,10_PROPS,0,2088,4730,2
1179281,bear_girl,04_PEOPLE,0,2087,4731,1
1023384,white_serafuku,05_CHARACTER,0,2086,4732,2
1419859,fur-trimmed_cloak,09_CLOTHING,0,2085,4733,2
8309,straitjacket,10_PROPS,0,2084,4734,2
1613542,electrokinesis,07_EXPRESSIONS,0,2084,4735,2
388868,m4_carbine,10_PROPS,0,2082,4736,2
622601,window_shade,02_COMPOSITION,0,2081,4737,2
1323483,fangs_out,08_ANATOMY,0,2081,4738,2
539536,blue_headband,10_PROPS,0,2081,4739,2
721724,gold_bracelet,10_PROPS,0,2081,4740,2
379603,hair_brush,08_ANATOMY,0,2080,4741,2
726943,pink_coat,09_CLOTHING,0,2079,4742,2
1470700,black_undershirt,09_CLOTHING,0,2078,4743,2
547081,incoming_attack,11_PROMPT,0,2075,4744,2
723472,stiletto_heels,09_CLOTHING,0,2075,4745,2
403915,wheel,10_PROPS,0,2074,4746,2
1489808,poke_ball_symbol,10_PROPS,0,2072,4747,2
1324692,pink_fur,08_ANATOMY,0,2072,4748,2
465863,cum_on_legs,11_PROMPT,0,2071,4749,2
1279772,yellow_wings,08_ANATOMY,0,2068,4750,1
825568,shortstack,09_CLOTHING,0,2066,4751,2
412179,polka_dot_bra,09_CLOTHING,0,2065,4752,2
1438305,holding_baseball_bat,06_POSE,0,2064,4753,2
1441880,hand_on_eyewear,06_POSE,0,2063,4754,2
451262,notepad,11_PROMPT,0,2062,4755,2
379633,fertilization,11_PROMPT,0,2062,4756,2
83990,tennis_racket,10_PROPS,0,2060,4757,2
486179,naked_cape,09_CLOTHING,0,2060,4758,2
473475,orange_thighhighs,09_CLOTHING,0,2059,4759,1
400230,akeome,05_CHARACTER,0,2059,4760,2
614243,plaid_background,02_COMPOSITION,0,2058,4761,2
550124,sitting_in_tree,03_ENVIROMENT,0,2056,4762,2
712381,thigh_cutout,09_CLOTHING,0,2055,4763,1
4313,pointer,11_PROMPT,0,2054,4764,2
508957,health_bar,10_PROPS,0,2053,4765,2
544708,fish_girl,04_PEOPLE,0,2053,4766,1
582361,head_between_breasts,06_POSE,0,2050,4767,2
660778,knees_apart_feet_together,06_POSE,0,2048,4768,2
549629,ankle_lace-up,09_CLOTHING,0,2048,4769,2
632853,fake_wings,09_CLOTHING,0,2047,4770,2
380828,open_bra,06_POSE,0,2047,4771,2
1258088,ribbon-trimmed_clothes,09_CLOTHING,0,2047,4772,2
514889,polo_shirt,09_CLOTHING,0,2044,4773,2
1363208,blue_bag,09_CLOTHING,0,2044,4774,2
7737,soap,11_PROMPT,0,2041,4775,2
1405177,purple_belt,09_CLOTHING,0,2041,4776,2
411198,leg_hold,06_POSE,0,2040,4777,2
683789,wooden_table,03_ENVIROMENT,0,2040,4778,2
629486,used_tissue,11_PROMPT,0,2040,4779,2
538746,lipstick_tube,08_ANATOMY,0,2039,4780,2
2431,missile,11_PROMPT,0,2039,4781,2
1648167,x-shaped_pupils,08_ANATOMY,0,2039,4782,1
541092,tegaki,05_CHARACTER,0,2038,4783,2
406711,strap-on,06_POSE,0,2037,4784,2
486968,red_bandana,09_CLOTHING,0,2037,4785,2
1274419,spoken_character,04_PEOPLE,0,2034,4786,2
15124,pain,11_PROMPT,0,2033,4787,2
714136,hand_on_another's_stomach,06_POSE,0,2032,4788,2
684567,looking_at_mirror,11_PROMPT,0,2032,4789,2
1605421,halloween_bucket,10_PROPS,0,2032,4790,2
668887,shallow_water,03_ENVIROMENT,0,2031,4791,2
495137,tulip,11_PROMPT,0,2030,4792,2
524875,nail_art,10_PROPS,0,2030,4793,2
589659,in_bucket,03_ENVIROMENT,0,2030,4794,2
188238,crossbow,10_PROPS,0,2030,4795,2
655903,fake_facial_hair,08_ANATOMY,0,2029,4796,2
1413210,blue_collar,10_PROPS,0,2029,4797,2
622860,spring_(season),03_ENVIROMENT,0,2028,4798,2
464556,dolphin,03_ENVIROMENT,0,2027,4799,2
495132,autobot,05_CHARACTER,0,2027,4800,2
4654,flustered,07_EXPRESSIONS,0,2026,4801,2
443879,gorget,11_PROMPT,0,2026,4802,2
1426521,white_veil,02_COMPOSITION,0,2025,4803,2
516012,clothed_masturbation,11_PROMPT,0,2024,4804,2
467618,belt_bra,09_CLOTHING,0,2023,4805,2
1561753,yellow_armband,10_PROPS,0,2023,4806,1
555276,surprise_kiss,11_PROMPT,0,2022,4807,2
1267456,holding_leaf,06_POSE,0,2022,4808,2
547320,excessive_cum,11_PROMPT,0,2022,4809,2
396286,cockpit,02_COMPOSITION,0,2021,4810,2
4144,mace,10_PROPS,0,2020,4811,2
500760,flower_ornament,10_PROPS,0,2018,4812,2
437999,full_nelson,02_COMPOSITION,0,2017,4813,2
621654,pale_color,02_COMPOSITION,0,2015,4814,2
549041,vocaloid_append,11_PROMPT,0,2015,4815,2
1551,drill,11_PROMPT,0,2014,4816,2
1275036,german_clothes,09_CLOTHING,0,2013,4817,2
415621,blueberry,03_ENVIROMENT,0,2013,4818,2
638838,in_food,11_PROMPT,0,2011,4819,2
1397563,fur-trimmed_skirt,09_CLOTHING,0,2011,4820,2
1445710,shoulder_boards,06_POSE,0,2011,4821,2
524796,age_progression,02_COMPOSITION,0,2011,4822,2
593466,flame_print,10_PROPS,0,2011,4823,2
412925,cupless_bra,09_CLOTHING,0,2010,4824,2
1533721,fish_(food),10_PROPS,0,2008,4825,1
600210,perineum,08_ANATOMY,0,2008,4826,1
13185,spitting,11_PROMPT,0,2007,4827,1
412641,steering_wheel,11_PROMPT,0,2006,4828,1
594785,blowing_kiss,06_POSE,0,2005,4829,1
528496,holding_shoes,06_POSE,0,2003,4830,1
633053,hooded_sweater,09_CLOTHING,0,2001,4831,1
607798,arm_wrap,09_CLOTHING,0,2001,4832,1
419998,:x,07_EXPRESSIONS,0,2000,4833,1
450823,x_x,07_EXPRESSIONS,0,2000,4834,1
1238376,multicolored_shirt,09_CLOTHING,0,1999,4835,2
572579,cooking_pot,02_COMPOSITION,0,1999,4836,2
450208,chocolate_bar,10_PROPS,0,1999,4837,2
478228,title,02_COMPOSITION,0,1999,4838,2
8989,viera,02_COMPOSITION,0,1998,4839,2
534991,pillbox_hat,10_PROPS,0,1997,4840,2
394047,circle_cut,10_PROPS,0,1996,4841,2
544443,penis_out,11_PROMPT,0,1995,4842,2
526083,brown_socks,09_CLOTHING,0,1995,4843,2
454517,unconscious,11_PROMPT,0,1995,4844,2
487161,breasts_on_head,06_POSE,0,1994,4845,2
1283900,single_fingerless_glove,06_POSE,0,1993,4846,2
542357,red_cross,03_ENVIROMENT,0,1990,4847,2
1490146,yellow_horns,08_ANATOMY,0,1990,4848,2
593552,plaid_pants,09_CLOTHING,0,1990,4849,2
11960,tanabata,11_PROMPT,0,1988,4850,2
658254,holding_helmet,06_POSE,0,1988,4851,2
376486,skyline,03_ENVIROMENT,0,1988,4852,2
574422,claw_(weapon),10_PROPS,0,1988,4853,2
1233871,circle_name,05_CHARACTER,0,1987,4854,2
507379,yellow_belt,09_CLOTHING,0,1987,4855,2
1414389,pink_sailor_collar,09_CLOTHING,0,1986,4856,2
1806377,homurahara_academy_school_uniform,09_CLOTHING,0,1983,4857,2
380988,goblin,04_PEOPLE,0,1982,4858,2
420546,spear_the_gungnir,10_PROPS,0,1981,4859,2
480324,staff_(music),10_PROPS,0,1981,4860,2
400656,red_hood,09_CLOTHING,0,1980,4861,2
1469769,grey_sleeves,09_CLOTHING,0,1980,4862,2
671484,stuffed_shark,10_PROPS,0,1979,4863,2
444545,pocky_kiss,11_PROMPT,0,1977,4864,2
669791,futa_with_futa,11_PROMPT,0,1977,4865,2
1657712,veiny_arms,06_POSE,0,1977,4866,2
1296346,stationary_restraints,06_POSE,0,1976,4867,2
473312,camellia,03_ENVIROMENT,0,1976,4868,2
2006757,unworn_bikini_top,09_CLOTHING,0,1972,4869,2
542882,against_railing,11_PROMPT,0,1969,4870,1
643516,pyrokinesis,11_PROMPT,0,1969,4871,2
501689,body_hair,08_ANATOMY,0,1968,4872,2
670994,chocolate_on_body,11_PROMPT,0,1967,4873,2
469368,striped_gloves,09_CLOTHING,0,1967,4874,2
10562,truck,11_PROMPT,0,1964,4875,2
1518970,pectoral_grab,06_POSE,0,1963,4876,2
430449,spine,08_ANATOMY,0,1962,4877,2
504308,redesign,02_COMPOSITION,0,1962,4878,2
523847,omurice,05_CHARACTER,0,1961,4879,2
1161092,2024,02_COMPOSITION,0,1961,4880,1
671651,hair_ears,08_ANATOMY,0,1960,4881,2
1410489,shower_(place),03_ENVIROMENT,0,1959,4882,2
709214,alternate_skin_color,08_ANATOMY,0,1959,4883,1
1361800,bow_earrings,10_PROPS,0,1959,4884,2
557675,no_wings,08_ANATOMY,0,1958,4885,2
1326818,fur-trimmed_kimono,08_ANATOMY,0,1958,4886,2
723924,very_long_fingernails,08_ANATOMY,0,1958,4887,2
1339824,cropped_hoodie,09_CLOTHING,0,1958,4888,2
1365638,bandaid_on_hand,06_POSE,0,1954,4889,2
1761435,onee-loli,05_CHARACTER,0,1953,4890,2
476416,biker_clothes,09_CLOTHING,0,1952,4891,2
1637102,doughnut_hair_bun,08_ANATOMY,0,1951,4892,2
423915,wooden_sword,10_PROPS,0,1951,4893,2
1782264,sticker_on_face,02_COMPOSITION,0,1951,4894,2
585862,reach-around,06_POSE,0,1949,4895,2
1372846,pink_pajamas,09_CLOTHING,0,1948,4896,2
600401,wooden_fence,03_ENVIROMENT,0,1946,4897,2
610944,mixed_media,02_COMPOSITION,0,1946,4898,2
1373026,green-framed_eyewear,09_CLOTHING,0,1946,4899,2
1293722,bandaged_neck,10_PROPS,0,1945,4900,2
9781,pacifier,11_PROMPT,0,1945,4901,2
472201,baguette,10_PROPS,0,1944,4902,2
1342774,rabbit_house_uniform,09_CLOTHING,0,1944,4903,2
1926,chart,02_COMPOSITION,0,1943,4904,2
1373018,striped_kimono,09_CLOTHING,0,1943,4905,2
1637843,crescent_facial_mark,10_PROPS,0,1942,4906,2
659938,poker_chip,10_PROPS,0,1942,4907,2
1265402,heart_balloon,10_PROPS,0,1941,4908,2
10399,x,07_EXPRESSIONS,0,1939,4909,2
16695,magnifying_glass,10_PROPS,0,1938,4910,2
8775,mahjong,05_CHARACTER,0,1937,4911,2
1402459,blue_cloak,09_CLOTHING,0,1937,4912,2
1501189,stitched_face,11_PROMPT,0,1937,4913,2
8918,inflation,02_COMPOSITION,0,1936,4914,2
545758,wisteria,04_PEOPLE,0,1935,4915,2
1457953,sparse_pubic_hair,08_ANATOMY,0,1934,4916,2
603830,on_person,11_PROMPT,0,1934,4917,2
538158,shared_food,11_PROMPT,0,1933,4918,2
760104,hand_on_another's_waist,06_POSE,0,1932,4919,2
626479,orange_slice,10_PROPS,0,1928,4920,2
1342945,behind_another,06_POSE,0,1928,4921,2
442852,old_woman,04_PEOPLE,0,1928,4922,2
416448,yagasuri,02_COMPOSITION,0,1927,4923,1
415310,overgrown,11_PROMPT,0,1927,4924,2
394997,sweatpants,09_CLOTHING,0,1927,4925,2
602058,shoulder_strap,06_POSE,0,1927,4926,2
541729,rotational_symmetry,08_ANATOMY,0,1926,4927,2
399302,drying,11_PROMPT,0,1926,4928,2
550778,checkerboard_cookie,10_PROPS,0,1926,4929,2
556841,sitting_on_stairs,03_ENVIROMENT,0,1925,4930,2
1442004,eyewear_on_headwear,08_ANATOMY,0,1925,4931,2
476602,kusazuri,05_CHARACTER,0,1925,4932,2
405026,large_insertion,11_PROMPT,0,1924,4933,2
452157,hagoita,05_CHARACTER,0,1923,4934,2
1514129,sunburst_background,02_COMPOSITION,0,1923,4935,2
1696268,cowboy_western,02_COMPOSITION,0,1922,4936,2
1314748,pink_collar,10_PROPS,0,1922,4937,2
1488134,brown_horns,08_ANATOMY,0,1922,4938,2
501344,fallen_down,11_PROMPT,0,1921,4939,2
1684797,grabbing_another's_chin,06_POSE,0,1920,4940,2
387935,spirit,11_PROMPT,0,1920,4941,2
410111,bowing,06_POSE,0,1920,4942,2
488193,slap_mark,06_POSE,0,1918,4943,2
612104,respirator,08_ANATOMY,0,1918,4944,2
2006761,unworn_boots,09_CLOTHING,0,1918,4945,2
1415469,torpedo_tubes,08_ANATOMY,0,1914,4946,2
465754,spanking,11_PROMPT,0,1911,4947,2
2812,ramune,05_CHARACTER,0,1911,4948,2
612635,sidesaddle,06_POSE,0,1908,4949,2
396872,ribbon_bondage,10_PROPS,0,1905,4950,2
1598686,male_playboy_bunny,04_PEOPLE,0,1902,4951,2
453719,plant_girl,04_PEOPLE,0,1900,4952,2
475794,column,11_PROMPT,0,1900,4953,2
1373313,excessive_pubic_hair,08_ANATOMY,0,1899,4954,2
1086828,bow_(music),10_PROPS,0,1899,4955,2
493565,timestamp,02_COMPOSITION,0,1899,4956,2
457418,fighter_jet,10_PROPS,0,1898,4957,2
537025,thigh_belt,09_CLOTHING,0,1898,4958,1
414700,buttjob,11_PROMPT,0,1897,4959,2
489995,bulletproof_vest,09_CLOTHING,0,1897,4960,2
1515355,black_theme,02_COMPOSITION,0,1896,4961,2
587202,shoelaces,09_CLOTHING,0,1895,4962,2
701996,nipple_bar,10_PROPS,0,1894,4963,2
1452545,kibito_high_school_uniform,09_CLOTHING,0,1893,4964,2
664350,tail_censor,11_PROMPT,0,1892,4965,2
401422,screen,02_COMPOSITION,0,1892,4966,2
1414657,purple_capelet,10_PROPS,0,1892,4967,2
1304063,yellow_bag,09_CLOTHING,0,1891,4968,2
1373454,instagram_username,04_PEOPLE,0,1890,4969,2
1467809,3others,04_PEOPLE,0,1889,4970,1
1602480,index_fingers_together,06_POSE,0,1888,4971,2
483333,pavement,03_ENVIROMENT,0,1888,4972,2
1409636,furrification,08_ANATOMY,0,1888,4973,2
695232,mismatched_pubic_hair,08_ANATOMY,0,1887,4974,2
587990,bodice,09_CLOTHING,0,1885,4975,2
2075818,nike_(company),09_CLOTHING,0,1884,4976,2
11754,neck,10_PROPS,0,1882,4977,2
1376893,pink_eyeshadow,11_PROMPT,0,1882,4978,1
628115,open_window,03_ENVIROMENT,0,1881,4979,2
1678267,palette_(object),10_PROPS,0,1880,4980,2
688960,holding_pillow,06_POSE,0,1879,4981,2
461401,treasure_chest,10_PROPS,0,1879,4982,2
459174,dress_tug,09_CLOTHING,0,1878,4983,2
615369,blue_sclera,10_PROPS,0,1877,4984,2
11745,breast_smother,11_PROMPT,0,1875,4985,2
15578,eagle,10_PROPS,0,1875,4986,2
624870,imminent_fellatio,11_PROMPT,0,1875,4987,2
379164,messy,11_PROMPT,0,1874,4988,2
661864,pink_belt,09_CLOTHING,0,1874,4989,2
395436,reindeer_costume,09_CLOTHING,0,1873,4990,2
1505167,simplified_chinese_text,05_CHARACTER,0,1873,4991,2
1258091,ribbon-trimmed_collar,10_PROPS,0,1870,4992,2
418781,pet_play,11_PROMPT,0,1869,4993,2
581056,multiple_braids,08_ANATOMY,0,1868,4994,2
695246,hakama_pants,09_CLOTHING,0,1867,4995,2
482956,caution_tape,10_PROPS,0,1867,4996,2
607070,caressing_testicles,06_POSE,0,1864,4997,2
1375732,snap-fit_buckle,09_CLOTHING,0,1864,4998,2
549281,in_the_face,11_PROMPT,0,1863,4999,2
14860,chef,04_PEOPLE,0,1861,5000,2
1262922,head_on_another's_shoulder,06_POSE,0,1861,5001,2
1835746,pink_one-piece_swimsuit,09_CLOTHING,0,1860,5002,2
531186,gold_armor,09_CLOTHING,0,1860,5003,2
629555,desk_lamp,10_PROPS,0,1860,5004,2
1307726,magatama_earrings,10_PROPS,0,1860,5005,2
399246,stadium,03_ENVIROMENT,0,1859,5006,2
663896,hand_on_another's_neck,06_POSE,0,1858,5007,2
1349162,holding_balloon,06_POSE,0,1858,5008,2
1373027,brown-framed_eyewear,09_CLOTHING,0,1857,5009,2
1464853,blue-tinted_eyewear,08_ANATOMY,0,1857,5010,2
442232,scarlet_devil_mansion,03_ENVIROMENT,0,1856,5011,2
1328688,moon_(ornament),03_ENVIROMENT,0,1856,5012,2
1924272,buttoned_cuffs,06_POSE,0,1855,5013,2
12083,graveyard,03_ENVIROMENT,0,1855,5014,2
508969,cow_boy,04_PEOPLE,0,1855,5015,2
392935,tree_stump,11_PROMPT,0,1854,5016,2
507655,freediving,07_EXPRESSIONS,0,1853,5017,2
444634,torn,11_PROMPT,0,1853,5018,2
406104,psychic,02_COMPOSITION,0,1853,5019,2
412357,lounge_chair,06_POSE,0,1851,5020,2
3489,dinosaur,04_PEOPLE,0,1851,5021,2
1374895,spiked_tail,08_ANATOMY,0,1850,5022,2
1185237,hair_in_own_mouth,08_ANATOMY,0,1849,5023,2
545201,micro_panties,09_CLOTHING,0,1849,5024,2
1672391,viewer_holding_leash,06_POSE,0,1848,5025,2
1223536,banknote,10_PROPS,0,1844,5026,2
520939,wiping_tears,11_PROMPT,0,1843,5027,2
723185,stone_floor,03_ENVIROMENT,0,1838,5028,2
393579,mechanical_pencil,10_PROPS,0,1837,5029,2
380,priest,05_CHARACTER,0,1837,5030,2
671725,purple_eyeshadow,11_PROMPT,0,1837,5031,1
1326209,yellow_sash,09_CLOTHING,0,1836,5032,1
995808,penis_size_difference,08_ANATOMY,0,1836,5033,2
427833,palms,06_POSE,0,1835,5034,2
585009,sword_over_shoulder,06_POSE,0,1834,5035,2
476495,dowsing_rod,10_PROPS,0,1834,5036,2
389416,impaled,11_PROMPT,0,1833,5037,2
376147,hanging,06_POSE,0,1832,5038,2
9587,love_letter,11_PROMPT,0,1832,5039,2
362945,garden,03_ENVIROMENT,0,1830,5040,2
1791857,painting_(action),02_COMPOSITION,0,1829,5041,2
16135,cotton_candy,10_PROPS,0,1827,5042,2
705858,partially_underwater_shot,11_PROMPT,0,1826,5043,2
1367101,holding_scissors,06_POSE,0,1826,5044,2
162717,triforce,11_PROMPT,0,1825,5045,2
665766,carrying_under_arm,06_POSE,0,1824,5046,2
1288040,incoming_food,11_PROMPT,0,1823,5047,2
444567,tail_wrap,10_PROPS,0,1821,5048,2
1399177,brown_cloak,09_CLOTHING,0,1821,5049,2
903375,flip_phone,10_PROPS,0,1820,5050,2
414232,cum_on_hands,06_POSE,0,1820,5051,2
464552,cucumber,11_PROMPT,0,1820,5052,2
1425103,body_freckles,08_ANATOMY,0,1820,5053,2
565907,utaite,05_CHARACTER,0,1820,5054,2
487203,overcast,03_ENVIROMENT,0,1819,5055,2
488375,rainbow_gradient,02_COMPOSITION,0,1818,5056,2
2062461,chibi_only,10_PROPS,0,1817,5057,2
533100,sitting_on_object,06_POSE,0,1817,5058,2
712801,pussy_piercing,08_ANATOMY,0,1817,5059,2
419304,crosswalk,03_ENVIROMENT,0,1817,5060,2
1559079,light_areolae,11_PROMPT,0,1815,5061,2
496388,._.,07_EXPRESSIONS,0,1815,5062,2
494932,hickey,10_PROPS,0,1814,5063,2
1302628,ace_(playing_card),05_CHARACTER,0,1811,5064,2
5873,confession,11_PROMPT,0,1811,5065,2
5323,kettle,11_PROMPT,0,1811,5066,2
1317361,multicolored_bow,10_PROPS,0,1810,5067,2
492764,heart_tail,08_ANATOMY,0,1809,5068,2
1259138,mole_on_ass,11_PROMPT,0,1808,5069,2
564789,romper,04_PEOPLE,0,1806,5070,2
1537058,diamond_cutout,11_PROMPT,0,1805,5071,1
1410984,kuromorimine_school_uniform,09_CLOTHING,0,1804,5072,2
469396,role_reversal,06_POSE,0,1803,5073,2
6303,naginata,11_PROMPT,0,1803,5074,2
674500,large_testicles,08_ANATOMY,0,1803,5075,2
609486,single_strap,10_PROPS,0,1803,5076,2
10429,shinsengumi,05_CHARACTER,0,1802,5077,2
598269,kissing_forehead,08_ANATOMY,0,1801,5078,2
615984,bendy_straw,08_ANATOMY,0,1801,5079,2
511641,single_pantsleg,09_CLOTHING,0,1800,5080,2
475249,large_wings,08_ANATOMY,0,1799,5081,2
568512,bird_on_shoulder,06_POSE,0,1799,5082,2
389374,cat_teaser,04_PEOPLE,0,1798,5083,2
586366,prosthetic_leg,06_POSE,0,1797,5084,2
1426293,yasogami_school_uniform,09_CLOTHING,0,1796,5085,1
391175,stove,11_PROMPT,0,1795,5086,2
662045,lotion_bottle,10_PROPS,0,1795,5087,2
696698,gold_bikini,09_CLOTHING,0,1795,5088,2
559601,cheering,11_PROMPT,0,1794,5089,2
661553,grey_belt,09_CLOTHING,0,1794,5090,2
1560,mascot,10_PROPS,0,1793,5091,2
1470859,black_garter_straps,09_CLOTHING,0,1793,5092,2
686531,undone_necktie,10_PROPS,0,1791,5093,1
1413926,orange_sailor_collar,10_PROPS,0,1791,5094,2
661926,ankle_strap,09_CLOTHING,0,1791,5095,2
1424925,holding_needle,06_POSE,0,1790,5096,2
660817,opening_door,03_ENVIROMENT,0,1789,5097,2
1493305,heel_up,06_POSE,0,1789,5098,2
1465373,triangle_earrings,10_PROPS,0,1789,5099,2
578012,talking_on_phone,11_PROMPT,0,1787,5100,2
391475,fireflies,03_ENVIROMENT,0,1786,5101,2
1259665,bow_choker,10_PROPS,0,1786,5102,2
646459,striped_shorts,09_CLOTHING,0,1786,5103,2
58241,platform_heels,09_CLOTHING,0,1786,5104,2
420607,delinquent,11_PROMPT,0,1785,5105,2
1276269,ribbed_sleeves,09_CLOTHING,0,1785,5106,2
609657,animal_hug,06_POSE,0,1784,5107,2
393602,severed_head,08_ANATOMY,0,1784,5108,2
1478379,dress_flower,09_CLOTHING,0,1784,5109,2
1349438,animal_bag,10_PROPS,0,1783,5110,1
1592986,rabbit_boy,04_PEOPLE,0,1783,5111,2
1441520,horns_through_headwear,10_PROPS,0,1783,5112,2
601192,mechanical_hands,06_POSE,0,1783,5113,2
1354736,green_flower,03_ENVIROMENT,0,1782,5114,2
405444,helicopter,03_ENVIROMENT,0,1782,5115,2
431361,baseball_mitt,11_PROMPT,0,1782,5116,2
541262,disgust,11_PROMPT,0,1782,5117,2
330013,pie,11_PROMPT,0,1780,5118,2
613128,embellished_costume,09_CLOTHING,0,1779,5119,2
526470,thighhighs_pull,06_POSE,0,1778,5120,1
467745,japanese_flag,05_CHARACTER,0,1777,5121,2
8234,radio,10_PROPS,0,1777,5122,1
1467811,6+others,04_PEOPLE,0,1776,5123,1
877384,hooded_robe,09_CLOTHING,0,1773,5124,2
600460,group_picture,02_COMPOSITION,0,1772,5125,2
384969,intravenous_drip,11_PROMPT,0,1772,5126,2
437614,boned_meat,11_PROMPT,0,1772,5127,2
1505130,german_text,05_CHARACTER,0,1771,5128,2
15227,screentones,02_COMPOSITION,0,1770,5129,2
1494956,purple-tinted_eyewear,08_ANATOMY,0,1768,5130,2
592445,venus_symbol,10_PROPS,0,1767,5131,2
420884,countdown,11_PROMPT,0,1767,5132,2
618406,yellow_pants,09_CLOTHING,0,1766,5133,2
1318253,purple_fur,08_ANATOMY,0,1766,5134,2
1861756,straddling_paizuri,06_POSE,0,1766,5135,2
1593160,unusually_open_eyes,11_PROMPT,0,1765,5136,1
1399082,heart_button,07_EXPRESSIONS,0,1765,5137,2
2839,lube,11_PROMPT,0,1763,5138,2
439406,shiba_inu,05_CHARACTER,0,1763,5139,2
1237065,sunflower_hair_ornament,08_ANATOMY,0,1762,5140,2
466411,invisible_penis,11_PROMPT,0,1761,5141,2
374515,hawaiian_shirt,09_CLOTHING,0,1761,5142,2
1287846,ammunition_pouch,10_PROPS,0,1761,5143,1
667190,plate_armor,09_CLOTHING,0,1761,5144,2
2660,lettuce,11_PROMPT,0,1759,5145,2
485203,video_game,03_ENVIROMENT,0,1758,5146,2
8617,potion,11_PROMPT,0,1757,5147,2
374573,centaur,05_CHARACTER,0,1757,5148,2
1377225,bruise_on_face,11_PROMPT,0,1757,5149,2
1820926,sleeveless_turtleneck_leotard,09_CLOTHING,0,1756,5150,2
501337,39,02_COMPOSITION,0,1756,5151,1
689483,plaid_jacket,09_CLOTHING,0,1756,5152,2
668383,lace-trimmed_sleeves,09_CLOTHING,0,1754,5153,2
636872,lizard_tail,08_ANATOMY,0,1753,5154,2
1411229,orange_neckerchief,10_PROPS,0,1752,5155,2
1781886,stroking_own_chin,06_POSE,0,1752,5156,2
1476481,multicolored_horns,08_ANATOMY,0,1751,5157,2
1325039,oral_invitation,11_PROMPT,0,1750,5158,2
646260,pointless_condom,11_PROMPT,0,1749,5159,2
1373700,grid_background,02_COMPOSITION,0,1748,5160,2
397693,shikigami,05_CHARACTER,0,1748,5161,2
1516826,drinking_straw_in_mouth,11_PROMPT,0,1748,5162,2
398110,diving_suit,09_CLOTHING,0,1748,5163,2
580394,dirndl,11_PROMPT,0,1748,5164,2
1501551,sakuramon,05_CHARACTER,0,1748,5165,2
1440480,holding_water_gun,06_POSE,0,1747,5166,2
1386173,pixiv_username,04_PEOPLE,0,1747,5167,2
656250,arm_between_breasts,06_POSE,0,1746,5168,1
1553320,two-tone_headwear,08_ANATOMY,0,1746,5169,2
1349919,brown_bowtie,10_PROPS,0,1746,5170,2
543408,real_world_location,03_ENVIROMENT,0,1746,5171,2
451782,brushing_teeth,08_ANATOMY,0,1743,5172,2
460511,hand_puppet,06_POSE,0,1742,5173,2
781851,user_interface,02_COMPOSITION,0,1741,5174,2
442863,heckler_&_koch,10_PROPS,0,1740,5175,2
374909,whispering,11_PROMPT,0,1740,5176,2
434522,gym_storeroom,03_ENVIROMENT,0,1740,5177,2
578544,leg_armor,09_CLOTHING,0,1738,5178,2
405498,panda_ears,08_ANATOMY,0,1738,5179,2
1346802,spiked_shell,10_PROPS,0,1738,5180,2
394989,hexagon,11_PROMPT,0,1737,5181,2
1436311,u.a._school_uniform,09_CLOTHING,0,1737,5182,2
535,molestation,11_PROMPT,0,1736,5183,2
503126,ribbon_in_mouth,10_PROPS,0,1735,5184,2
1295529,frilled_shorts,09_CLOTHING,0,1735,5185,2
1392009,green_bodysuit,09_CLOTHING,0,1734,5186,2
449943,stab,06_POSE,0,1734,5187,2
395712,christmas_lights,03_ENVIROMENT,0,1734,5188,2
480571,mechanization,05_CHARACTER,0,1733,5189,2
569173,spread_pussy_under_clothes,09_CLOTHING,0,1733,5190,2
479250,tricorne,10_PROPS,0,1732,5191,2
815986,fortissimo,05_CHARACTER,0,1732,5192,2
410544,handkerchief,09_CLOTHING,0,1730,5193,2
421056,spiked_club,11_PROMPT,0,1729,5194,2
549142,yes-no_pillow,10_PROPS,0,1728,5195,1
1282898,cloth_gag,09_CLOTHING,0,1727,5196,2
8803,cleaning,11_PROMPT,0,1724,5197,2
389933,harem_pants,09_CLOTHING,0,1724,5198,2
3197,takoyaki,05_CHARACTER,0,1721,5199,2
457562,fake_mustache,08_ANATOMY,0,1721,5200,2
656303,shirt_in_mouth,11_PROMPT,0,1721,5201,2
9348,wheelchair,06_POSE,0,1720,5202,2
642015,expressive_hair,08_ANATOMY,0,1720,5203,2
399269,tablecloth,09_CLOTHING,0,1719,5204,2
1886311,in-franchise_crossover,05_CHARACTER,0,1716,5205,2
663848,naked_kimono,09_CLOTHING,0,1714,5206,2
410102,yes,11_PROMPT,0,1713,5207,1
452581,vibrator_under_panties,09_CLOTHING,0,1712,5208,2
1504221,purple_tail,08_ANATOMY,0,1712,5209,2
593696,leather_gloves,09_CLOTHING,0,1712,5210,2
2145,juice,11_PROMPT,0,1711,5211,2
546044,sleeveless_hoodie,09_CLOTHING,0,1710,5212,2
632854,naked_hoodie,09_CLOTHING,0,1710,5213,2
1409470,multicolored_coat,09_CLOTHING,0,1709,5214,2
1443767,team_rocket_uniform,09_CLOTHING,0,1709,5215,2
500820,stone_lantern,03_ENVIROMENT,0,1708,5216,2
12254,tribal,04_PEOPLE,0,1708,5217,2
1797270,colored_shoe_soles,09_CLOTHING,0,1707,5218,2
1791399,neck_fur,08_ANATOMY,0,1706,5219,2
1328687,earth_(ornament),03_ENVIROMENT,0,1706,5220,2
614276,bow_legwear,09_CLOTHING,0,1703,5221,2
251194,gym,03_ENVIROMENT,0,1702,5222,2
468159,sparkler,10_PROPS,0,1702,5223,2
1531641,light_blue_background,02_COMPOSITION,0,1702,5224,2
501095,berry,04_PEOPLE,0,1702,5225,2
1940710,mustache_stubble,08_ANATOMY,0,1702,5226,2
1403859,3d_background,02_COMPOSITION,0,1701,5227,1
2006135,greco-roman_clothes,09_CLOTHING,0,1701,5228,2
600052,butterfly_on_hand,06_POSE,0,1701,5229,2
479141,raised_fist,06_POSE,0,1700,5230,2
1542756,turtleneck_leotard,10_PROPS,0,1699,5231,2
492677,bolo_tie,10_PROPS,0,1697,5232,2
457946,stone_wall,03_ENVIROMENT,0,1695,5233,2
500152,breathing_fire,11_PROMPT,0,1694,5234,2
1235654,gradient_clothes,09_CLOTHING,0,1693,5235,2
1595384,blank_censor,11_PROMPT,0,1693,5236,2
1340897,blue_feathers,08_ANATOMY,0,1693,5237,2
5632,laser,11_PROMPT,0,1692,5238,2
536429,cupping_hands,06_POSE,0,1692,5239,2
424682,horse_penis,08_ANATOMY,0,1691,5240,2
478497,sleep_mask,11_PROMPT,0,1691,5241,2
10125,halberd,11_PROMPT,0,1690,5242,2
2006849,unworn_bag,09_CLOTHING,0,1689,5243,2
388093,hakurei_reimu_(cosplay),05_CHARACTER,0,1689,5244,2
595751,ass_cutout,11_PROMPT,0,1688,5245,1
413721,latex_gloves,09_CLOTHING,0,1687,5246,2
1810603,back_focus,02_COMPOSITION,0,1685,5247,2
656386,hands_on_another's_cheeks,06_POSE,0,1685,5248,2
1372592,bath_yukata,11_PROMPT,0,1685,5249,2
1397373,year_of_the_dragon,02_COMPOSITION,0,1685,5250,2
590941,santa_boots,09_CLOTHING,0,1684,5251,2
480430,bear_print,10_PROPS,0,1683,5252,2
12086,globe,03_ENVIROMENT,0,1681,5253,2
9590,jersey,09_CLOTHING,0,1681,5254,2
1424211,sakugawa_school_uniform,09_CLOTHING,0,1681,5255,2
1427360,gold_choker,10_PROPS,0,1680,5256,2
11998,open_robe,09_CLOTHING,0,1678,5257,2
395851,log,11_PROMPT,0,1678,5258,2
1249520,drawing_bow,10_PROPS,0,1677,5259,2
8411,sheet_music,02_COMPOSITION,0,1677,5260,2
698204,multiple_piercings,10_PROPS,0,1676,5261,2
1641153,icho_private_high_school_uniform,09_CLOTHING,0,1676,5262,2
1251057,ginkgo_leaf,03_ENVIROMENT,0,1674,5263,2
822829,suspended_congress,11_PROMPT,0,1671,5264,2
477355,chainmail,10_PROPS,0,1671,5265,2
713479,2014,02_COMPOSITION,0,1670,5266,1
1874891,object_through_head,10_PROPS,0,1669,5267,2
453530,power_suit,09_CLOTHING,0,1668,5268,2
1582502,scar_on_stomach,11_PROMPT,0,1668,5269,2
1957010,strongman_waist,09_CLOTHING,0,1667,5270,2
494781,makizushi,05_CHARACTER,0,1666,5271,2
1334561,loose_bowtie,10_PROPS,0,1665,5272,2
610123,forehead-to-forehead,08_ANATOMY,0,1664,5273,2
724478,pink_wings,09_CLOTHING,0,1663,5274,2
1793460,cooperative_paizuri,05_CHARACTER,0,1662,5275,2
472922,inset,06_POSE,0,1661,5276,2
537130,arm_blade,11_PROMPT,0,1661,5277,1
632801,blue_tongue,08_ANATOMY,0,1659,5278,2
510646,blue_pupils,08_ANATOMY,0,1658,5279,2
666658,grey_bikini,09_CLOTHING,0,1658,5280,2
631074,tropical_fish,03_ENVIROMENT,0,1658,5281,2
416904,cat_on_head,08_ANATOMY,0,1656,5282,2
2006764,unworn_sandals,09_CLOTHING,0,1656,5283,2
1347286,yellow_coat,09_CLOTHING,0,1654,5284,2
558489,white_armor,09_CLOTHING,0,1654,5285,2
411563,forked_tongue,08_ANATOMY,0,1653,5286,2
382610,skateboard,10_PROPS,0,1653,5287,2
1465616,eyewear_strap,09_CLOTHING,0,1653,5288,2
1859633,a_certain_high_school_uniform,09_CLOTHING,0,1651,5289,2
537783,bamboo_broom,10_PROPS,0,1649,5290,2
1238314,transparent_wings,08_ANATOMY,0,1649,5291,2
473249,print_bra,09_CLOTHING,0,1648,5292,2
378038,pentacle,11_PROMPT,0,1648,5293,2
468165,mixing_bowl,11_PROMPT,0,1647,5294,2
1353065,falling_feathers,11_PROMPT,0,1647,5295,2
1981666,gun_sling,10_PROPS,0,1646,5296,2
1646953,shimaidon_(sex),04_PEOPLE,0,1645,5297,2
9355,humiliation,11_PROMPT,0,1645,5298,2
708149,blue_armor,09_CLOTHING,0,1644,5299,2
456305,pink_pantyhose,09_CLOTHING,0,1644,5300,2
1481466,purple_horns,08_ANATOMY,0,1644,5301,2
3334,kigurumi,05_CHARACTER,0,1643,5302,2
721466,pointy_nose,08_ANATOMY,0,1643,5303,2
497295,happi,11_PROMPT,0,1643,5304,2
496608,master_sword,05_CHARACTER,0,1643,5305,2
179157,tent,03_ENVIROMENT,0,1642,5306,2
505317,lily_of_the_valley,03_ENVIROMENT,0,1642,5307,2
1507608,h&k_hk416,05_CHARACTER,0,1642,5308,2
1682706,phoenix_crown,10_PROPS,0,1641,5309,2
629461,duffel_coat,09_CLOTHING,0,1638,5310,2
891632,artificial_eye,08_ANATOMY,0,1638,5311,1
637282,pants_rolled_up,09_CLOTHING,0,1637,5312,2
2006759,unworn_gloves,09_CLOTHING,0,1636,5313,2
1332978,short_jumpsuit,09_CLOTHING,0,1636,5314,2
652002,no_lineart,07_EXPRESSIONS,0,1635,5315,2
711344,hand_on_own_shoulder,06_POSE,0,1635,5316,2
419288,cum_on_feet,06_POSE,0,1634,5317,2
664061,grey_ribbon,10_PROPS,0,1634,5318,2
632009,blonde_pubic_hair,08_ANATOMY,0,1634,5319,2
3408,origami,10_PROPS,0,1634,5320,2
703456,sorcerer's_sutra_scroll,06_POSE,0,1634,5321,2
12727,phonograph,10_PROPS,0,1633,5322,2
518732,anilingus,11_PROMPT,0,1633,5323,2
373823,ketchup,11_PROMPT,0,1633,5324,2
1925772,volleyball_(object),06_POSE,0,1632,5325,2
392251,fireplace,03_ENVIROMENT,0,1632,5326,2
1665347,full-body_tattoo,08_ANATOMY,0,1630,5327,2
1845182,guiding_hand,06_POSE,0,1629,5328,2
551591,deerstalker,05_CHARACTER,0,1629,5329,2
1327857,red_apron,09_CLOTHING,0,1629,5330,2
1023597,large_hands,06_POSE,0,1628,5331,2
1518587,striped_headwear,09_CLOTHING,0,1628,5332,2
1637827,star_facial_mark,08_ANATOMY,0,1627,5333,2
1375970,hair_flowing_over,08_ANATOMY,0,1627,5334,2
451184,holographic_interface,02_COMPOSITION,0,1626,5335,2
635016,broken_chain,11_PROMPT,0,1626,5336,2
1465100,grey_sports_bra,09_CLOTHING,0,1626,5337,2
1302681,orange_pants,09_CLOTHING,0,1625,5338,2
1294981,digitigrade,02_COMPOSITION,0,1625,5339,2
507520,goat_girl,04_PEOPLE,0,1625,5340,1
1558733,tulip_hat,10_PROPS,0,1625,5341,2
1549885,crane_(machine),10_PROPS,0,1622,5342,2
588173,sex_machine,04_PEOPLE,0,1621,5343,2
533771,kitchen_knife,10_PROPS,0,1620,5344,2
381954,untying,11_PROMPT,0,1620,5345,2
1603616,blunt_tresses,08_ANATOMY,0,1618,5346,2
1240006,bishamonten's_pagoda,03_ENVIROMENT,0,1618,5347,2
414107,gamepad,05_CHARACTER,0,1617,5348,2
626246,crystal_hair,08_ANATOMY,0,1616,5349,2
530749,orange_pantyhose,09_CLOTHING,0,1615,5350,2
683919,ajirogasa,09_CLOTHING,0,1615,5351,1
1589331,off-shoulder_bikini,09_CLOTHING,0,1615,5352,2
1534682,aqua_headwear,09_CLOTHING,0,1614,5353,2
473470,wrist_guards,06_POSE,0,1613,5354,2
481054,grey_bra,09_CLOTHING,0,1612,5355,2
426371,through_wall,11_PROMPT,0,1612,5356,2
1934523,arched_bangs,08_ANATOMY,0,1612,5357,2
431374,curtsey,10_PROPS,0,1611,5358,2
504744,load_bearing_vest,09_CLOTHING,0,1611,5359,2
13916,tempura,11_PROMPT,0,1610,5360,2
324075,ballerina,11_PROMPT,0,1610,5361,2
61654,tail_grab,06_POSE,0,1609,5362,2
1522714,broken_halo,11_PROMPT,0,1609,5363,2
563461,full-length_zipper,09_CLOTHING,0,1608,5364,2
590857,okamisty,11_PROMPT,0,1608,5365,2
1923,truth,07_EXPRESSIONS,0,1607,5366,2
3493,voyeurism,11_PROMPT,0,1607,5367,2
638293,novel_cover,02_COMPOSITION,0,1607,5368,2
1201168,undressing_another,06_POSE,0,1607,5369,2
1335609,cross_print,06_POSE,0,1604,5370,2
659417,mechanical_ears,08_ANATOMY,0,1604,5371,2
628425,tiered_tray,03_ENVIROMENT,0,1604,5372,2
585400,inverted_cross,06_POSE,0,1603,5373,2
677487,brown_wings,08_ANATOMY,0,1603,5374,2
572582,masturbation_through_clothes,11_PROMPT,0,1602,5375,2
557999,wiping_face,11_PROMPT,0,1602,5376,2
1430735,black_garter_belt,09_CLOTHING,0,1601,5377,2
643912,tail_piercing,08_ANATOMY,0,1601,5378,2
617594,alternate_weapon,10_PROPS,0,1600,5379,1
629694,leopard_tail,08_ANATOMY,0,1598,5380,2
1476395,pokemon_on_shoulder,06_POSE,0,1598,5381,2
450649,shin_guards,09_CLOTHING,0,1597,5382,2
483079,shards,10_PROPS,0,1597,5383,2
383835,runes,10_PROPS,0,1596,5384,2
1835740,purple_one-piece_swimsuit,09_CLOTHING,0,1595,5385,2
389021,deer,11_PROMPT,0,1595,5386,2
211997,battle_axe,10_PROPS,0,1595,5387,2
410474,picnic_basket,03_ENVIROMENT,0,1594,5388,2
1440492,green_capelet,09_CLOTHING,0,1593,5389,2
663918,holding_fishing_rod,06_POSE,0,1592,5390,2
518510,dust_cloud,03_ENVIROMENT,0,1592,5391,2
6259,park,03_ENVIROMENT,0,1591,5392,2
4577,snorkel,11_PROMPT,0,1591,5393,2
519211,ryona,04_PEOPLE,0,1591,5394,2
1916642,grey_halo,02_COMPOSITION,0,1591,5395,2
1416877,two-tone_footwear,09_CLOTHING,0,1590,5396,2
466838,walkie-talkie,04_PEOPLE,0,1589,5397,2
1454017,debt,11_PROMPT,0,1589,5398,2
16601,overcoat,09_CLOTHING,0,1588,5399,2
460553,no_eyebrows,08_ANATOMY,0,1588,5400,2
1781164,gem_(symbol),10_PROPS,0,1587,5401,2
798294,club_(shape),10_PROPS,0,1585,5402,2
583212,fingering_through_clothes,06_POSE,0,1585,5403,2
418106,dark_penis,08_ANATOMY,0,1585,5404,1
525108,hands_on_feet,06_POSE,0,1584,5405,2
525748,dakimakura_(object),05_CHARACTER,0,1584,5406,2
649700,full-package_futanari,11_PROMPT,0,1584,5407,2
1775923,circled_9,10_PROPS,0,1584,5408,2
1258484,key_necklace,10_PROPS,0,1584,5409,2
1309935,notched_ear,08_ANATOMY,0,1584,5410,2
389703,ema,11_PROMPT,0,1583,5411,2
547391,winged_footwear,09_CLOTHING,0,1582,5412,2
1298917,brown_apron,09_CLOTHING,0,1582,5413,2
447287,high_kick,06_POSE,0,1581,5414,2
494162,monkey_ears,08_ANATOMY,0,1581,5415,2
1494953,pink-tinted_eyewear,08_ANATOMY,0,1580,5416,2
1554055,fiery_horns,08_ANATOMY,0,1580,5417,2
662488,palms_together,06_POSE,0,1579,5418,2
652982,visor_(armor),10_PROPS,0,1578,5419,2
1421046,holding_cane,06_POSE,0,1578,5420,2
701116,weighing_scale,10_PROPS,0,1577,5421,2
1360843,neckwear_grab,10_PROPS,0,1577,5422,2
1931519,uneven_horns,08_ANATOMY,0,1577,5423,2
542830,chest_of_drawers,09_CLOTHING,0,1576,5424,2
389647,clock_tower,03_ENVIROMENT,0,1576,5425,2
473050,crate,02_COMPOSITION,0,1576,5426,2
1584543,pokedex_number,04_PEOPLE,0,1574,5427,2
1376753,crescent_print,02_COMPOSITION,0,1573,5428,2
707535,school_emblem,10_PROPS,0,1573,5429,2
389048,donation_box,10_PROPS,0,1572,5430,2
1350077,mask_around_neck,10_PROPS,0,1572,5431,2
1283735,grey_nails,08_ANATOMY,0,1571,5432,2
8260,ferris_wheel,03_ENVIROMENT,0,1571,5433,2
1448822,brown_hoodie,09_CLOTHING,0,1571,5434,2
1303272,print_jacket,09_CLOTHING,0,1570,5435,2
1406765,jaguar_ears,08_ANATOMY,0,1570,5436,2
408186,frottage,11_PROMPT,0,1569,5437,2
603398,lace-trimmed_skirt,09_CLOTHING,0,1569,5438,2
433212,bookmark,02_COMPOSITION,0,1569,5439,2
658981,open_belt,09_CLOTHING,0,1569,5440,2
1514232,breast_focus,06_POSE,0,1568,5441,2
469426,tiger_stripes,09_CLOTHING,0,1568,5442,2
1076527,sidecut,11_PROMPT,0,1568,5443,2
1257558,round_image,02_COMPOSITION,0,1567,5444,2
593015,finger_to_face,06_POSE,0,1567,5445,2
427020,stepped_on,06_POSE,0,1567,5446,2
1780,cow,11_PROMPT,0,1566,5447,2
507338,fishnet_gloves,09_CLOTHING,0,1566,5448,2
963327,yordle,10_PROPS,0,1565,5449,2
498369,naked_bandage,09_CLOTHING,0,1564,5450,2
491621,cheek_bulge,08_ANATOMY,0,1564,5451,2
1227348,back-seamed_legwear,09_CLOTHING,0,1563,5452,2
408474,flashlight,11_PROMPT,0,1563,5453,2
11216,soup,11_PROMPT,0,1562,5454,2
534114,cocktail_dress,09_CLOTHING,0,1561,5455,2
564677,playstation_controller,10_PROPS,0,1558,5456,2
539990,tail_between_legs,06_POSE,0,1558,5457,2
1691576,two-tone_bodysuit,09_CLOTHING,0,1558,5458,2
4930,doctor,11_PROMPT,0,1557,5459,2
652468,brown_bikini,09_CLOTHING,0,1557,5460,2
684234,perpendicular_paizuri,08_ANATOMY,0,1556,5461,2
1854330,purple_halo,10_PROPS,0,1556,5462,2
562826,slapping,06_POSE,0,1554,5463,2
330372,sausage,10_PROPS,0,1553,5464,2
393169,torn_jeans,09_CLOTHING,0,1551,5465,2
1478006,holding_vegetable,06_POSE,0,1549,5466,2
1230150,leg_between_thighs,06_POSE,0,1549,5467,1
1437142,purple_hoodie,09_CLOTHING,0,1549,5468,2
399061,camcorder,02_COMPOSITION,0,1548,5469,2
686725,sunflower_field,03_ENVIROMENT,0,1548,5470,2
1601080,animal_ear_legwear,09_CLOTHING,0,1547,5471,2
1396963,holding_hose,06_POSE,0,1546,5472,2
374948,school_briefcase,10_PROPS,0,1545,5473,2
524686,hand_net,06_POSE,0,1545,5474,2
1325030,new_school_swimsuit,09_CLOTHING,0,1545,5475,2
374749,heartbeat,11_PROMPT,0,1545,5476,2
1429613,tomoeda_elementary_school_uniform,09_CLOTHING,0,1544,5477,2
1499340,sphere_earrings,10_PROPS,0,1544,5478,2
670923,bat_girl,04_PEOPLE,0,1544,5479,1
1976343,hoop_piercing,10_PROPS,0,1544,5480,2
1335718,vibrator_cord,10_PROPS,0,1541,5481,2
595244,hamaya,05_CHARACTER,0,1541,5482,2
646372,asa_no_ha_(pattern),11_PROMPT,0,1541,5483,1
724856,low_neckline,10_PROPS,0,1540,5484,2
1262645,yellow_apron,09_CLOTHING,0,1540,5485,1
555432,head_down,06_POSE,0,1539,5486,2
1393881,green_bag,09_CLOTHING,0,1539,5487,2
662440,konohagakure_symbol,05_CHARACTER,0,1539,5488,2
388798,hatsune_miku_(cosplay),05_CHARACTER,0,1539,5489,2
1374287,ribbed_bodysuit,09_CLOTHING,0,1538,5490,2
496346,impossible_swimsuit,09_CLOTHING,0,1536,5491,2
471805,pastel_colors,09_CLOTHING,0,1536,5492,2
515008,cum_on_self,11_PROMPT,0,1535,5493,2
1306233,triangle_print,06_POSE,0,1535,5494,2
443587,sunscreen,11_PROMPT,0,1533,5495,2
608070,boxer_briefs,09_CLOTHING,0,1533,5496,2
4861,lighter,10_PROPS,0,1532,5497,2
699876,imminent_anal,11_PROMPT,0,1532,5498,2
476199,striped_sweater,09_CLOTHING,0,1531,5499,1
1349107,candy_hair_ornament,08_ANATOMY,0,1531,5500,2
637922,2013,02_COMPOSITION,0,1531,5501,1
516011,playstation_portable,10_PROPS,0,1529,5502,2
9396,april_fools,11_PROMPT,0,1529,5503,2
381861,\o/,06_POSE,0,1528,5504,1
645622,sleeveless_coat,09_CLOTHING,0,1528,5505,2
513421,acrylic_paint_(medium),02_COMPOSITION,0,1528,5506,1
2006760,unworn_socks,09_CLOTHING,0,1527,5507,2
522405,kanabou,05_CHARACTER,0,1526,5508,2
721796,kesa,02_COMPOSITION,0,1526,5509,2
596634,gradient_legwear,09_CLOTHING,0,1526,5510,2
705129,holding_jacket,09_CLOTHING,0,1525,5511,2
726190,breast_conscious,06_POSE,0,1524,5512,2
574252,mismatched_sleeves,09_CLOTHING,0,1522,5513,2
421282,pasta,11_PROMPT,0,1520,5514,2
1637838,teardrop_facial_mark,08_ANATOMY,0,1520,5515,2
9628,scooter,10_PROPS,0,1519,5516,2
375527,kimono_skirt,09_CLOTHING,0,1519,5517,2
1070114,single_stripe,09_CLOTHING,0,1518,5518,2
1387512,orange_ascot,10_PROPS,0,1518,5519,2
657530,spoken_object,10_PROPS,0,1517,5520,2
1248044,tooth_necklace,10_PROPS,0,1517,5521,2
652996,salaryman,04_PEOPLE,0,1517,5522,2
634911,photo_inset,02_COMPOSITION,0,1516,5523,2
462342,after_rape,11_PROMPT,0,1516,5524,1
1400652,torpedo_launcher,05_CHARACTER,0,1515,5525,2
565797,tropical_drink,11_PROMPT,0,1514,5526,2
460870,spell_card,05_CHARACTER,0,1513,5527,2
431872,balancing,06_POSE,0,1512,5528,2
16550,stream,11_PROMPT,0,1511,5529,2
440354,yo-yo,10_PROPS,0,1511,5530,1
411779,ankh,11_PROMPT,0,1510,5531,1
1530487,off-shoulder_jacket,09_CLOTHING,0,1510,5532,2
494464,uvula,10_PROPS,0,1509,5533,2
536575,cheek_press,06_POSE,0,1509,5534,2
1411208,purple_neckerchief,10_PROPS,0,1509,5535,2
375718,daruma_doll,04_PEOPLE,0,1509,5536,2
679286,faux_figurine,09_CLOTHING,0,1507,5537,2
473618,clitoris_piercing,10_PROPS,0,1507,5538,2
1501670,double_fox_shadow_puppet,05_CHARACTER,0,1507,5539,2
507478,aqua_panties,09_CLOTHING,0,1506,5540,2
439288,basketball_uniform,09_CLOTHING,0,1505,5541,2
643517,purple_fire,02_COMPOSITION,0,1505,5542,2
2022180,sideless_shirt,09_CLOTHING,0,1505,5543,2
380213,sponge,11_PROMPT,0,1504,5544,2
1355967,on_vehicle,02_COMPOSITION,0,1504,5545,2
456589,leather_boots,09_CLOTHING,0,1504,5546,2
1940741,goatee_stubble,08_ANATOMY,0,1504,5547,2
15307,werewolf,04_PEOPLE,0,1504,5548,2
1391188,hand_tattoo,06_POSE,0,1504,5549,2
396034,propeller,10_PROPS,0,1503,5550,2
439204,friends,11_PROMPT,0,1502,5551,2
441185,ballet_slippers,09_CLOTHING,0,1502,5552,2
1379921,camouflage_jacket,09_CLOTHING,0,1502,5553,2
570296,giving_up_the_ghost,11_PROMPT,0,1501,5554,2
575113,kimono_pull,10_PROPS,0,1501,5555,2
1880967,combat_helmet,10_PROPS,0,1501,5556,2
665044,holding_own_tail,06_POSE,0,1500,5557,2
1391097,grey_neckerchief,10_PROPS,0,1499,5558,2
2370,cactus,03_ENVIROMENT,0,1499,5559,2
554447,dark_aura,11_PROMPT,0,1497,5560,1
1480073,brushing_another's_hair,08_ANATOMY,0,1496,5561,2
1324575,tapir_tail,08_ANATOMY,0,1496,5562,2
1483316,single_horizontal_stripe,09_CLOTHING,0,1494,5563,2
553041,flower_necklace,10_PROPS,0,1494,5564,2
426749,2012,02_COMPOSITION,0,1494,5565,1
1393951,dark_halo,02_COMPOSITION,0,1493,5566,2
510652,flashback,02_COMPOSITION,0,1492,5567,2
46728,excited,07_EXPRESSIONS,0,1491,5568,2
722706,jojo_pose,06_POSE,0,1491,5569,2
629378,ruffling_hair,08_ANATOMY,0,1490,5570,2
759865,accidental_exposure,11_PROMPT,0,1489,5571,1
1426900,white_bird,10_PROPS,0,1489,5572,2
16095,glomp,11_PROMPT,0,1488,5573,2
1287296,diving_mask_on_head,10_PROPS,0,1488,5574,2
1235655,gradient_dress,09_CLOTHING,0,1488,5575,2
1542420,triangle_hair_ornament,08_ANATOMY,0,1488,5576,2
413758,ammunition,10_PROPS,0,1487,5577,1
403486,party_popper,04_PEOPLE,0,1487,5578,2
1583922,pointy_footwear,09_CLOTHING,0,1487,5579,2
9706,snail,04_PEOPLE,0,1485,5580,2
1677790,blood_on_knife,10_PROPS,0,1485,5581,2
563204,dumbbell,10_PROPS,0,1484,5582,2
573617,food-themed_clothes,09_CLOTHING,0,1483,5583,2
1258750,mechanical_eye,08_ANATOMY,0,1483,5584,2
1509772,industrial_piercing,10_PROPS,0,1483,5585,2
424974,no_testicles,08_ANATOMY,0,1482,5586,2
1409157,flower_tattoo,10_PROPS,0,1482,5587,2
1292445,torn_scarf,09_CLOTHING,0,1481,5588,2
433522,cheek_squash,08_ANATOMY,0,1480,5589,2
15305,steampunk,05_CHARACTER,0,1480,5590,2
1249322,hauchiwa,05_CHARACTER,0,1480,5591,2
673693,kouhaku_nawa,05_CHARACTER,0,1480,5592,2
688469,spiked_choker,10_PROPS,0,1480,5593,2
618804,aroused,07_EXPRESSIONS,0,1479,5594,2
567961,sword_on_back,10_PROPS,0,1478,5595,2
1336500,pointing_at_another,06_POSE,0,1477,5596,2
699449,raimon,05_CHARACTER,0,1476,5597,2
11623,bad_end,11_PROMPT,0,1475,5598,2
1411201,kiyosumi_school_uniform,09_CLOTHING,0,1475,5599,2
644571,flock,04_PEOPLE,0,1474,5600,2
5497,fountain,03_ENVIROMENT,0,1474,5601,2
1381675,holding_stylus,06_POSE,0,1474,5602,2
492714,curry_rice,11_PROMPT,0,1474,5603,2
1231611,arrow_through_heart,07_EXPRESSIONS,0,1474,5604,2
1582498,scar_on_leg,06_POSE,0,1474,5605,2
489600,hedgehog,04_PEOPLE,0,1474,5606,2
642887,wiping_sweat,11_PROMPT,0,1473,5607,2
473988,cooler,11_PROMPT,0,1473,5608,2
1713829,mithra_(ff11),05_CHARACTER,0,1472,5609,2
408561,lava,03_ENVIROMENT,0,1472,5610,2
575714,c:,07_EXPRESSIONS,0,1472,5611,2
1586950,sobu_high_school_uniform,09_CLOTHING,0,1472,5612,2
477993,bad_perspective,02_COMPOSITION,0,1470,5613,2
384435,onmyouji,05_CHARACTER,0,1470,5614,2
452907,chewing,11_PROMPT,0,1470,5615,2
601148,huge_bow,10_PROPS,0,1470,5616,2
547034,guided_breast_grab,06_POSE,0,1470,5617,2
592457,nippleless_clothes,09_CLOTHING,0,1470,5618,2
8500,eggplant,10_PROPS,0,1470,5619,2
501457,lalafell,11_PROMPT,0,1470,5620,2
378567,robot_girl,04_PEOPLE,0,1469,5621,1
720999,aqua_jacket,09_CLOTHING,0,1469,5622,2
1860041,multiple_drawing_challenge,02_COMPOSITION,0,1469,5623,2
1473511,petals_on_liquid,11_PROMPT,0,1468,5624,2
558698,sig_sauer,05_CHARACTER,0,1466,5625,2
653176,circle_skirt,09_CLOTHING,0,1466,5626,2
1533850,sleeve_bow,09_CLOTHING,0,1466,5627,2
474442,plume,11_PROMPT,0,1466,5628,2
563716,italian_flag,10_PROPS,0,1465,5629,2
566734,tanzaku,02_COMPOSITION,0,1465,5630,2
478325,2010,02_COMPOSITION,0,1465,5631,1
616223,no_gloves,06_POSE,0,1465,5632,2
434471,angel_and_devil,04_PEOPLE,0,1463,5633,2
1270497,pearl_bracelet,10_PROPS,0,1462,5634,2
388208,orange_hoodie,09_CLOTHING,0,1462,5635,2
176537,bartender,10_PROPS,0,1460,5636,2
1457585,hooded_cardigan,09_CLOTHING,0,1460,5637,2
1708252,licking_another's_face,06_POSE,0,1459,5638,2
1243501,gibson_les_paul,10_PROPS,0,1457,5639,2
1440630,pink_capelet,09_CLOTHING,0,1457,5640,2
649302,hydrokinesis,11_PROMPT,0,1457,5641,2
1642271,yurigaoka_girls_academy_school_uniform,09_CLOTHING,0,1457,5642,1
419074,hitting,06_POSE,0,1456,5643,2
1250999,red_apple,10_PROPS,0,1456,5644,2
1392006,yellow_bodysuit,09_CLOTHING,0,1456,5645,2
547495,morning_glory,11_PROMPT,0,1456,5646,2
461235,ear_wiggle,08_ANATOMY,0,1455,5647,2
1880820,two-tone_sports_bra,09_CLOTHING,0,1455,5648,2
1607304,linear_hatching,11_PROMPT,0,1454,5649,2
436891,combat_boots,09_CLOTHING,0,1454,5650,2
457698,comforting,07_EXPRESSIONS,0,1454,5651,2
1605653,utensil_in_mouth,10_PROPS,0,1454,5652,2
1884709,rabbit-shaped_pupils,08_ANATOMY,0,1454,5653,2
577080,hand_on_lap,06_POSE,0,1451,5654,2
405415,milking_machine,10_PROPS,0,1450,5655,2
598441,yin_yang_orb,11_PROMPT,0,1450,5656,1
15187,machine,10_PROPS,0,1449,5657,2
1952120,historical_name_connection,05_CHARACTER,0,1449,5658,2
1314077,dice_hair_ornament,08_ANATOMY,0,1448,5659,2
583243,telekinesis,06_POSE,0,1448,5660,2
705059,fish_print,10_PROPS,0,1447,5661,2
541640,button_eyes,08_ANATOMY,0,1447,5662,1
433011,polka_dot_swimsuit,09_CLOTHING,0,1446,5663,2
504063,ninja_mask,10_PROPS,0,1445,5664,2
727101,overall_shorts,09_CLOTHING,0,1445,5665,2
1474354,holding_ladle,06_POSE,0,1445,5666,2
1510994,sweaty_clothes,09_CLOTHING,0,1445,5667,2
643402,shorts_under_dress,09_CLOTHING,0,1445,5668,2
469760,oven_mitts,09_CLOTHING,0,1444,5669,2
1460120,fur-trimmed_footwear,09_CLOTHING,0,1444,5670,2
560409,streamers,11_PROMPT,0,1444,5671,2
685325,shiny_legwear,09_CLOTHING,0,1444,5672,2
482051,drum_set,10_PROPS,0,1443,5673,2
1881201,eden_academy_school_uniform,09_CLOTHING,0,1442,5674,2
1492155,eyewear_hang,08_ANATOMY,0,1441,5675,2
1247470,chocolate_on_breasts,11_PROMPT,0,1440,5676,2
474653,cutting_board,10_PROPS,0,1440,5677,2
1629910,star_brooch,10_PROPS,0,1440,5678,2
570743,kirin_(armor),05_CHARACTER,0,1440,5679,2
379968,breast_expansion,11_PROMPT,0,1439,5680,2
388012,legs_folded,06_POSE,0,1438,5681,2
594236,expressive_clothes,09_CLOTHING,0,1437,5682,2
542208,blank_stare,11_PROMPT,0,1437,5683,2
1271959,short_sidetail,08_ANATOMY,0,1437,5684,2
509739,burnt_clothes,09_CLOTHING,0,1436,5685,2
1345473,ribbon-trimmed_dress,09_CLOTHING,0,1436,5686,2
405,soccer,03_ENVIROMENT,0,1435,5687,2
2025915,same-sex_bathing,11_PROMPT,0,1435,5688,2
490687,prehensile_tail,08_ANATOMY,0,1435,5689,2
5884,champagne,11_PROMPT,0,1435,5690,2
1545323,multicolored_headwear,09_CLOTHING,0,1435,5691,2
1394304,honeycomb_(pattern),03_ENVIROMENT,0,1434,5692,2
559663,unamused,11_PROMPT,0,1434,5693,2
687207,round_window,03_ENVIROMENT,0,1434,5694,2
699281,oversized_food,09_CLOTHING,0,1432,5695,2
1492501,shinda_sekai_sensen_uniform,05_CHARACTER,0,1432,5696,2
4051,duster,03_ENVIROMENT,0,1431,5697,2
542449,furigana,04_PEOPLE,0,1431,5698,2
479155,necktie_grab,06_POSE,0,1431,5699,1
611089,implied_yuri,05_CHARACTER,0,1430,5700,2
180296,wetsuit,09_CLOTHING,0,1430,5701,2
4760,campfire,03_ENVIROMENT,0,1430,5702,2
664838,green_wings,10_PROPS,0,1429,5703,2
557859,puppet_strings,10_PROPS,0,1429,5704,2
463031,anal_hair,08_ANATOMY,0,1428,5705,1
494923,futa_on_male,11_PROMPT,0,1428,5706,1
1290693,looking_at_breasts,06_POSE,0,1427,5707,2
635045,solid_eyes,08_ANATOMY,0,1427,5708,1
685558,cat_day,04_PEOPLE,0,1427,5709,2
11603,paper_airplane,03_ENVIROMENT,0,1426,5710,2
1336108,crime_prevention_buzzer,10_PROPS,0,1426,5711,2
1113314,thick_lips,08_ANATOMY,0,1425,5712,2
1364633,covered_penis,11_PROMPT,0,1425,5713,2
394999,spooning,06_POSE,0,1424,5714,2
509961,battle_rifle,10_PROPS,0,1424,5715,2
1764814,compass_rose_halo,10_PROPS,0,1424,5716,2
700361,watermelon_bar,10_PROPS,0,1423,5717,2
1535711,cross_tie,06_POSE,0,1422,5718,2
468977,split_screen,06_POSE,0,1421,5719,2
648546,belt_boots,09_CLOTHING,0,1421,5720,2
699336,sharp_toenails,08_ANATOMY,0,1419,5721,2
527131,canvas_(object),02_COMPOSITION,0,1418,5722,2
723350,weight_conscious,06_POSE,0,1418,5723,2
584716,camouflage_pants,09_CLOTHING,0,1418,5724,2
702474,ribbed_leotard,10_PROPS,0,1418,5725,2
11273,harp,10_PROPS,0,1417,5726,2
1432417,brown_tail,08_ANATOMY,0,1417,5727,2
375275,climbing,03_ENVIROMENT,0,1417,5728,2
653485,torn_leotard,09_CLOTHING,0,1416,5729,2
494838,soda_bottle,10_PROPS,0,1415,5730,2
615286,pinching_sleeves,06_POSE,0,1415,5731,2
1510188,dildo_riding,11_PROMPT,0,1414,5732,2
1346569,ass_support,11_PROMPT,0,1414,5733,1
68500,ruler,10_PROPS,0,1413,5734,2
735235,eye_of_horus,05_CHARACTER,0,1413,5735,2
494704,2011,02_COMPOSITION,0,1413,5736,1
1102042,strawberry_hair_ornament,08_ANATOMY,0,1412,5737,2
1611404,food-themed_earrings,10_PROPS,0,1412,5738,2
1559228,2000s_(style),02_COMPOSITION,0,1411,5739,1
381519,vibrator_in_thighhighs,11_PROMPT,0,1411,5740,1
665405,white_umbrella,03_ENVIROMENT,0,1411,5741,2
1534653,holding_ice_cream,06_POSE,0,1411,5742,2
607136,split_ponytail,08_ANATOMY,0,1411,5743,2
392839,torn_panties,09_CLOTHING,0,1410,5744,2
499526,green_socks,09_CLOTHING,0,1410,5745,2
1578455,cumulonimbus_cloud,03_ENVIROMENT,0,1410,5746,2
9574,sick,07_EXPRESSIONS,0,1409,5747,2
15731,clothes,09_CLOTHING,0,1409,5748,2
49867,summer_festival,03_ENVIROMENT,0,1409,5749,2
623242,light_censor,02_COMPOSITION,0,1408,5750,2
482510,plaid_panties,09_CLOTHING,0,1408,5751,2
617695,big_nose,08_ANATOMY,0,1408,5752,2
1361077,mole_above_mouth,08_ANATOMY,0,1407,5753,2
1506275,riding_pokemon,03_ENVIROMENT,0,1407,5754,2
690466,monster_energy,05_CHARACTER,0,1406,5755,2
1585295,athletic_leotard,11_PROMPT,0,1403,5756,1
1391806,two-tone_bow,10_PROPS,0,1403,5757,2
573761,trash_bag,10_PROPS,0,1403,5758,2
1471840,headlamp,10_PROPS,0,1403,5759,2
712047,belly_grab,06_POSE,0,1402,5760,2
511422,newhalf,05_CHARACTER,0,1402,5761,2
716813,sword_behind_back,06_POSE,0,1401,5762,2
649117,multiple_swords,05_CHARACTER,0,1399,5763,2
1392086,grey_bodysuit,09_CLOTHING,0,1398,5764,2
1415933,fur-trimmed_shorts,09_CLOTHING,0,1397,5765,2
705927,frilled_leotard,10_PROPS,0,1397,5766,2
16114,chalk,11_PROMPT,0,1397,5767,2
674293,gift_bag,10_PROPS,0,1397,5768,2
683907,jingasa,05_CHARACTER,0,1397,5769,2
682863,hand_on_another's_leg,06_POSE,0,1396,5770,2
1353702,hands_on_own_ass,06_POSE,0,1394,5771,2
1481865,brown_corset,09_CLOTHING,0,1394,5772,2
1090326,bird_mask,10_PROPS,0,1394,5773,2
598531,dropping,11_PROMPT,0,1393,5774,2
487512,nostrils,08_ANATOMY,0,1393,5775,2
442124,orange_panties,09_CLOTHING,0,1393,5776,2
531189,foliage,03_ENVIROMENT,0,1392,5777,2
491661,hat_tip,10_PROPS,0,1392,5778,2
1974818,tarot_(medium),05_CHARACTER,0,1391,5779,2
1252372,sitting_on_bench,06_POSE,0,1391,5780,2
165653,shirt_grab,06_POSE,0,1391,5781,2
485392,denim_jacket,09_CLOTHING,0,1391,5782,2
1713082,neck_tassel,10_PROPS,0,1391,5783,2
562229,food_stand,03_ENVIROMENT,0,1389,5784,2
1494889,lion_boy,04_PEOPLE,0,1389,5785,2
471850,cum_in_clothes,11_PROMPT,0,1388,5786,2
1384370,two-tone_hairband,08_ANATOMY,0,1387,5787,2
10246,wig,08_ANATOMY,0,1387,5788,2
1538197,square_4koma,02_COMPOSITION,0,1386,5789,2
1414393,gradient_skin,08_ANATOMY,0,1386,5790,2
164246,teruterubouzu,05_CHARACTER,0,1385,5791,2
529177,ootachi,05_CHARACTER,0,1385,5792,2
456884,brown_panties,09_CLOTHING,0,1384,5793,2
11370,island,03_ENVIROMENT,0,1384,5794,2
514538,hands_on_ass,06_POSE,0,1383,5795,2
5525,chimney,03_ENVIROMENT,0,1382,5796,2
1538677,holding_gohei,06_POSE,0,1382,5797,2
1415445,nanairogaoka_middle_school_uniform,09_CLOTHING,0,1382,5798,2
1719547,sailor_moon_redraw_challenge_(meme),05_CHARACTER,0,1382,5799,2
695119,blood_in_hair,08_ANATOMY,0,1381,5800,2
533783,reins,11_PROMPT,0,1381,5801,2
1334628,anchor_print,11_PROMPT,0,1381,5802,1
614593,white_snake,10_PROPS,0,1380,5803,2
591683,under_kotatsu,05_CHARACTER,0,1380,5804,2
1575185,polka_dot_headwear,09_CLOTHING,0,1380,5805,2
11756,cup_ramen,10_PROPS,0,1379,5806,2
121795,inline_skates,09_CLOTHING,0,1379,5807,2
478077,ready_to_draw,02_COMPOSITION,0,1378,5808,2
1033270,white_garter_straps,09_CLOTHING,0,1378,5809,2
465806,voice_actor,04_PEOPLE,0,1377,5810,2
416557,ammunition_belt,09_CLOTHING,0,1377,5811,1
1396368,frilled_ascot,10_PROPS,0,1377,5812,2
570043,pine_tree,03_ENVIROMENT,0,1377,5813,2
1243775,colored_shadow,02_COMPOSITION,0,1377,5814,2
643256,tentacle_pit,03_ENVIROMENT,0,1377,5815,2
428847,ugly_man,04_PEOPLE,0,1376,5816,2
1490333,yellow_sleeves,09_CLOTHING,0,1375,5817,1
465875,age_regression,04_PEOPLE,0,1375,5818,2
1295636,shark_costume,10_PROPS,0,1375,5819,2
663895,hand_on_own_neck,06_POSE,0,1374,5820,2
15147,concert,03_ENVIROMENT,0,1374,5821,2
1399022,no_sclera,11_PROMPT,0,1374,5822,2
615253,applying_makeup,02_COMPOSITION,0,1374,5823,2
3114,thread,10_PROPS,0,1373,5824,2
365028,stealth_sex,11_PROMPT,0,1373,5825,2
1549436,cutout_above_navel,09_CLOTHING,0,1373,5826,2
1360081,purple_scrunchie,10_PROPS,0,1371,5827,2
567635,portrait_(object),02_COMPOSITION,0,1371,5828,2
12011,potato,11_PROMPT,0,1370,5829,2
1601,clapping,06_POSE,0,1368,5830,2
1277344,soap_censor,11_PROMPT,0,1366,5831,2
420441,teamwork,11_PROMPT,0,1366,5832,2
406042,exhausted,07_EXPRESSIONS,0,1366,5833,2
470625,torn_gloves,09_CLOTHING,0,1366,5834,2
419773,iphone,10_PROPS,0,1366,5835,2
1388990,two-tone_legwear,09_CLOTHING,0,1365,5836,2
481999,motorcycle_helmet,10_PROPS,0,1365,5837,2
502383,elezen,11_PROMPT,0,1365,5838,2
1498023,adapted_turret,05_CHARACTER,0,1364,5839,2
1406324,no_blindfold,11_PROMPT,0,1364,5840,2
1592562,high-waist_pantyhose,09_CLOTHING,0,1363,5841,2
712473,mummy_costume,09_CLOTHING,0,1363,5842,2
1301010,orange_sweater,09_CLOTHING,0,1362,5843,1
3533,laundry,09_CLOTHING,0,1362,5844,2
500653,mahjong_tile,05_CHARACTER,0,1362,5845,2
2795,picnic,03_ENVIROMENT,0,1362,5846,2
424623,unitard,05_CHARACTER,0,1362,5847,2
575592,glowing_wings,08_ANATOMY,0,1361,5848,2
713580,torn_jacket,09_CLOTHING,0,1361,5849,2
68505,bikesuit,09_CLOTHING,0,1359,5850,2
522628,upshorts,11_PROMPT,0,1359,5851,2
1461344,papakha,11_PROMPT,0,1359,5852,2
582353,lace-trimmed_gloves,09_CLOTHING,0,1358,5853,2
1479378,silver_trim,10_PROPS,0,1358,5854,2
659959,scarf_over_mouth,10_PROPS,0,1357,5855,2
611065,lace_choker,10_PROPS,0,1357,5856,2
1345310,collared_vest,09_CLOTHING,0,1357,5857,2
565279,german_flag,02_COMPOSITION,0,1356,5858,2
989449,paw_print_background,02_COMPOSITION,0,1356,5859,2
468850,tall,04_PEOPLE,0,1353,5860,2
383675,bus_stop,03_ENVIROMENT,0,1353,5861,2
1522400,tented_shirt,09_CLOTHING,0,1353,5862,2
668837,ghost_costume,09_CLOTHING,0,1353,5863,2
668886,animal_on_lap,11_PROMPT,0,1352,5864,2
11835,ballet,11_PROMPT,0,1352,5865,2
1515353,grey_theme,02_COMPOSITION,0,1351,5866,2
379743,saw,11_PROMPT,0,1351,5867,2
374636,unicorn,04_PEOPLE,0,1351,5868,2
390867,soda,11_PROMPT,0,1351,5869,2
1243627,penis_peek,11_PROMPT,0,1351,5870,2
1786594,tokyo-3_middle_school_uniform,09_CLOTHING,0,1350,5871,2
1350036,crystal_earrings,10_PROPS,0,1350,5872,2
1274515,double_w,11_PROMPT,0,1350,5873,2
539907,calico,11_PROMPT,0,1349,5874,2
12413,coffin,11_PROMPT,0,1349,5875,2
1315295,holding_another's_hair,06_POSE,0,1349,5876,2
16355,sundae,08_ANATOMY,0,1348,5877,2
398497,mouth_pull,06_POSE,0,1348,5878,2
482734,bicorne,10_PROPS,0,1348,5879,2
1433794,holding_saucer,06_POSE,0,1347,5880,2
399923,washing,11_PROMPT,0,1345,5881,2
404788,wrestling_ring,10_PROPS,0,1345,5882,2
1358423,multicolored_footwear,09_CLOTHING,0,1345,5883,2
651163,kourindou_tengu_costume,05_CHARACTER,0,1345,5884,2
593295,red_border,02_COMPOSITION,0,1344,5885,2
618005,pennant,03_ENVIROMENT,0,1343,5886,2
252960,tengu,05_CHARACTER,0,1342,5887,2
707712,consensual_tentacles,08_ANATOMY,0,1342,5888,2
675461,rolling_suitcase,09_CLOTHING,0,1342,5889,2
27649,phallic_symbol,10_PROPS,0,1341,5890,2
593299,pink_border,02_COMPOSITION,0,1341,5891,2
8722,detective,11_PROMPT,0,1341,5892,2
491766,painterly,02_COMPOSITION,0,1340,5893,2
483367,pornography,11_PROMPT,0,1339,5894,2
1393886,multicolored_kimono,02_COMPOSITION,0,1338,5895,2
550954,drawing_sword,10_PROPS,0,1338,5896,2
1152233,star_tattoo,11_PROMPT,0,1337,5897,2
555475,pixiv_logo,02_COMPOSITION,0,1337,5898,2
1260944,heart-shaped_lock,10_PROPS,0,1337,5899,2
540293,vampire_costume,09_CLOTHING,0,1337,5900,2
1499492,k/da_(league_of_legends),05_CHARACTER,0,1337,5901,2
437409,hospital_bed,03_ENVIROMENT,0,1336,5902,2
710257,odd_one_out,11_PROMPT,0,1335,5903,2
421120,shell_bikini,09_CLOTHING,0,1335,5904,2
842878,liquid_hair,08_ANATOMY,0,1335,5905,2
476447,kurokote,05_CHARACTER,0,1333,5906,2
498775,orange_skin,08_ANATOMY,0,1333,5907,2
437001,living_clothes,09_CLOTHING,0,1333,5908,2
1408058,brown_leotard,09_CLOTHING,0,1332,5909,2
499809,butterfly_net,10_PROPS,0,1331,5910,2
1476659,french_text,11_PROMPT,0,1331,5911,2
1404921,pink_ascot,09_CLOTHING,0,1331,5912,2
591348,breast_cutout,11_PROMPT,0,1331,5913,2
1433301,two-tone_leotard,08_ANATOMY,0,1330,5914,2
1435997,eye_trail,08_ANATOMY,0,1330,5915,2
1468288,holding_violin,06_POSE,0,1329,5916,2
383546,stole,11_PROMPT,0,1329,5917,2
451182,grimoire,03_ENVIROMENT,0,1328,5918,2
1759071,cetacean_tail,08_ANATOMY,0,1328,5919,2
438516,zabuton,10_PROPS,0,1327,5920,1
1365868,holding_envelope,06_POSE,0,1326,5921,2
1491890,deer_antlers,10_PROPS,0,1326,5922,2
1232450,sparkle_print,10_PROPS,0,1325,5923,2
1409572,yellow_leotard,09_CLOTHING,0,1324,5924,2
682869,extra_mouth,08_ANATOMY,0,1324,5925,2
515827,frog_print,08_ANATOMY,0,1324,5926,2
1484444,yellow_butterfly,08_ANATOMY,0,1323,5927,2
529750,glowing_hair,08_ANATOMY,0,1323,5928,2
1497572,battery_indicator,10_PROPS,0,1323,5929,2
516468,fake_cover,09_CLOTHING,0,1322,5930,2
1403674,pink_camisole,09_CLOTHING,0,1321,5931,2
1825467,androgyne_symbol,11_PROMPT,0,1321,5932,1
1421701,smokestack_hair_ornament,08_ANATOMY,0,1321,5933,2
383146,panties_on_head,08_ANATOMY,0,1320,5934,2
489621,corded_phone,10_PROPS,0,1320,5935,2
10428,wading_pool,03_ENVIROMENT,0,1319,5936,2
378487,telescope,03_ENVIROMENT,0,1319,5937,2
1248643,lapel_pin,10_PROPS,0,1318,5938,2
1255353,loungewear,09_CLOTHING,0,1318,5939,2
1575195,crocodilian_tail,08_ANATOMY,0,1318,5940,2
15057,nearly_naked_apron,09_CLOTHING,0,1317,5941,2
504393,looking_outside,03_ENVIROMENT,0,1317,5942,2
877388,long_tail,08_ANATOMY,0,1317,5943,2
1311812,green_hakama,05_CHARACTER,0,1317,5944,2
1657724,just_the_tip,06_POSE,0,1316,5945,2
388391,screwdriver,10_PROPS,0,1316,5946,2
1470893,blue_brooch,10_PROPS,0,1316,5947,2
10157,honey,11_PROMPT,0,1315,5948,2
665720,candy_wrapper,10_PROPS,0,1315,5949,2
578777,outstretched_leg,06_POSE,0,1314,5950,2
597826,santa_gloves,09_CLOTHING,0,1314,5951,2
862310,kodona,05_CHARACTER,0,1313,5952,2
457725,traffic_cone,02_COMPOSITION,0,1313,5953,2
1445390,aria_company_uniform,09_CLOTHING,0,1312,5954,2
406035,legs_over_head,06_POSE,0,1312,5955,2
577111,pearl_earrings,10_PROPS,0,1310,5956,2
5563,comparison,11_PROMPT,0,1309,5957,2
666509,>o<,07_EXPRESSIONS,0,1308,5958,1
619281,blue_border,02_COMPOSITION,0,1308,5959,2
1327189,glowing_horns,08_ANATOMY,0,1308,5960,2
375033,bored,07_EXPRESSIONS,0,1307,5961,2
1337534,boobplate,10_PROPS,0,1307,5962,2
515225,sperm_cell,11_PROMPT,0,1307,5963,2
10639,yarn,11_PROMPT,0,1305,5964,1
1514329,instagram_logo,02_COMPOSITION,0,1305,5965,2
317,bus,03_ENVIROMENT,0,1304,5966,2
406420,popcorn,11_PROMPT,0,1304,5967,2
6160,cocktail,11_PROMPT,0,1303,5968,2
1417853,heart_collar,10_PROPS,0,1303,5969,2
463235,training_bra,09_CLOTHING,0,1301,5970,2
1329192,arm_armor,10_PROPS,0,1300,5971,2
413107,puffy_cheeks,08_ANATOMY,0,1300,5972,2
556112,red_tail,08_ANATOMY,0,1299,5973,2
1627136,excalibur_morgan_(fate),05_CHARACTER,0,1299,5974,2
10326,archery,11_PROMPT,0,1298,5975,1
470859,purple_socks,09_CLOTHING,0,1298,5976,2
1402775,white_mask,09_CLOTHING,0,1298,5977,2
375906,hot_dog,04_PEOPLE,0,1297,5978,2
519382,decepticon,11_PROMPT,0,1297,5979,2
1872936,fourth_east_high_school_uniform,09_CLOTHING,0,1297,5980,2
637714,holding_legs,06_POSE,0,1296,5981,2
613598,polka_dot_legwear,09_CLOTHING,0,1295,5982,2
12725,headless,11_PROMPT,0,1295,5983,2
616555,uchikake,11_PROMPT,0,1294,5984,2
3419,shinai,05_CHARACTER,0,1293,5985,2
549266,grocery_bag,10_PROPS,0,1293,5986,2
509238,dialogue_box,02_COMPOSITION,0,1293,5987,2
1869216,surrounded_by_penises,06_POSE,0,1293,5988,2
1556082,print_headwear,10_PROPS,0,1293,5989,2
10938,reindeer,11_PROMPT,0,1292,5990,2
1508825,pouring_onto_self,11_PROMPT,0,1292,5991,2
1344962,egg_hair_ornament,08_ANATOMY,0,1292,5992,2
720344,round-bottom_flask,10_PROPS,0,1290,5993,2
538478,haniwa_(statue),05_CHARACTER,0,1290,5994,2
1424580,oda_uri,05_CHARACTER,0,1290,5995,2
1853184,kamiyama_high_school_uniform_(hyouka),09_CLOTHING,0,1290,5996,2
1915073,art_tools_in_frame,02_COMPOSITION,0,1289,5997,1
540308,baggy_clothes,09_CLOTHING,0,1287,5998,2
551459,kine,11_PROMPT,0,1287,5999,2
1353739,borrowed_design,10_PROPS,0,1287,6000,2
482391,bad_food,11_PROMPT,0,1286,6001,2
513996,lyrics,11_PROMPT,0,1286,6002,2
535323,art_brush,10_PROPS,0,1285,6003,1
497292,bo_staff,10_PROPS,0,1285,6004,2
473049,doily,11_PROMPT,0,1284,6005,2
1371202,yellow_cape,09_CLOTHING,0,1284,6006,2
16833,sidewalk,03_ENVIROMENT,0,1284,6007,2
682286,title_parody,11_PROMPT,0,1284,6008,2
11125,asian,02_COMPOSITION,0,1283,6009,1
383854,native_american,04_PEOPLE,0,1283,6010,2
579303,tail_ring,10_PROPS,0,1283,6011,2
1326625,implied_yaoi,05_CHARACTER,0,1283,6012,2
652288,alphes_(style),02_COMPOSITION,0,1283,6013,1
10014,washing_machine,09_CLOTHING,0,1281,6014,2
1341736,hanten_(clothes),09_CLOTHING,0,1281,6015,2
62962,buruma_pull,06_POSE,0,1279,6016,2
1319348,holding_bucket,06_POSE,0,1279,6017,2
688664,adjusting_legwear,06_POSE,0,1279,6018,1
753278,analog_clock,10_PROPS,0,1278,6019,1
1959261,mecha_focus,02_COMPOSITION,0,1278,6020,2
502348,eyelid_pull,06_POSE,0,1278,6021,2
668848,multiple_monochrome,02_COMPOSITION,0,1278,6022,2
10023,toilet_use,11_PROMPT,0,1277,6023,2
1410988,pravda_school_uniform,09_CLOTHING,0,1277,6024,2
505302,bar_stool,09_CLOTHING,0,1276,6025,2
493245,theft,11_PROMPT,0,1275,6026,2
577453,lace_gloves,09_CLOTHING,0,1275,6027,2
1334692,side_drill,06_POSE,0,1275,6028,2
607245,cropped_arms,06_POSE,0,1275,6029,2
615525,blue_tail,08_ANATOMY,0,1274,6030,2
434844,folding_chair,06_POSE,0,1274,6031,2
1958420,sideburns_stubble,08_ANATOMY,0,1274,6032,2
395011,tube_dress,09_CLOTHING,0,1274,6033,2
1438041,blue_sports_bra,09_CLOTHING,0,1274,6034,2
1480873,presenting_foot,06_POSE,0,1274,6035,1
1881209,naranja_academy_school_uniform,09_CLOTHING,0,1274,6036,1
416752,strap_lift,06_POSE,0,1273,6037,2
1609031,scar_on_mouth,08_ANATOMY,0,1273,6038,2
611912,huge_eyebrows,08_ANATOMY,0,1273,6039,2
1327704,nejiri_hachimaki,05_CHARACTER,0,1272,6040,2
1771225,lord_camelot_(fate),05_CHARACTER,0,1272,6041,2
599606,fuuin_no_tsue,05_CHARACTER,0,1271,6042,2
407500,easel,11_PROMPT,0,1271,6043,2
1323466,brown_nails,08_ANATOMY,0,1271,6044,2
538324,manga_cover,05_CHARACTER,0,1270,6045,2
393237,bandolier,10_PROPS,0,1270,6046,2
469127,hair_wings,08_ANATOMY,0,1270,6047,2
652086,gathers,11_PROMPT,0,1269,6048,2
540095,bilingual,04_PEOPLE,0,1269,6049,2
627286,covering_one_eye,08_ANATOMY,0,1269,6050,2
542338,snake_hair,08_ANATOMY,0,1268,6051,2
467246,dotted_line,11_PROMPT,0,1268,6052,1
665204,thick_eyelashes,08_ANATOMY,0,1268,6053,2
1230967,rook_(chess),05_CHARACTER,0,1268,6054,2
1610148,poster_(medium),02_COMPOSITION,0,1267,6055,2
586561,penises_touching,06_POSE,0,1267,6056,2
1561175,champion_uniform,09_CLOTHING,0,1267,6057,2
1292517,glowing_butterfly,11_PROMPT,0,1266,6058,2
1825415,shuujin_academy_school_uniform,09_CLOTHING,0,1265,6059,2
714474,thighhighs_over_pantyhose,09_CLOTHING,0,1264,6060,2
374852,wakizashi,05_CHARACTER,0,1264,6061,2
417929,tennis_ball,10_PROPS,0,1264,6062,2
550074,in_water,03_ENVIROMENT,0,1264,6063,2
432965,red_oni,02_COMPOSITION,0,1264,6064,2
389154,screw,10_PROPS,0,1264,6065,2
1703807,star_sticker,02_COMPOSITION,0,1263,6066,2
414165,cum_on_pussy,11_PROMPT,0,1262,6067,2
419287,swim_cap,10_PROPS,0,1262,6068,2
1399017,grey_tail,08_ANATOMY,0,1262,6069,2
660791,fur_cape,09_CLOTHING,0,1262,6070,2
393428,vaulting_horse,03_ENVIROMENT,0,1261,6071,2
1382643,flaming_weapon,10_PROPS,0,1261,6072,2
1452498,grey_capelet,09_CLOTHING,0,1261,6073,2
1915726,choppy_bangs,08_ANATOMY,0,1260,6074,2
482205,crayon,10_PROPS,0,1259,6075,2
472653,stained_panties,09_CLOTHING,0,1259,6076,2
1058783,aviator_sunglasses,10_PROPS,0,1258,6077,1
1512007,pill_earrings,10_PROPS,0,1258,6078,2
620608,no_tail,08_ANATOMY,0,1257,6079,2
553905,pink_tail,08_ANATOMY,0,1256,6080,2
632074,owl_ears,08_ANATOMY,0,1256,6081,2
2430,recorder,10_PROPS,0,1254,6082,2
13242,hanetsuki,05_CHARACTER,0,1254,6083,2
1350215,blue_robe,09_CLOTHING,0,1254,6084,2
510057,sand_sculpture,03_ENVIROMENT,0,1253,6085,2
462605,snack,11_PROMPT,0,1253,6086,2
497027,pointy_breasts,11_PROMPT,0,1253,6087,2
374917,prison_clothes,09_CLOTHING,0,1252,6088,2
548331,bamboo_steamer,11_PROMPT,0,1250,6089,2
9535,icing,11_PROMPT,0,1249,6090,2
1441859,aqua_footwear,09_CLOTHING,0,1249,6091,1
399166,cursor,05_CHARACTER,0,1249,6092,2
1193565,jimiko,04_PEOPLE,0,1249,6093,2
54102,noose,11_PROMPT,0,1248,6094,2
576788,drying_hair,08_ANATOMY,0,1248,6095,2
452607,2009,02_COMPOSITION,0,1248,6096,1
80452,unzipping,11_PROMPT,0,1247,6097,2
548516,pinstripe_shirt,09_CLOTHING,0,1247,6098,2
1305509,box_of_chocolates,10_PROPS,0,1246,6099,2
543900,hat_over_one_eye,08_ANATOMY,0,1245,6100,2
1835765,evangelion_(mecha),05_CHARACTER,0,1244,6101,2
2016852,full_beard,08_ANATOMY,0,1244,6102,2
675942,zun_(style),11_PROMPT,0,1243,6103,1
641957,bishop_(chess),05_CHARACTER,0,1243,6104,2
382573,akanbe,07_EXPRESSIONS,0,1242,6105,1
378755,beans,11_PROMPT,0,1242,6106,2
1793017,griffin_&_kryuger_military_uniform,09_CLOTHING,0,1242,6107,2
1501467,bandaid_hair_ornament,10_PROPS,0,1242,6108,2
1719544,they_had_lots_of_sex_afterwards_(meme),11_PROMPT,0,1241,6109,2
583869,character_censor,11_PROMPT,0,1240,6110,2
5119,pinwheel,10_PROPS,0,1240,6111,2
691041,yellow_sky,03_ENVIROMENT,0,1239,6112,1
462239,chinese_new_year,02_COMPOSITION,0,1239,6113,2
1270632,huge_moon,03_ENVIROMENT,0,1238,6114,2
4640,hanbok,05_CHARACTER,0,1238,6115,2
191357,loose_shirt,09_CLOTHING,0,1238,6116,2
1324009,lactation_through_clothes,09_CLOTHING,0,1237,6117,2
11435,spreader_bar,10_PROPS,0,1236,6118,2
1354455,year_of_the_rat,11_PROMPT,0,1236,6119,1
378166,star_of_david,04_PEOPLE,0,1235,6120,2
1638312,footwear_ribbon,09_CLOTHING,0,1235,6121,2
463437,pencil_case,10_PROPS,0,1235,6122,2
411498,tearing_clothes,09_CLOTHING,0,1233,6123,2
1497365,pov_doorway,03_ENVIROMENT,0,1233,6124,2
1666453,mage_staff,05_CHARACTER,0,1233,6125,2
1504031,white_butterfly,02_COMPOSITION,0,1232,6126,2
1384374,grey_hairband,10_PROPS,0,1232,6127,2
642323,teacher_and_student,04_PEOPLE,0,1232,6128,2
1835593,ornate_ring,10_PROPS,0,1232,6129,2
1855849,ass_ripple,11_PROMPT,0,1232,6130,1
375377,boar,11_PROMPT,0,1231,6131,2
1427498,holding_pizza,06_POSE,0,1231,6132,2
1430264,coin_hair_ornament,08_ANATOMY,0,1231,6133,2
669112,broken_weapon,10_PROPS,0,1230,6134,2
472508,drum_(container),10_PROPS,0,1230,6135,2
1509338,holding_tablet_pc,06_POSE,0,1230,6136,2
477060,hair_lift,08_ANATOMY,0,1229,6137,2
412162,bucket_hat,10_PROPS,0,1228,6138,2
4910,corn,11_PROMPT,0,1227,6139,2
646003,curled_fingers,08_ANATOMY,0,1227,6140,2
1734694,musou_isshin_(genshin_impact),05_CHARACTER,0,1227,6141,2
16756,aquarium,03_ENVIROMENT,0,1225,6142,1
5248,snowball,11_PROMPT,0,1225,6143,2
10673,vore,11_PROMPT,0,1225,6144,2
1441951,gold_footwear,09_CLOTHING,0,1225,6145,2
16918,tutu,11_PROMPT,0,1224,6146,2
1427833,holding_popsicle,06_POSE,0,1224,6147,2
1509089,between_pectorals,06_POSE,0,1224,6148,2
1343008,orange_vest,09_CLOTHING,0,1222,6149,2
1258067,hands_on_own_stomach,06_POSE,0,1222,6150,2
646377,kikumon,05_CHARACTER,0,1222,6151,2
1379986,alpaca_ears,08_ANATOMY,0,1222,6152,1
5254,thermometer,10_PROPS,0,1221,6153,2
412915,pet_bowl,03_ENVIROMENT,0,1221,6154,2
710509,antique_firearm,10_PROPS,0,1221,6155,2
1605157,colored_nipples,08_ANATOMY,0,1221,6156,2
548066,blending,02_COMPOSITION,0,1220,6157,2
1749113,arthropod_limbs,08_ANATOMY,0,1220,6158,1
513425,nib_pen_(medium),10_PROPS,0,1220,6159,2
383197,toilet_paper,10_PROPS,0,1219,6160,2
1353525,from_outside,03_ENVIROMENT,0,1219,6161,2
702958,holding_ribbon,06_POSE,0,1219,6162,2
1399041,yellow_tail,08_ANATOMY,0,1218,6163,1
2374,shopping,03_ENVIROMENT,0,1218,6164,2
464554,dandelion,03_ENVIROMENT,0,1218,6165,2
1409664,floating_scarf,09_CLOTHING,0,1218,6166,2
1488405,mole_on_cheek,08_ANATOMY,0,1216,6167,2
657589,crotch_cutout,11_PROMPT,0,1216,6168,2
1926688,low-tied_sidelocks,06_POSE,0,1215,6169,2
612322,sheikah,05_CHARACTER,0,1215,6170,2
1469257,single_epaulette,11_PROMPT,0,1215,6171,2
543093,motherly,11_PROMPT,0,1214,6172,2
1513405,heart_facial_mark,07_EXPRESSIONS,0,1214,6173,2
1391449,cropped_sweater,09_CLOTHING,0,1213,6174,1
430316,messenger_bag,10_PROPS,0,1213,6175,2
1716159,human_scabbard,10_PROPS,0,1213,6176,2
519987,pikmin_(creature),04_PEOPLE,0,1212,6177,2
720294,weasel_ears,08_ANATOMY,0,1212,6178,2
398803,cowboy_boots,09_CLOTHING,0,1211,6179,2
1423439,livestream,02_COMPOSITION,0,1211,6180,2
395164,napkin,10_PROPS,0,1210,6181,2
1325319,wrist_bow,10_PROPS,0,1210,6182,2
1411111,keizoku_military_uniform,09_CLOTHING,0,1210,6183,2
1238293,grey_wings,09_CLOTHING,0,1209,6184,2
3614,stain,11_PROMPT,0,1209,6185,2
204274,upshirt,09_CLOTHING,0,1209,6186,2
1569456,pizza_slice,11_PROMPT,0,1209,6187,2
552812,in_cup,11_PROMPT,0,1208,6188,2
396687,hourglass,02_COMPOSITION,0,1208,6189,2
487760,under_tree,03_ENVIROMENT,0,1207,6190,2
594313,shoulder_holster,09_CLOTHING,0,1207,6191,2
1427573,brown_sleeves,09_CLOTHING,0,1207,6192,2
670641,clothes_between_breasts,09_CLOTHING,0,1206,6193,2
9017,kaijuu,05_CHARACTER,0,1206,6194,2
642029,queen_(chess),04_PEOPLE,0,1206,6195,2
645655,wall_clock,02_COMPOSITION,0,1205,6196,2
15251,undead,11_PROMPT,0,1205,6197,2
1720557,swimsuit_cover-up,09_CLOTHING,0,1205,6198,2
430138,double_vertical_stripe,09_CLOTHING,0,1204,6199,2
533033,covering_ass,11_PROMPT,0,1204,6200,2
390528,seaweed,03_ENVIROMENT,0,1204,6201,2
1439729,green_fur,08_ANATOMY,0,1204,6202,2
475500,kissing_hand,06_POSE,0,1203,6203,2
469710,energy_drink,11_PROMPT,0,1203,6204,2
1298677,armpit_cutout,11_PROMPT,0,1203,6205,1
1364890,white_hood,09_CLOTHING,0,1202,6206,2
1397788,brown_choker,10_PROPS,0,1202,6207,2
1799877,tracen_swimsuit,09_CLOTHING,0,1202,6208,2
1239921,pink_sky,03_ENVIROMENT,0,1201,6209,2
7702,hairjob,08_ANATOMY,0,1201,6210,2
508103,tentacles_under_clothes,09_CLOTHING,0,1200,6211,2
415025,convenience_store,03_ENVIROMENT,0,1200,6212,2
608993,uncommon_stimulation,11_PROMPT,0,1198,6213,2
1090981,tantou,05_CHARACTER,0,1197,6214,2
714848,rectangular_mouth,08_ANATOMY,0,1197,6215,2
723519,chin_strap,10_PROPS,0,1197,6216,2
1601728,gladiator_sandals,09_CLOTHING,0,1197,6217,2
1414615,mole_on_stomach,08_ANATOMY,0,1196,6218,2
687072,dark_areolae,08_ANATOMY,0,1196,6219,1
568887,single_boot,06_POSE,0,1196,6220,2
633878,pursed_lips,08_ANATOMY,0,1195,6221,2
1579902,nata_(tool),05_CHARACTER,0,1195,6222,2
1444217,red_tank_top,09_CLOTHING,0,1195,6223,2
1326378,black_umbrella,03_ENVIROMENT,0,1195,6224,2
1289607,nursing_handjob,06_POSE,0,1195,6225,2
713277,no_eyepatch,08_ANATOMY,0,1195,6226,2
568990,blue_tunic,09_CLOTHING,0,1195,6227,2
572545,wall_of_text,02_COMPOSITION,0,1193,6228,2
669932,wrist_wrap,06_POSE,0,1193,6229,2
182494,audience,02_COMPOSITION,0,1193,6230,1
1258824,print_shorts,09_CLOTHING,0,1193,6231,2
6481,tools,10_PROPS,0,1191,6232,2
837919,deer_girl,04_PEOPLE,0,1189,6233,1
1230297,single_wrist_cuff,06_POSE,0,1188,6234,2
478362,kepi,11_PROMPT,0,1188,6235,2
16929,barbed_wire,10_PROPS,0,1187,6236,2
1461059,white_headdress,09_CLOTHING,0,1187,6237,2
610305,hand_to_head,06_POSE,0,1187,6238,2
445618,wet_dress,09_CLOTHING,0,1186,6239,2
432413,lute_(instrument),10_PROPS,0,1185,6240,2
1662233,jujutsu_tech_uniform,09_CLOTHING,0,1185,6241,2
1932,ipod,10_PROPS,0,1183,6242,2
1609648,cum_on_pectorals,11_PROMPT,0,1183,6243,2
703702,hooded_track_jacket,09_CLOTHING,0,1182,6244,2
521714,cursive,11_PROMPT,0,1181,6245,2
409179,smoking_gun,11_PROMPT,0,1181,6246,2
1483518,orange_sleeves,09_CLOTHING,0,1181,6247,2
1423578,brown_collar,10_PROPS,0,1181,6248,2
1452852,two-tone_cape,09_CLOTHING,0,1181,6249,2
458295,rising_sun_flag,03_ENVIROMENT,0,1180,6250,2
1398131,hooded_bodysuit,09_CLOTHING,0,1180,6251,2
1505137,thai_text,05_CHARACTER,0,1179,6252,2
458547,wood,03_ENVIROMENT,0,1179,6253,2
609075,red_mask,09_CLOTHING,0,1179,6254,2
1750472,galaxy_expedition_team_survey_corps_uniform,09_CLOTHING,0,1179,6255,2
377994,playing,11_PROMPT,0,1178,6256,2
417078,bayonet,10_PROPS,0,1178,6257,2
1303973,white_towel,09_CLOTHING,0,1177,6258,2
526671,child's_drawing,02_COMPOSITION,0,1176,6259,2
1433477,floating_cape,11_PROMPT,0,1176,6260,2
527344,body_armor,09_CLOTHING,0,1176,6261,2
1414486,red_mittens,09_CLOTHING,0,1175,6262,2
589292,slashing,11_PROMPT,0,1174,6263,2
10497,rocket,03_ENVIROMENT,0,1174,6264,2
476893,torn_swimsuit,09_CLOTHING,0,1174,6265,2
374312,pilot,11_PROMPT,0,1174,6266,2
393568,amulet,10_PROPS,0,1173,6267,2
580277,green_tail,08_ANATOMY,0,1172,6268,2
1427616,purple_sash,09_CLOTHING,0,1172,6269,2
422468,satin,11_PROMPT,0,1172,6270,2
1663181,alice_(alice_in_wonderland)_(cosplay),04_PEOPLE,0,1172,6271,2
507447,family_crest,10_PROPS,0,1172,6272,2
1411060,saunders_military_uniform,09_CLOTHING,0,1172,6273,2
1397657,cat_ear_legwear,09_CLOTHING,0,1172,6274,2
381183,brick,11_PROMPT,0,1171,6275,2
461078,squinting,08_ANATOMY,0,1171,6276,2
665502,saiyan_armor,09_CLOTHING,0,1171,6277,2
1505168,traditional_chinese_text,05_CHARACTER,0,1170,6278,2
1405660,white_mittens,09_CLOTHING,0,1169,6279,2
1253834,knotted_penis,10_PROPS,0,1168,6280,2
9213,diaper,11_PROMPT,0,1168,6281,2
43071,blind,11_PROMPT,0,1168,6282,2
1360271,grey_cape,09_CLOTHING,0,1168,6283,2
1470190,frilled_sailor_collar,10_PROPS,0,1168,6284,2
1468127,survey_corps_(emblem),03_ENVIROMENT,0,1168,6285,2
572593,noh_mask,11_PROMPT,0,1167,6286,2
550434,side_slit_shorts,09_CLOTHING,0,1166,6287,2
1345376,wing_ornament,10_PROPS,0,1166,6288,2
1681601,mash_kyrielight_(dangerous_beast)_(cosplay),05_CHARACTER,0,1166,6289,2
605773,head_on_hand,06_POSE,0,1165,6290,2
1604448,duel_academy_uniform_(yu-gi-oh!_gx),09_CLOTHING,0,1165,6291,2
1593048,race_vehicle,10_PROPS,0,1165,6292,2
1495060,pants_tucked_in,09_CLOTHING,0,1165,6293,2
1092127,condom_belt,09_CLOTHING,0,1165,6294,2
1495160,mismatched_eyebrows,08_ANATOMY,0,1164,6295,2
460344,ear_biting,08_ANATOMY,0,1164,6296,2
547746,patterned,09_CLOTHING,0,1164,6297,2
502629,bullet_hole,11_PROMPT,0,1164,6298,2
398109,ice_skates,09_CLOTHING,0,1164,6299,2
1456713,cross_choker,10_PROPS,0,1164,6300,2
1512126,black_sweater_vest,09_CLOTHING,0,1164,6301,1
607513,arms_around_waist,06_POSE,0,1163,6302,2
4047,pickaxe,05_CHARACTER,0,1162,6303,2
374998,abuse,11_PROMPT,0,1162,6304,2
400267,dumpling,11_PROMPT,0,1162,6305,2
467711,possessed,11_PROMPT,0,1161,6306,2
495021,rider_belt,10_PROPS,0,1161,6307,2
433870,broken_heart,11_PROMPT,0,1160,6308,2
74341,floating_island,03_ENVIROMENT,0,1158,6309,2
1330451,multicolored_cape,09_CLOTHING,0,1158,6310,2
1954874,girthy_penis,08_ANATOMY,0,1158,6311,2
317438,war,11_PROMPT,0,1157,6312,2
492648,yellow_socks,09_CLOTHING,0,1156,6313,1
1242015,vanishing_point,02_COMPOSITION,0,1156,6314,2
1682536,alternate_muscle_size,06_POSE,0,1156,6315,2
1881213,uva_academy_school_uniform,09_CLOTHING,0,1156,6316,2
1608617,fold-over_boots,09_CLOTHING,0,1155,6317,2
1346040,pink_hakama,05_CHARACTER,0,1155,6318,2
425258,naked_overalls,09_CLOTHING,0,1154,6319,2
456535,spit_take,11_PROMPT,0,1154,6320,2
440482,leg_wrap,06_POSE,0,1154,6321,2
383664,pier,03_ENVIROMENT,0,1153,6322,2
427033,hologram,02_COMPOSITION,0,1153,6323,2
490582,onbashira,05_CHARACTER,0,1153,6324,2
1456945,mochi_trail,03_ENVIROMENT,0,1150,6325,2
600871,ar-15,10_PROPS,0,1150,6326,1
416845,toast_in_mouth,11_PROMPT,0,1149,6327,2
378541,gills,08_ANATOMY,0,1149,6328,2
1472423,sleeve_ribbon,10_PROPS,0,1149,6329,2
377871,gerudo,05_CHARACTER,0,1149,6330,2
1353857,blood_on_arm,06_POSE,0,1149,6331,2
1274530,angora_rabbit,11_PROMPT,0,1149,6332,1
668806,tied_jacket,09_CLOTHING,0,1149,6333,2
465140,breastfeeding,11_PROMPT,0,1148,6334,2
385619,facepalm,07_EXPRESSIONS,0,1148,6335,2
689166,king_(chess),05_CHARACTER,0,1148,6336,2
388245,cum_in_nose,11_PROMPT,0,1147,6337,2
519098,yarn_ball,11_PROMPT,0,1147,6338,1
1419059,blue_tank_top,09_CLOTHING,0,1147,6339,2
1574670,two-sided_dress,09_CLOTHING,0,1147,6340,2
1429073,holding_beachball,06_POSE,0,1146,6341,2
1544416,clothes_between_thighs,06_POSE,0,1146,6342,1
438209,checkered_flag,06_POSE,0,1146,6343,2
582333,ojou-sama_pose,05_CHARACTER,0,1145,6344,2
1373023,purple-framed_eyewear,09_CLOTHING,0,1145,6345,2
554570,jockstrap,09_CLOTHING,0,1145,6346,2
468827,pushing,06_POSE,0,1144,6347,2
8787,cd,02_COMPOSITION,0,1144,6348,2
1181961,multiple_weapons,10_PROPS,0,1144,6349,2
447171,lowleg_pants,09_CLOTHING,0,1144,6350,2
456565,flying_kick,06_POSE,0,1143,6351,2
228097,astronaut,04_PEOPLE,0,1143,6352,1
570496,struggling,07_EXPRESSIONS,0,1143,6353,2
658977,wooden_chair,10_PROPS,0,1142,6354,2
394852,hair_flip,08_ANATOMY,0,1142,6355,2
1299125,elbows_on_table,06_POSE,0,1141,6356,2
1575514,yuigaoka_school_uniform,09_CLOTHING,0,1141,6357,1
1506800,diamond_(gemstone),10_PROPS,0,1139,6358,2
1301231,robot_animal,04_PEOPLE,0,1139,6359,2
433234,erect_clitoris,11_PROMPT,0,1139,6360,2
529455,tight_dress,09_CLOTHING,0,1138,6361,2
632045,no_jacket,09_CLOTHING,0,1137,6362,2
10056,grill,11_PROMPT,0,1136,6363,2
1324059,holding_jewelry,06_POSE,0,1136,6364,2
4638,drugs,11_PROMPT,0,1136,6365,2
606330,condom_box,10_PROPS,0,1135,6366,2
1392422,frilled_camisole,10_PROPS,0,1135,6367,2
2006770,unworn_coat,09_CLOTHING,0,1134,6368,2
477804,rainbow_hair,08_ANATOMY,0,1134,6369,2
410619,toe_ring,10_PROPS,0,1133,6370,2
448692,saddle,10_PROPS,0,1133,6371,2
1561346,see-through_jacket,09_CLOTHING,0,1133,6372,2
614915,pink_cape,09_CLOTHING,0,1133,6373,2
664456,horn_ring,10_PROPS,0,1132,6374,2
1607725,stuffed_winged_unicorn,10_PROPS,0,1132,6375,2
2006763,unworn_backpack,09_CLOTHING,0,1131,6376,2
1290371,ancient_greek_clothes,09_CLOTHING,0,1131,6377,2
414667,hedgehog_ears,08_ANATOMY,0,1131,6378,2
1296117,sideways_hat,10_PROPS,0,1130,6379,2
1450046,holding_megaphone,06_POSE,0,1130,6380,2
1208724,string_bra,10_PROPS,0,1130,6381,2
504098,m1911,10_PROPS,0,1129,6382,2
445034,huge_testicles,08_ANATOMY,0,1128,6383,2
582801,flower_on_head,08_ANATOMY,0,1126,6384,2
394157,papers,02_COMPOSITION,0,1126,6385,2
411205,pigeon,03_ENVIROMENT,0,1126,6386,2
2006766,unworn_dress,09_CLOTHING,0,1125,6387,2
408039,crystal_ball,03_ENVIROMENT,0,1124,6388,2
222856,good_end,07_EXPRESSIONS,0,1124,6389,2
690260,vibrator_on_nipple,10_PROPS,0,1123,6390,2
1344687,holding_letter,06_POSE,0,1123,6391,2
550352,hand_on_forehead,06_POSE,0,1122,6392,2
593473,coke-bottle_glasses,10_PROPS,0,1120,6393,2
1237688,open_bodysuit,09_CLOTHING,0,1120,6394,2
8664,hoop,10_PROPS,0,1120,6395,2
1345218,holding_behind_back,06_POSE,0,1120,6396,2
1406965,holding_chocolate,06_POSE,0,1120,6397,2
537085,objectification,02_COMPOSITION,0,1120,6398,2
1292892,cracked_wall,03_ENVIROMENT,0,1120,6399,2
487790,studded_bracelet,10_PROPS,0,1120,6400,2
490067,holding_head,06_POSE,0,1119,6401,2
255403,cleaver,10_PROPS,0,1118,6402,2
269258,chat_log,11_PROMPT,0,1118,6403,2
561654,animal_skull,08_ANATOMY,0,1118,6404,1
664894,aqua_gloves,09_CLOTHING,0,1117,6405,1
13597,triple_penetration,06_POSE,0,1117,6406,2
7877,nintendo_ds,03_ENVIROMENT,0,1116,6407,2
635240,star_pasties,11_PROMPT,0,1116,6408,2
1597931,pancake_stack,11_PROMPT,0,1116,6409,2
593433,rice_on_face,11_PROMPT,0,1115,6410,1
385968,player_2,04_PEOPLE,0,1114,6411,2
1300914,leash_pull,06_POSE,0,1114,6412,2
1886041,shuka_high_school_uniform,09_CLOTHING,0,1114,6413,2
428710,buster_sword,05_CHARACTER,0,1113,6414,2
1316299,multicolored_scarf,09_CLOTHING,0,1113,6415,2
497039,test_plugsuit,10_PROPS,0,1113,6416,2
599986,cutting_hair,08_ANATOMY,0,1112,6417,2
1100029,hands_on_own_breasts,06_POSE,0,1112,6418,2
607934,tentacles_on_male,11_PROMPT,0,1112,6419,1
46843,shaking,06_POSE,0,1112,6420,2
476906,spray_can,11_PROMPT,0,1112,6421,2
501887,levitation,06_POSE,0,1111,6422,2
453294,houndstooth,10_PROPS,0,1111,6423,2
1552258,fish_boy,04_PEOPLE,0,1111,6424,1
564002,guided_penetration,06_POSE,0,1110,6425,2
511246,blank_speech_bubble,02_COMPOSITION,0,1109,6426,2
474428,blowing,11_PROMPT,0,1109,6427,2
1328348,group_name,04_PEOPLE,0,1109,6428,2
1450864,head_chain,10_PROPS,0,1109,6429,2
622973,chicken_(food),11_PROMPT,0,1108,6430,2
13164,bud,07_EXPRESSIONS,0,1108,6431,2
271102,ladybug,04_PEOPLE,0,1108,6432,2
1427943,yellow_tank_top,09_CLOTHING,0,1107,6433,1
8482,waiter,11_PROMPT,0,1107,6434,2
617955,polka_dot_skirt,09_CLOTHING,0,1107,6435,2
572583,radiation_symbol,05_CHARACTER,0,1106,6436,2
1488071,orange_tail,08_ANATOMY,0,1106,6437,2
390026,chalice,10_PROPS,0,1106,6438,2
399273,adidas,09_CLOTHING,0,1106,6439,2
1350589,bandaid_on_forehead,10_PROPS,0,1106,6440,2
715181,post-apocalypse,02_COMPOSITION,0,1105,6441,2
1416950,vertical-striped_jacket,09_CLOTHING,0,1105,6442,2
487783,leather_pants,09_CLOTHING,0,1103,6443,2
9656,crazy,02_COMPOSITION,0,1103,6444,2
428269,hard_hat,10_PROPS,0,1103,6445,2
556519,electrical_outlet,10_PROPS,0,1103,6446,2
960973,cardigan_around_waist,09_CLOTHING,0,1103,6447,2
605380,vertical-striped_bikini,09_CLOTHING,0,1102,6448,2
1481671,torn_bodystocking,06_POSE,0,1102,6449,2
473178,\n/,06_POSE,0,1101,6450,1
1229971,shoulder_cannon,10_PROPS,0,1101,6451,2
1355541,lattice,03_ENVIROMENT,0,1100,6452,2
1401831,purple_ascot,10_PROPS,0,1099,6453,2
663596,aestus_estus,05_CHARACTER,0,1099,6454,2
1868991,twitter_strip_game_(meme),11_PROMPT,0,1099,6455,2
482315,breast_padding,09_CLOTHING,0,1098,6456,2
417908,white_tiger,04_PEOPLE,0,1098,6457,2
561371,qr_code,05_CHARACTER,0,1098,6458,2
399680,arachne,11_PROMPT,0,1098,6459,2
1447366,cross_pasties,11_PROMPT,0,1097,6460,2
561682,clownfish,04_PEOPLE,0,1096,6461,2
1386020,st._gloriana's_(emblem),10_PROPS,0,1095,6462,2
1466798,holding_money,06_POSE,0,1094,6463,2
1535682,two-tone_hoodie,09_CLOTHING,0,1094,6464,2
7700,weightlifting,06_POSE,0,1093,6465,2
381280,lighthouse,03_ENVIROMENT,0,1092,6466,2
401136,kimono_lift,06_POSE,0,1092,6467,1
623986,green_sclera,08_ANATOMY,0,1092,6468,2
1571287,berry_(pokemon),04_PEOPLE,0,1092,6469,2
1527638,bubble_tea_challenge,03_ENVIROMENT,0,1092,6470,2
11414,nipple_clamps,06_POSE,0,1091,6471,2
1352539,squidbeak_splatoon,10_PROPS,0,1090,6472,2
620885,latex_legwear,09_CLOTHING,0,1089,6473,2
1435395,grey_tank_top,09_CLOTHING,0,1089,6474,2
684797,hands_on_another's_hips,06_POSE,0,1089,6475,2
417498,christmas_present,10_PROPS,0,1089,6476,2
1299138,back-print_panties,09_CLOTHING,0,1088,6477,2
533099,sitting_on_rock,03_ENVIROMENT,0,1088,6478,2
2068563,barefoot_sandals_(jewelry),10_PROPS,0,1088,6479,1
545590,easter_egg,11_PROMPT,0,1088,6480,1
1411474,bc_freedom_military_uniform,09_CLOTHING,0,1088,6481,1
1012946,breasts_on_table,11_PROMPT,0,1087,6482,1
15469,coconut,11_PROMPT,0,1087,6483,2
1247424,brick_floor,03_ENVIROMENT,0,1086,6484,2
1881200,ashford_academy_school_uniform,09_CLOTHING,0,1086,6485,1
549347,green_pantyhose,09_CLOTHING,0,1086,6486,2
1564958,heart_maebari,05_CHARACTER,0,1085,6487,2
8697,porch,03_ENVIROMENT,0,1084,6488,2
462190,public_use,11_PROMPT,0,1084,6489,2
1623058,male_maid,04_PEOPLE,0,1084,6490,2
1450741,oohashi_high_school_uniform,09_CLOTHING,0,1084,6491,2
5231,tonfa,11_PROMPT,0,1083,6492,2
8409,spaghetti,11_PROMPT,0,1083,6493,2
1611387,fumo_(doll),04_PEOPLE,0,1083,6494,2
406050,rough_sex,11_PROMPT,0,1083,6495,2
469235,amplifier,10_PROPS,0,1082,6496,1
484561,arm_cuffs,06_POSE,0,1082,6497,2
403070,grenade_launcher,10_PROPS,0,1081,6498,2
1377852,hair_on_horn,08_ANATOMY,0,1081,6499,2
1793356,floral_print_kimono,09_CLOTHING,0,1080,6500,2
1242619,fake_nails,08_ANATOMY,0,1080,6501,2
589458,<o>_<o>,07_EXPRESSIONS,0,1080,6502,2
12500,pendulum,03_ENVIROMENT,0,1080,6503,2
429978,between_toes,06_POSE,0,1079,6504,2
1366557,ink_tank_(splatoon),10_PROPS,0,1079,6505,2
1258093,ribbon-trimmed_headwear,09_CLOTHING,0,1078,6506,2
531424,multiple_heads,08_ANATOMY,0,1078,6507,2
375406,clown,04_PEOPLE,0,1077,6508,2
485541,finger_heart,10_PROPS,0,1077,6509,2
1339258,logo_parody,02_COMPOSITION,0,1076,6510,2
585968,heads-up_display,06_POSE,0,1076,6511,2
1253889,joestar_birthmark,02_COMPOSITION,0,1076,6512,2
1281282,taimanin_suit,09_CLOTHING,0,1075,6513,2
1365439,jaguar_print,10_PROPS,0,1075,6514,2
576346,adjusting_necktie,06_POSE,0,1074,6515,1
15836,butter,11_PROMPT,0,1074,6516,2
2477,lightsaber,10_PROPS,0,1073,6517,2
585602,jeweled_branch_of_hourai,05_CHARACTER,0,1073,6518,2
1372787,multi-strapped_panties,09_CLOTHING,0,1073,6519,2
1342773,fleur_de_lapin_uniform,09_CLOTHING,0,1073,6520,2
1344492,on_motorcycle,06_POSE,0,1072,6521,2
403466,medallion,10_PROPS,0,1072,6522,2
746897,pussy_juice_drip_through_clothes,11_PROMPT,0,1072,6523,2
1407341,holding_notebook,06_POSE,0,1072,6524,2
476104,saber_(weapon),05_CHARACTER,0,1072,6525,2
1779554,ear_birthmark,08_ANATOMY,0,1072,6526,2
490118,pool_of_blood,11_PROMPT,0,1071,6527,2
658794,poke_ball_theme,02_COMPOSITION,0,1071,6528,2
1648109,hololive_idol_uniform,09_CLOTHING,0,1071,6529,2
1529528,yellow_raincoat,09_CLOTHING,0,1070,6530,1
138127,art_nouveau,02_COMPOSITION,0,1070,6531,1
659461,sleep_bubble,11_PROMPT,0,1070,6532,2
474917,peace_symbol,10_PROPS,0,1069,6533,2
1539213,flower_over_eye,08_ANATOMY,0,1069,6534,2
672588,cardigan_vest,09_CLOTHING,0,1068,6535,2
418811,acoustic_guitar,10_PROPS,0,1068,6536,1
330159,green_tea,03_ENVIROMENT,0,1068,6537,2
1331283,bridal_legwear,09_CLOTHING,0,1068,6538,2
555321,hand_gesture,06_POSE,0,1068,6539,2
1453635,cartoon_bone,10_PROPS,0,1068,6540,2
1494960,yellow-tinted_eyewear,10_PROPS,0,1067,6541,1
693639,striped_hoodie,09_CLOTHING,0,1067,6542,2
571951,flaming_sword,10_PROPS,0,1065,6543,2
419383,wallet,10_PROPS,0,1065,6544,2
1343361,opened_by_self,11_PROMPT,0,1065,6545,2
514359,naked_scarf,09_CLOTHING,0,1064,6546,2
742744,bean_bag_chair,10_PROPS,0,1064,6547,2
1329330,bunny_day,11_PROMPT,0,1064,6548,2
411403,tongs,10_PROPS,0,1063,6549,2
1440820,usekh_collar,05_CHARACTER,0,1063,6550,2
1193485,dudou,11_PROMPT,0,1062,6551,2
612924,"don't_say_""lazy""",11_PROMPT,0,1062,6552,2
1598258,cross-laced_sleeves,09_CLOTHING,0,1062,6553,2
388611,warning_sign,07_EXPRESSIONS,0,1061,6554,2
1404539,green_tunic,09_CLOTHING,0,1061,6555,2
1406788,otter_ears,08_ANATOMY,0,1060,6556,2
1312469,purple_hakama,05_CHARACTER,0,1059,6557,2
474347,affectionate,11_PROMPT,0,1059,6558,1
1518971,pectoral_press,06_POSE,0,1059,6559,2
1432832,green_tank_top,09_CLOTHING,0,1058,6560,2
8698,windowsill,11_PROMPT,0,1058,6561,2
413290,hand_under_shirt,06_POSE,0,1057,6562,2
477179,tire,10_PROPS,0,1056,6563,2
472542,beam_saber,05_CHARACTER,0,1056,6564,2
1908338,tail_around_own_leg,06_POSE,0,1056,6565,2
565478,skirt_basket,09_CLOTHING,0,1055,6566,2
1730373,white_romper,09_CLOTHING,0,1055,6567,2
1920354,strapless_one-piece_swimsuit,09_CLOTHING,0,1054,6568,2
669693,stalk_in_mouth,08_ANATOMY,0,1054,6569,2
499998,sitting_backwards,06_POSE,0,1053,6570,2
1245350,implied_fellatio,11_PROMPT,0,1053,6571,2
1933084,youtou_high_school_uniform,09_CLOTHING,0,1053,6572,1
1660195,long_earlobes,08_ANATOMY,0,1052,6573,2
412848,panzer_iv,05_CHARACTER,0,1051,6574,2
452532,two-handed_handjob,06_POSE,0,1050,6575,2
4219,henshin,05_CHARACTER,0,1050,6576,2
1715534,baton_(conducting),10_PROPS,0,1050,6577,2
5817,sauna,11_PROMPT,0,1049,6578,2
471824,searchlight,02_COMPOSITION,0,1049,6579,2
643640,narration,11_PROMPT,0,1049,6580,2
395642,vietnamese_dress,09_CLOTHING,0,1045,6581,2
1665000,dashed_eyes,08_ANATOMY,0,1045,6582,1
659364,licking_armpit,06_POSE,0,1044,6583,2
460270,sparrow,11_PROMPT,0,1044,6584,2
4281,hole,11_PROMPT,0,1044,6585,2
1545039,low-braided_long_hair,08_ANATOMY,0,1044,6586,2
492703,long_neck,10_PROPS,0,1043,6587,2
487949,arm_above_head,06_POSE,0,1043,6588,2
1265662,lace-trimmed_hairband,09_CLOTHING,0,1043,6589,2
550385,linked_piercing,10_PROPS,0,1043,6590,2
1450600,very_wide_shot,02_COMPOSITION,0,1043,6591,2
394402,wheat,03_ENVIROMENT,0,1042,6592,2
1257023,dog_penis,08_ANATOMY,0,1041,6593,2
974485,hoodie_lift,09_CLOTHING,0,1041,6594,2
430376,bear_costume,09_CLOTHING,0,1039,6595,2
1344738,snowflake_background,02_COMPOSITION,0,1039,6596,2
2061574,squeans,11_PROMPT,0,1039,6597,2
449699,grand_piano,02_COMPOSITION,0,1038,6598,2
1328442,green_belt,09_CLOTHING,0,1038,6599,2
1419470,crotchless_pantyhose,09_CLOTHING,0,1038,6600,2
723518,arms_between_legs,06_POSE,0,1037,6601,2
436459,acorn,10_PROPS,0,1037,6602,1
14739,hammock,11_PROMPT,0,1037,6603,2
457892,dithering,11_PROMPT,0,1036,6604,2
381750,thermos,11_PROMPT,0,1036,6605,2
663869,looking_through_legs,06_POSE,0,1036,6606,2
416825,omikuji,05_CHARACTER,0,1035,6607,2
465518,snow_rabbit,04_PEOPLE,0,1035,6608,2
549921,swinging,06_POSE,0,1035,6609,2
404973,galaxy,03_ENVIROMENT,0,1035,6610,2
522469,centauroid,05_CHARACTER,0,1035,6611,2
497015,wringing_clothes,09_CLOTHING,0,1034,6612,2
1340790,holding_branch,06_POSE,0,1034,6613,2
455483,shorts_around_one_leg,06_POSE,0,1034,6614,2
405411,team_9,05_CHARACTER,0,1034,6615,2
527949,troll_face,11_PROMPT,0,1033,6616,2
416210,dirty_feet,11_PROMPT,0,1033,6617,2
1943,ad,02_COMPOSITION,0,1032,6618,1
1234828,character_age,04_PEOPLE,0,1032,6619,2
1404665,aqua_neckerchief,10_PROPS,0,1032,6620,2
5946,boxcutter,10_PROPS,0,1032,6621,2
496226,multiple_legs,06_POSE,0,1032,6622,2
1509435,holding_remote_control,06_POSE,0,1032,6623,2
439167,urethral_insertion,11_PROMPT,0,1031,6624,2
659790,eldritch_abomination,11_PROMPT,0,1031,6625,2
424264,nose_ring,10_PROPS,0,1031,6626,2
457370,masochism,11_PROMPT,0,1030,6627,2
507276,paper_crane,10_PROPS,0,1030,6628,2
2067896,through_medium,11_PROMPT,0,1030,6629,2
572094,h&k_ump,05_CHARACTER,0,1029,6630,2
399607,hair_dryer,08_ANATOMY,0,1029,6631,2
1577478,super_saiyan_1,05_CHARACTER,0,1029,6632,2
1411064,anzio_military_uniform,09_CLOTHING,0,1029,6633,2
596588,jacket_pull,09_CLOTHING,0,1028,6634,2
678345,maneki-neko,05_CHARACTER,0,1027,6635,2
1059619,kissing_penis,11_PROMPT,0,1026,6636,2
8173,bokken,02_COMPOSITION,0,1025,6637,2
658767,bound_together,06_POSE,0,1025,6638,2
1707265,cross-laced_dress,09_CLOTHING,0,1024,6639,2
381467,credits,11_PROMPT,0,1024,6640,2
646311,polka_dot_shirt,09_CLOTHING,0,1024,6641,2
714502,infinity_symbol,07_EXPRESSIONS,0,1024,6642,2
971148,underbutt,11_PROMPT,0,1024,6643,2
1710578,underpec,11_PROMPT,0,1024,6644,2
721903,fur_cloak,09_CLOTHING,0,1024,6645,2
1338731,holding_skull,06_POSE,0,1023,6646,2
1325576,four-leaf_clover_hair_ornament,08_ANATOMY,0,1022,6647,2
1996504,bowlegged_pose,06_POSE,0,1022,6648,2
395900,deformed,11_PROMPT,0,1021,6649,2
1263464,potara_earrings,10_PROPS,0,1021,6650,2
552418,detached_hair,08_ANATOMY,0,1021,6651,2
1396770,animal_on_arm,06_POSE,0,1020,6652,2
615409,bag_of_chips,10_PROPS,0,1020,6653,2
533029,dragging,06_POSE,0,1020,6654,2
475494,dissolving,11_PROMPT,0,1020,6655,2
697415,storefront,03_ENVIROMENT,0,1019,6656,1
1401249,grey_leotard,09_CLOTHING,0,1018,6657,2
453888,hand_mirror,06_POSE,0,1017,6658,2
435855,messy_room,03_ENVIROMENT,0,1017,6659,2
393203,handstand,06_POSE,0,1017,6660,2
1845191,glaive_(polearm),10_PROPS,0,1017,6661,2
10079,double_dildo,11_PROMPT,0,1015,6662,2
446404,cheek_pull,06_POSE,0,1015,6663,2
1320993,print_necktie,10_PROPS,0,1015,6664,1
463435,parka,03_ENVIROMENT,0,1014,6665,2
1001710,shell_necklace,10_PROPS,0,1013,6666,2
626910,head_only,08_ANATOMY,0,1013,6667,2
379180,zora,05_CHARACTER,0,1013,6668,2
539119,ultra_ball,11_PROMPT,0,1013,6669,2
374518,how_to,06_POSE,0,1012,6670,2
14011,height_chart,02_COMPOSITION,0,1011,6671,2
12456,dvd_cover,02_COMPOSITION,0,1011,6672,2
1478742,holding_sex_toy,06_POSE,0,1011,6673,2
504065,cephalopod_eyes,08_ANATOMY,0,1011,6674,1
725442,blue_bandana,10_PROPS,0,1011,6675,2
1128476,runny_makeup,08_ANATOMY,0,1011,6676,2
405504,apron_lift,06_POSE,0,1010,6677,2
604813,long_beard,08_ANATOMY,0,1010,6678,2
1400702,orange_belt,09_CLOTHING,0,1010,6679,2
433080,koi,05_CHARACTER,0,1010,6680,2
393640,aurora,11_PROMPT,0,1010,6681,1
642231,white_lily,03_ENVIROMENT,0,1008,6682,2
483045,kinchaku,04_PEOPLE,0,1008,6683,2
1386653,falchion_(fire_emblem),02_COMPOSITION,0,1008,6684,2
618068,light_machine_gun,10_PROPS,0,1007,6685,2
457678,animal_slippers,09_CLOTHING,0,1007,6686,2
1556083,camouflage_headwear,09_CLOTHING,0,1007,6687,2
790375,licking_foot,06_POSE,0,1006,6688,2
389325,grave,11_PROMPT,0,1006,6689,2
692139,penguin_hood,09_CLOTHING,0,1006,6690,2
447807,crocs,10_PROPS,0,1006,6691,2
571640,jacket_over_swimsuit,09_CLOTHING,0,1005,6692,2
407128,crumbs,11_PROMPT,0,1005,6693,2
547983,rope_belt,10_PROPS,0,1005,6694,2
1324856,virgin_killer_outfit,09_CLOTHING,0,1005,6695,2
1407009,japari_bun,05_CHARACTER,0,1005,6696,2
386926,polar_bear,04_PEOPLE,0,1004,6697,2
621690,no_mask,11_PROMPT,0,1004,6698,2
548034,keystone,03_ENVIROMENT,0,1004,6699,2
1353392,shoulder_sash,09_CLOTHING,0,1004,6700,2
2944,airship,11_PROMPT,0,1003,6701,1
239,valkyrie,05_CHARACTER,0,1003,6702,2
547300,misunderstanding,11_PROMPT,0,1003,6703,2
512129,symbolism,11_PROMPT,0,1003,6704,2
657147,fur_boots,09_CLOTHING,0,1003,6705,2
553040,flower_bracelet,10_PROPS,0,1002,6706,2
1397501,star_ornament,05_CHARACTER,0,1002,6707,2
699573,energy_cannon,05_CHARACTER,0,1002,6708,2
729551,kiwi_(fruit),05_CHARACTER,0,1001,6709,2
15450,onion,10_PROPS,0,1001,6710,2
1451576,checkered_sash,10_PROPS,0,1001,6711,2
709908,fanning_self,11_PROMPT,0,1000,6712,2
1262145,hands_on_ground,06_POSE,0,1000,6713,2
1501556,yellow_sweater_vest,09_CLOTHING,0,999,6714,1
468583,melon_bread,03_ENVIROMENT,0,999,6715,2
1432422,purple_cardigan,09_CLOTHING,0,999,6716,2
509654,forced_orgasm,11_PROMPT,0,998,6717,2
471358,bass_clef,10_PROPS,0,998,6718,2
1371471,anchor_necklace,10_PROPS,0,998,6719,2
1400406,striped_hairband,10_PROPS,0,997,6720,2
475528,ankle_grab,06_POSE,0,996,6721,1
546085,brown_bra,09_CLOTHING,0,995,6722,2
1426299,tokisadame_school_uniform,09_CLOTHING,0,995,6723,2
651813,floating_card,11_PROMPT,0,994,6724,2
1426213,multiple_riders,04_PEOPLE,0,994,6725,2
548294,nib_pen_(object),10_PROPS,0,994,6726,2
400507,sailor_senshi,05_CHARACTER,0,994,6727,2
1247797,bike_shorts_under_shorts,09_CLOTHING,0,994,6728,2
10268,net,03_ENVIROMENT,0,993,6729,2
1386162,facebook_username,11_PROMPT,0,993,6730,2
423080,hat_with_ears,10_PROPS,0,992,6731,2
716956,puff_and_slash_sleeves,09_CLOTHING,0,992,6732,2
450701,pixelated,02_COMPOSITION,0,992,6733,2
607013,stitched_mouth,10_PROPS,0,992,6734,2
517244,anglerfish,11_PROMPT,0,992,6735,1
416380,gokkun,05_CHARACTER,0,991,6736,2
1364632,red_feathers,08_ANATOMY,0,991,6737,2
4517,gymnastics,06_POSE,0,990,6738,2
544688,bunching_hair,08_ANATOMY,0,989,6739,2
1378073,ears_visible_through_hair,08_ANATOMY,0,989,6740,2
586471,rounded_corners,02_COMPOSITION,0,989,6741,2
609352,themed_object,10_PROPS,0,989,6742,2
707514,stone_stairs,03_ENVIROMENT,0,989,6743,2
1345225,half_mask,08_ANATOMY,0,989,6744,2
379013,note,07_EXPRESSIONS,0,989,6745,2
1274150,print_sleeves,09_CLOTHING,0,989,6746,2
1376960,glowing_tattoo,11_PROMPT,0,989,6747,2
12002,foam,11_PROMPT,0,988,6748,2
1412249,green_scrunchie,09_CLOTHING,0,988,6749,2
397136,trigram,11_PROMPT,0,987,6750,2
1734,karaoke,11_PROMPT,0,987,6751,2
488001,tape_measure,10_PROPS,0,987,6752,2
417910,duckling,11_PROMPT,0,987,6753,2
1475691,hanasakigawa_school_uniform,09_CLOTHING,0,987,6754,2
9166,windmill,03_ENVIROMENT,0,986,6755,2
613430,bagged_fish,11_PROMPT,0,985,6756,2
392867,melon,02_COMPOSITION,0,985,6757,2
1942283,thick_mustache,08_ANATOMY,0,985,6758,2
1299465,coin_on_string,10_PROPS,0,984,6759,2
1626980,gaming_chair,10_PROPS,0,984,6760,2
545481,hand_on_leg,06_POSE,0,983,6761,2
429764,forehead_tattoo,08_ANATOMY,0,983,6762,2
681073,clear_sky,03_ENVIROMENT,0,983,6763,2
483853,bulletin_board,03_ENVIROMENT,0,980,6764,2
1252120,roundel,10_PROPS,0,980,6765,2
1674442,covered_testicles,11_PROMPT,0,980,6766,2
716637,argyle_sweater,09_CLOTHING,0,980,6767,2
15619,sand_castle,03_ENVIROMENT,0,979,6768,2
452085,hospital_gown,09_CLOTHING,0,979,6769,2
457036,steak,10_PROPS,0,979,6770,2
652399,araki_hirohiko_(style),02_COMPOSITION,0,978,6771,1
583137,ear_protection,10_PROPS,0,978,6772,2
582033,clothes_tug,09_CLOTHING,0,977,6773,2
409201,pinned,10_PROPS,0,977,6774,2
1601327,diamond_hairband,10_PROPS,0,977,6775,2
907721,onesie,04_PEOPLE,0,976,6776,2
2035712,rhodes_island_logo_(arknights),09_CLOTHING,0,976,6777,2
565669,telstar,02_COMPOSITION,0,975,6778,2
1379634,mmm_threesome,04_PEOPLE,0,975,6779,2
1791550,green_armband,10_PROPS,0,975,6780,2
397923,group_hug,06_POSE,0,974,6781,2
507308,voile,05_CHARACTER,0,974,6782,2
572327,splatter,11_PROMPT,0,974,6783,2
1303240,polka_dot_scrunchie,10_PROPS,0,974,6784,2
394721,varia_suit,09_CLOTHING,0,973,6785,2
673705,hand_rest,06_POSE,0,973,6786,2
681979,double_\m/,07_EXPRESSIONS,0,973,6787,1
393506,shrimp_tempura,09_CLOTHING,0,972,6788,2
537098,watching_television,11_PROMPT,0,972,6789,2
499780,holding_breath,06_POSE,0,972,6790,2
1467618,two-tone_coat,09_CLOTHING,0,971,6791,2
1329132,cherry_hair_ornament,08_ANATOMY,0,971,6792,2
1326166,sukajan,11_PROMPT,0,971,6793,2
574393,ace_of_hearts,11_PROMPT,0,970,6794,2
4899,stats,02_COMPOSITION,0,970,6795,2
704182,character_signature,05_CHARACTER,0,970,6796,2
463449,sugar_cube,11_PROMPT,0,969,6797,2
502652,ink_(medium),10_PROPS,0,969,6798,2
504316,hands_on_hilt,06_POSE,0,968,6799,2
16792,golf_club,03_ENVIROMENT,0,968,6800,2
489491,platform_boots,09_CLOTHING,0,968,6801,2
1318748,floating_weapon,10_PROPS,0,968,6802,2
679905,panicking,11_PROMPT,0,967,6803,2
484040,winding_key,10_PROPS,0,967,6804,2
642272,above_clouds,03_ENVIROMENT,0,967,6805,2
1457427,looking_at_food,11_PROMPT,0,967,6806,2
376621,wa_lolita,03_ENVIROMENT,0,967,6807,2
1835748,striped_one-piece_swimsuit,09_CLOTHING,0,966,6808,2
409820,cat_costume,09_CLOTHING,0,966,6809,2
397500,electric_plug,10_PROPS,0,966,6810,2
1375741,extra_faces,08_ANATOMY,0,966,6811,2
587390,hand_on_headphones,06_POSE,0,965,6812,2
1161750,boy_sandwich,04_PEOPLE,0,965,6813,2
426382,bear_tail,08_ANATOMY,0,964,6814,2
11268,stripper,04_PEOPLE,0,964,6815,1
1260709,copy_ability,05_CHARACTER,0,964,6816,2
1407027,jaguar_tail,08_ANATOMY,0,964,6817,2
1496708,hitodama_print,11_PROMPT,0,963,6818,2
1455373,v-shaped_eyes,11_PROMPT,0,962,6819,1
648057,rabbit_hat,10_PROPS,0,961,6820,2
441997,track_and_field,03_ENVIROMENT,0,961,6821,2
395993,energy_beam,05_CHARACTER,0,960,6822,2
677819,testicle_sucking,11_PROMPT,0,960,6823,2
663613,anal_fluid,11_PROMPT,0,960,6824,2
2013939,thick_beard,08_ANATOMY,0,960,6825,2
6429,dwarf,04_PEOPLE,0,960,6826,1
538615,paper_stack,03_ENVIROMENT,0,960,6827,2
1240337,yellow_border,02_COMPOSITION,0,960,6828,2
1489407,martial_arts_belt,09_CLOTHING,0,960,6829,2
10727,bib,03_ENVIROMENT,0,959,6830,2
419685,invisible_man,02_COMPOSITION,0,959,6831,2
592592,personality_switch,04_PEOPLE,0,959,6832,2
1413251,fur-trimmed_collar,08_ANATOMY,0,959,6833,2
678477,shared_speech_bubble,07_EXPRESSIONS,0,958,6834,2
5547,pet,04_PEOPLE,0,958,6835,2
1684568,paint_splatter_on_face,08_ANATOMY,0,958,6836,2
1310659,hands_on_another's_thighs,06_POSE,0,958,6837,1
394866,zodiac,11_PROMPT,0,957,6838,1
634813,hugging_tail,06_POSE,0,957,6839,2
1317392,sports_bra_lift,06_POSE,0,957,6840,2
577070,hand_on_wall,06_POSE,0,956,6841,2
421692,game_boy,04_PEOPLE,0,956,6842,1
574527,surcoat,09_CLOTHING,0,956,6843,2
562990,bath_stool,09_CLOTHING,0,955,6844,2
679205,catchphrase,11_PROMPT,0,955,6845,2
1263485,single_thigh_boot,09_CLOTHING,0,955,6846,1
1569753,teardrop_tattoo,11_PROMPT,0,954,6847,2
438748,breast_poke,11_PROMPT,0,954,6848,2
1282931,raimon_soccer_uniform,09_CLOTHING,0,954,6849,2
1344416,heart_pendant,10_PROPS,0,954,6850,2
9716,strawberry_panties,09_CLOTHING,0,953,6851,2
691979,high_tops,03_ENVIROMENT,0,953,6852,2
1252918,sitting_on_table,06_POSE,0,953,6853,2
514585,plaid_bra,09_CLOTHING,0,953,6854,2
693309,sleeve_grab,06_POSE,0,953,6855,2
582988,colored_text,02_COMPOSITION,0,952,6856,2
389926,panty_lift,06_POSE,0,952,6857,2
839892,no_mole,08_ANATOMY,0,951,6858,2
54531,blood_bag,10_PROPS,0,951,6859,2
1154025,ankle_wrap,09_CLOTHING,0,951,6860,2
1687001,male_underwear_pull,09_CLOTHING,0,951,6861,2
622330,oversized_limbs,08_ANATOMY,0,951,6862,2
690728,missile_pod,10_PROPS,0,951,6863,2
1240826,print_hoodie,09_CLOTHING,0,951,6864,2
1490497,green-tinted_eyewear,08_ANATOMY,0,950,6865,2
1429582,dress_swimsuit,09_CLOTHING,0,950,6866,2
458351,crane_game,03_ENVIROMENT,0,950,6867,2
1244336,flower_brooch,03_ENVIROMENT,0,950,6868,2
564894,united_states,03_ENVIROMENT,0,949,6869,2
3912,p90,10_PROPS,0,949,6870,2
1271930,nanodesu_(phrase),05_CHARACTER,0,949,6871,2
876691,cum_in_container,11_PROMPT,0,948,6872,2
119610,triplets,11_PROMPT,0,948,6873,2
665892,cross-laced_legwear,09_CLOTHING,0,947,6874,2
534139,popped_button,11_PROMPT,0,947,6875,2
488521,canopy_bed,03_ENVIROMENT,0,947,6876,2
9476,minotaur,05_CHARACTER,0,946,6877,2
694148,candlelight,11_PROMPT,0,946,6878,2
467700,salad,11_PROMPT,0,946,6879,2
1372678,tumblr_username,11_PROMPT,0,946,6880,2
376977,parrot,10_PROPS,0,945,6881,2
472408,sneezing,11_PROMPT,0,945,6882,2
493711,finger_frame,10_PROPS,0,945,6883,2
675922,on_roof,03_ENVIROMENT,0,945,6884,2
471798,before_and_after,11_PROMPT,0,945,6885,2
405020,wheelbarrow,10_PROPS,0,945,6886,2
424519,racecar,02_COMPOSITION,0,945,6887,2
1396676,dressing_another,09_CLOTHING,0,944,6888,2
5302,elvaan,05_CHARACTER,0,944,6889,2
397561,radish,05_CHARACTER,0,944,6890,2
475951,ornament,05_CHARACTER,0,943,6891,2
552753,perfume_bottle,10_PROPS,0,943,6892,2
1505371,star_guardian_(league_of_legends),05_CHARACTER,0,943,6893,2
1417605,blue_shawl,09_CLOTHING,0,943,6894,2
394720,afterglow,02_COMPOSITION,0,942,6895,2
1548224,butterfly_brooch,10_PROPS,0,942,6896,2
1326876,diamond_hair_ornament,08_ANATOMY,0,941,6897,2
1392344,white_sarong,09_CLOTHING,0,940,6898,2
6352,elephant,11_PROMPT,0,940,6899,2
1426117,precum_drip,11_PROMPT,0,940,6900,2
519920,cum_inflation,11_PROMPT,0,940,6901,2
413459,inflatable_raft,03_ENVIROMENT,0,939,6902,2
1578028,heart_on_chest,11_PROMPT,0,939,6903,2
1853182,kamiyama_high_school_uniform_(project_sekai),09_CLOTHING,0,939,6904,2
1835737,green_one-piece_swimsuit,09_CLOTHING,0,938,6905,2
375496,kagami_mochi,05_CHARACTER,0,938,6906,2
1297290,split_theme,02_COMPOSITION,0,938,6907,2
439842,purple_tongue,08_ANATOMY,0,938,6908,2
610394,wavy_eyes,11_PROMPT,0,938,6909,1
401062,x3,07_EXPRESSIONS,0,938,6910,2
458787,testicle_grab,06_POSE,0,938,6911,2
9347,puppy,04_PEOPLE,0,937,6912,2
1328313,shell_hair_ornament,08_ANATOMY,0,937,6913,2
1445049,grey_serafuku,05_CHARACTER,0,936,6914,2
473285,lace-trimmed_thighhighs,09_CLOTHING,0,936,6915,1
571097,crane_(animal),10_PROPS,0,935,6916,2
1386603,orange_cape,10_PROPS,0,935,6917,2
645682,heart-shaped_eyes,08_ANATOMY,0,935,6918,1
1283338,american_flag_print,02_COMPOSITION,0,935,6919,2
393062,skirt_flip,09_CLOTHING,0,934,6920,2
400231,kotoyoro,05_CHARACTER,0,934,6921,2
553675,ehoumaki,05_CHARACTER,0,934,6922,2
479840,severed_limb,06_POSE,0,934,6923,2
1860181,chain_headband,10_PROPS,0,934,6924,2
2730,massage,06_POSE,0,933,6925,2
799867,futasub,11_PROMPT,0,933,6926,2
1476164,holding_frying_pan,06_POSE,0,933,6927,2
330762,dirt,03_ENVIROMENT,0,933,6928,2
719987,ghost_pose,06_POSE,0,933,6929,2
1272545,orange_leotard,09_CLOTHING,0,932,6930,2
1293918,bicycle_basket,10_PROPS,0,932,6931,2
1424344,sling_bikini_top,09_CLOTHING,0,932,6932,2
637908,adapted_uniform,09_CLOTHING,0,932,6933,2
1505133,spanish_text,05_CHARACTER,0,932,6934,2
702627,ass-to-ass,06_POSE,0,931,6935,1
496190,kabuto_(helmet),10_PROPS,0,931,6936,2
1470771,planet_hair_ornament,08_ANATOMY,0,931,6937,2
1240072,hair_color_connection,08_ANATOMY,0,930,6938,2
120759,mat,11_PROMPT,0,929,6939,2
1319070,text_messaging,11_PROMPT,0,929,6940,2
1513506,patchwork_clothes,09_CLOTHING,0,929,6941,2
714122,ball_and_chain_restraint,06_POSE,0,928,6942,2
1076830,hat_on_back,06_POSE,0,928,6943,2
1428052,watermelon_slice,11_PROMPT,0,928,6944,2
1163703,oversized_breast_cup,09_CLOTHING,0,928,6945,2
1441858,lap_pillow_invitation,11_PROMPT,0,928,6946,2
1465576,holding_teapot,06_POSE,0,926,6947,2
511500,head_on_chest,06_POSE,0,926,6948,2
581487,hishaku,05_CHARACTER,0,926,6949,2
655737,pants_under_skirt,09_CLOTHING,0,926,6950,2
608024,arm_between_legs,06_POSE,0,926,6951,1
1484224,pearl_hair_ornament,08_ANATOMY,0,926,6952,2
393452,leaf_umbrella,03_ENVIROMENT,0,925,6953,2
9745,hungry,11_PROMPT,0,924,6954,2
1890159,hand_on_own_ear,06_POSE,0,923,6955,2
2006768,unworn_bikini_bottom,09_CLOTHING,0,923,6956,2
1695426,popsicle_in_mouth,11_PROMPT,0,923,6957,2
9541,punk,11_PROMPT,0,922,6958,2
533238,milky_way,03_ENVIROMENT,0,922,6959,2
1416325,multicolored_hairband,08_ANATOMY,0,922,6960,2
679788,wet_towel,11_PROMPT,0,921,6961,2
1983409,drop-shaped_pupils,08_ANATOMY,0,921,6962,2
399404,skull_necklace,10_PROPS,0,920,6963,2
460701,pagoda,03_ENVIROMENT,0,920,6964,2
1422612,purple_serafuku,05_CHARACTER,0,919,6965,2
1754051,western_comics_(style),02_COMPOSITION,0,919,6966,2
675626,in_palm,06_POSE,0,919,6967,2
1247324,implied_fingering,06_POSE,0,919,6968,2
474597,mitre,05_CHARACTER,0,919,6969,2
535487,hand_over_eye,06_POSE,0,919,6970,2
1360959,frilled_jacket,09_CLOTHING,0,919,6971,1
646375,sayagata,11_PROMPT,0,919,6972,1
467235,license_plate,10_PROPS,0,918,6973,1
547795,breaking,11_PROMPT,0,918,6974,1
1436508,penis_on_ass,11_PROMPT,0,918,6975,1
546978,two-finger_salute,06_POSE,0,918,6976,1
641133,aqua_bra,09_CLOTHING,0,918,6977,2
1425383,blue_pajamas,09_CLOTHING,0,918,6978,2
424698,moth,11_PROMPT,0,918,6979,2
490626,smoke_trail,03_ENVIROMENT,0,918,6980,2
382030,beetle,04_PEOPLE,0,917,6981,2
433742,frozen,11_PROMPT,0,917,6982,2
1281944,anchor_choker,10_PROPS,0,917,6983,2
431724,cheekbones,08_ANATOMY,0,916,6984,2
564925,polka_dot_ribbon,10_PROPS,0,916,6985,2
1390981,ribbon_braid,10_PROPS,0,916,6986,2
1436930,red_curtains,09_CLOTHING,0,916,6987,2
518157,peony_(flower),11_PROMPT,0,915,6988,2
1835605,halter_shirt,09_CLOTHING,0,915,6989,2
5466,mummy,11_PROMPT,0,915,6990,2
1441554,red_sports_bra,09_CLOTHING,0,915,6991,2
317012,zeon,05_CHARACTER,0,915,6992,2
643172,shotgun_shell,10_PROPS,0,915,6993,2
557780,alternate_wings,10_PROPS,0,914,6994,2
711922,crocodilian,04_PEOPLE,0,914,6995,2
164255,nudist,11_PROMPT,0,914,6996,2
594978,naked_tabard,11_PROMPT,0,913,6997,2
4374,meta,11_PROMPT,0,913,6998,2
2028289,sideless_kimono,09_CLOTHING,0,913,6999,2
1396474,single_knee_pad,09_CLOTHING,0,912,7000,2
570549,long_shirt,09_CLOTHING,0,911,7001,2
489578,whiskey,10_PROPS,0,911,7002,2
626440,season_connection,11_PROMPT,0,911,7003,2
1510577,v_over_mouth,11_PROMPT,0,911,7004,2
1419480,maid_day,03_ENVIROMENT,0,911,7005,2
1776547,multiple_scars,08_ANATOMY,0,911,7006,2
11323,apartment,03_ENVIROMENT,0,910,7007,2
467744,mount_fuji,03_ENVIROMENT,0,910,7008,2
1989967,segmented_comic,11_PROMPT,0,910,7009,2
547020,fidgeting,06_POSE,0,909,7010,2
509088,penis_in_panties,11_PROMPT,0,908,7011,2
680409,adam's_apple,10_PROPS,0,908,7012,2
1688136,saliva_drip,11_PROMPT,0,908,7013,2
1546273,cross-laced_slit,10_PROPS,0,908,7014,2
609535,witch_(madoka_magica),05_CHARACTER,0,908,7015,2
741418,card_parody,02_COMPOSITION,0,908,7016,2
708682,hand_on_another's_hand,06_POSE,0,907,7017,2
498585,cute_&_girly_(idolmaster),04_PEOPLE,0,907,7018,2
389771,syrup,10_PROPS,0,907,7019,2
525584,orange_socks,09_CLOTHING,0,907,7020,2
658126,cream_on_face,11_PROMPT,0,907,7021,2
1390068,joy-con,11_PROMPT,0,907,7022,2
630542,butterfly_sitting,11_PROMPT,0,907,7023,2
1322883,flag_background,02_COMPOSITION,0,906,7024,2
684743,sam_browne_belt,09_CLOTHING,0,906,7025,2
396015,gunblade,10_PROPS,0,906,7026,2
1317436,satin_panties,09_CLOTHING,0,906,7027,2
467514,embroidery,10_PROPS,0,905,7028,2
383898,bullying,04_PEOPLE,0,904,7029,2
701994,pov_across_table,06_POSE,0,904,7030,2
1351262,hand_on_another's_ear,06_POSE,0,904,7031,2
447159,fishing_line,10_PROPS,0,904,7032,2
1754190,onii-shota,05_CHARACTER,0,904,7033,2
460435,ivy,04_PEOPLE,0,903,7034,2
662803,honeycomb_background,02_COMPOSITION,0,903,7035,2
1303975,blue_sarong,02_COMPOSITION,0,903,7036,2
1370713,pink_umbrella,03_ENVIROMENT,0,903,7037,2
473342,imperial_japanese_army,05_CHARACTER,0,903,7038,2
502186,broken_window,03_ENVIROMENT,0,902,7039,2
1417085,double_horizontal_stripe,09_CLOTHING,0,901,7040,2
469328,sticky_note,07_EXPRESSIONS,0,901,7041,2
15902,jetpack,03_ENVIROMENT,0,901,7042,2
1574664,two-sided_skirt,09_CLOTHING,0,901,7043,2
385480,buruma_aside,02_COMPOSITION,0,900,7044,2
1552959,genderswap_(otf),04_PEOPLE,0,900,7045,2
3742,ferret,04_PEOPLE,0,899,7046,2
791840,blue_umbrella,03_ENVIROMENT,0,899,7047,2
444001,legband,09_CLOTHING,0,899,7048,2
478042,track_uniform,09_CLOTHING,0,899,7049,2
1258486,musical_note_print,10_PROPS,0,898,7050,2
6284,torture,11_PROMPT,0,897,7051,2
8921,white_day,02_COMPOSITION,0,897,7052,2
1687562,off-shoulder_one-piece_swimsuit,09_CLOTHING,0,897,7053,2
398573,cartridge,10_PROPS,0,896,7054,2
1438293,holding_wrench,06_POSE,0,896,7055,2
11347,army,11_PROMPT,0,896,7056,1
15930,ring_gag,10_PROPS,0,896,7057,2
620832,hollow_eyes,08_ANATOMY,0,896,7058,1
1355912,holding_another's_leg,06_POSE,0,895,7059,2
389367,pineapple,11_PROMPT,0,895,7060,2
3513,goat,04_PEOPLE,0,894,7061,2
450248,sickle,11_PROMPT,0,894,7062,2
5102,wizard,11_PROMPT,0,894,7063,2
1263595,soap_bottle,10_PROPS,0,893,7064,2
3628,decapitation,11_PROMPT,0,893,7065,2
375353,soviet,02_COMPOSITION,0,893,7066,2
2006765,unworn_eyepatch,08_ANATOMY,0,893,7067,2
632148,hooded_dress,09_CLOTHING,0,893,7068,2
6527,cart,10_PROPS,0,892,7069,2
392841,nipple_pull,06_POSE,0,892,7070,2
214260,keep_out,07_EXPRESSIONS,0,892,7071,2
589932,negative_space,07_EXPRESSIONS,0,891,7072,2
3438,japan,03_ENVIROMENT,0,891,7073,2
440147,crawling,11_PROMPT,0,891,7074,2
662225,floating_book,03_ENVIROMENT,0,891,7075,2
445428,guard_rail,09_CLOTHING,0,891,7076,2
500191,rabbit_costume,09_CLOTHING,0,891,7077,2
1325214,seal_(animal),05_CHARACTER,0,891,7078,2
524801,hakurei_shrine,05_CHARACTER,0,890,7079,2
1607841,holding_riding_crop,06_POSE,0,890,7080,2
1345296,skeleton_print,10_PROPS,0,890,7081,2
1595590,pectoral_focus,08_ANATOMY,0,890,7082,2
385267,tokyo_(city),03_ENVIROMENT,0,890,7083,2
1822470,wataboushi,04_PEOPLE,0,889,7084,2
410638,huge_dildo,11_PROMPT,0,889,7085,2
1366556,splattershot_(splatoon),02_COMPOSITION,0,889,7086,2
562139,glove_biting,06_POSE,0,888,7087,2
1411084,pravda_military_uniform,09_CLOTHING,0,888,7088,2
1827382,st._theresa's_girls_academy_school_uniform,09_CLOTHING,0,888,7089,2
7461,lizard,04_PEOPLE,0,887,7090,2
168887,age_comparison,11_PROMPT,0,887,7091,1
525804,self_hug,06_POSE,0,887,7092,1
434881,baby_bottle,10_PROPS,0,887,7093,2
1881202,st._chronica_academy_school_uniform,09_CLOTHING,0,886,7094,2
524684,food_on_breasts,11_PROMPT,0,885,7095,2
591843,flying_paper,03_ENVIROMENT,0,885,7096,2
471586,breast_milk,11_PROMPT,0,884,7097,2
475375,chocolate_cake,11_PROMPT,0,884,7098,2
590202,pinstripe_suit,09_CLOTHING,0,884,7099,2
1064351,green_cloak,09_CLOTHING,0,884,7100,2
1513569,spaceship_hair_ornament,08_ANATOMY,0,884,7101,2
396000,bowler_hat,10_PROPS,0,883,7102,2
1411077,chi-hatan_military_uniform,09_CLOTHING,0,883,7103,2
378206,joystick,10_PROPS,0,882,7104,2
640297,pump_action,11_PROMPT,0,882,7105,2
524545,box_art,02_COMPOSITION,0,882,7106,2
1680143,pegasus_knight_uniform_(fire_emblem),09_CLOTHING,0,882,7107,2
1532157,green_eyeshadow,11_PROMPT,0,882,7108,1
594013,orange_rose,11_PROMPT,0,882,7109,2
537572,teeth_hold,06_POSE,0,881,7110,2
1351869,mesugaki,05_CHARACTER,0,881,7111,2
5364,ganguro,04_PEOPLE,0,881,7112,2
1309232,wallpaper_(object),02_COMPOSITION,0,881,7113,2
468335,sadism,07_EXPRESSIONS,0,881,7114,2
491818,muzzle_flash,11_PROMPT,0,880,7115,2
1344657,cat_bag,10_PROPS,0,880,7116,2
1337502,heart_lock_(kantai_collection),05_CHARACTER,0,880,7117,2
1327283,cracked_floor,11_PROMPT,0,879,7118,2
501282,lipgloss,08_ANATOMY,0,879,7119,2
1377986,riyo_(lyomsnpmp)_(style),05_CHARACTER,0,879,7120,2
712902,pumpkin_hair_ornament,08_ANATOMY,0,878,7121,2
1539221,bandaged_wrist,06_POSE,0,878,7122,2
1228145,holding_swimsuit,06_POSE,0,878,7123,2
548098,mast,11_PROMPT,0,878,7124,2
719023,implied_kiss,11_PROMPT,0,877,7125,2
411775,clothesline,09_CLOTHING,0,877,7126,2
400691,tag,11_PROMPT,0,877,7127,2
686745,spiked_hairband,08_ANATOMY,0,877,7128,2
1426179,luna_nova_school_uniform,09_CLOTHING,0,877,7129,2
1098977,glass_bottle,10_PROPS,0,876,7130,2
537237,coat_dress,09_CLOTHING,0,876,7131,2
590861,black_sky,03_ENVIROMENT,0,876,7132,2
284608,tea_set,09_CLOTHING,0,875,7133,2
487992,inkwell,03_ENVIROMENT,0,875,7134,2
390727,jester,04_PEOPLE,0,874,7135,2
1594642,holomyth,05_CHARACTER,0,874,7136,2
1409407,pubic_stubble,08_ANATOMY,0,873,7137,2
452918,long_nose,08_ANATOMY,0,872,7138,2
420937,stopwatch,05_CHARACTER,0,872,7139,2
537303,shoulder_belt,09_CLOTHING,0,872,7140,2
664177,holding_footwear,09_CLOTHING,0,872,7141,2
675084,holding_toy,06_POSE,0,871,7142,2
657414,panties_under_buruma,09_CLOTHING,0,871,7143,2
680577,color_trace,02_COMPOSITION,0,871,7144,2
622480,food_art,02_COMPOSITION,0,871,7145,2
472859,roots,03_ENVIROMENT,0,871,7146,2
1617036,pokemon_move,03_ENVIROMENT,0,871,7147,2
2068712,hugging_book,06_POSE,0,870,7148,2
1328754,brown_border,02_COMPOSITION,0,870,7149,2
2060129,nissin_cup_noodle,05_CHARACTER,0,870,7150,2
560280,vignetting,11_PROMPT,0,870,7151,2
14645,marshmallow,03_ENVIROMENT,0,869,7152,2
503766,half-skirt,09_CLOTHING,0,869,7153,2
447315,glock,09_CLOTHING,0,868,7154,2
480563,fast_food,03_ENVIROMENT,0,868,7155,2
529773,orange_jumpsuit,09_CLOTHING,0,868,7156,2
547523,flower_in_eye,08_ANATOMY,0,868,7157,2
1714871,midriff_sarashi,05_CHARACTER,0,867,7158,2
1440813,red_track_suit,09_CLOTHING,0,867,7159,2
803618,k-pop,02_COMPOSITION,0,867,7160,2
1398925,speaking_tube_headset,10_PROPS,0,867,7161,2
1363719,cum_on_eyewear,11_PROMPT,0,866,7162,2
822043,mundane_utility,03_ENVIROMENT,0,866,7163,2
683512,grey_suit,09_CLOTHING,0,866,7164,2
1360272,hooded_vest,09_CLOTHING,0,866,7165,2
1881212,miyamasuzaka_girls'_academy_school_uniform,09_CLOTHING,0,866,7166,2
410219,scylla,04_PEOPLE,0,865,7167,2
14528,bathrobe,04_PEOPLE,0,863,7168,2
1352247,variable_fighter,05_CHARACTER,0,863,7169,2
1347574,mole_on_body,08_ANATOMY,0,863,7170,2
1299315,spoiler_(automobile),11_PROMPT,0,863,7171,2
1620077,holding_fireworks,06_POSE,0,862,7172,2
724440,magical_boy,04_PEOPLE,0,860,7173,2
413068,sequential,02_COMPOSITION,0,860,7174,2
412400,coif,11_PROMPT,0,860,7175,2
1631697,alternate_pectoral_size,08_ANATOMY,0,860,7176,2
695792,chained_wrists,06_POSE,0,859,7177,2
563949,french_flag,02_COMPOSITION,0,858,7178,2
1425321,hogwarts_school_uniform,09_CLOTHING,0,858,7179,2
495149,throwing_knife,06_POSE,0,858,7180,2
1886895,prototype_design,10_PROPS,0,858,7181,2
630151,bikini_shorts,09_CLOTHING,0,858,7182,2
1429573,bow_skirt,09_CLOTHING,0,858,7183,2
1583008,side-tie_peek,06_POSE,0,858,7184,2
516577,groom,11_PROMPT,0,857,7185,2
1844433,tweaking_own_nipple,08_ANATOMY,0,857,7186,2
1374880,bralines,08_ANATOMY,0,857,7187,2
1410975,blue_camisole,02_COMPOSITION,0,856,7188,2
492292,behind-the-head_headphones,06_POSE,0,856,7189,2
684345,credits_page,02_COMPOSITION,0,856,7190,2
486063,gauze,10_PROPS,0,855,7191,2
1424513,striped_coat,09_CLOTHING,0,855,7192,2
4410,dragonfly,04_PEOPLE,0,854,7193,2
1964717,holding_with_feet,06_POSE,0,854,7194,2
584875,pizza_box,10_PROPS,0,854,7195,2
423622,pelt,11_PROMPT,0,854,7196,2
1622944,chaldea_logo,09_CLOTHING,0,854,7197,2
524807,unfastened,11_PROMPT,0,853,7198,2
9429,merchandise,10_PROPS,0,853,7199,2
636503,greek_toe,08_ANATOMY,0,853,7200,2
1686123,black_armband,09_CLOTHING,0,853,7201,2
382343,adjusting_panties,06_POSE,0,852,7202,1
596238,bird_print,10_PROPS,0,851,7203,2
1323325,shared_object_insertion,06_POSE,0,851,7204,2
647761,hanging_plant,10_PROPS,0,851,7205,2
14936,bee,11_PROMPT,0,851,7206,2
557830,hand_on_glass,06_POSE,0,851,7207,2
565438,vertical-striped_socks,09_CLOTHING,0,850,7208,2
1661800,used_condom_on_penis,11_PROMPT,0,850,7209,2
562074,plaid_ribbon,10_PROPS,0,850,7210,2
1950169,sparse_stubble,08_ANATOMY,0,850,7211,2
687873,...?,07_EXPRESSIONS,0,850,7212,2
602163,webbed_hands,06_POSE,0,850,7213,2
478554,contrast,02_COMPOSITION,0,850,7214,2
1898819,virgin_destroyer_sweater,11_PROMPT,0,850,7215,1
603240,vertical-striped_panties,09_CLOTHING,0,849,7216,2
1325782,skull_ornament,10_PROPS,0,849,7217,2
1468128,training_corps_(emblem),05_CHARACTER,0,849,7218,2
1303976,print_sarong,05_CHARACTER,0,848,7219,2
5099,pegasus,03_ENVIROMENT,0,848,7220,2
395496,cloth,09_CLOTHING,0,848,7221,2
3499,kappa,05_CHARACTER,0,848,7222,2
384700,dock,03_ENVIROMENT,0,848,7223,2
4079,isometric,02_COMPOSITION,0,848,7224,2
1528677,holding_test_tube,06_POSE,0,848,7225,2
522258,otter,11_PROMPT,0,848,7226,2
466947,volleyball_net,10_PROPS,0,847,7227,2
168769,band_uniform,09_CLOTHING,0,847,7228,2
605322,checkered_shirt,09_CLOTHING,0,847,7229,2
1673135,fat_rolls,11_PROMPT,0,847,7230,2
381761,cola,11_PROMPT,0,846,7231,2
792029,glory_wall,03_ENVIROMENT,0,846,7232,2
1457794,weapon_case,10_PROPS,0,846,7233,2
648669,lowleg_skirt,09_CLOTHING,0,845,7234,2
1397005,fur-trimmed_shirt,09_CLOTHING,0,845,7235,2
574109,missing_limb,06_POSE,0,845,7236,2
1448672,tsab_ground_military_uniform,09_CLOTHING,0,845,7237,2
682665,super_soaker,10_PROPS,0,845,7238,2
1281553,german_flag_bikini,09_CLOTHING,0,845,7239,2
1524014,lightning_bolt_print,10_PROPS,0,845,7240,2
451855,studded_collar,10_PROPS,0,844,7241,2
2081,hospital,03_ENVIROMENT,0,843,7242,2
1456704,holding_mop,06_POSE,0,843,7243,2
570545,headlight,08_ANATOMY,0,843,7244,2
772467,bear_boy,04_PEOPLE,0,843,7245,1
423144,toggles,11_PROMPT,0,842,7246,2
1512493,blue_tabard,10_PROPS,0,842,7247,2
3927,gao,04_PEOPLE,0,842,7248,2
1314901,holly_hair_ornament,08_ANATOMY,0,842,7249,2
1318429,pendant_watch,10_PROPS,0,841,7250,2
543243,chrysanthemum,03_ENVIROMENT,0,841,7251,2
409759,cleave_gag,08_ANATOMY,0,841,7252,2
714513,menu_board,02_COMPOSITION,0,841,7253,2
1297213,mismatched_sclera,08_ANATOMY,0,841,7254,2
622988,swiss_roll,11_PROMPT,0,840,7255,2
1039471,prostration,11_PROMPT,0,840,7256,2
449709,uneven_twintails,08_ANATOMY,0,840,7257,2
9215,mutual_masturbation,06_POSE,0,840,7258,2
414987,exercise_ball,06_POSE,0,840,7259,2
384589,lyre,11_PROMPT,0,840,7260,2
590466,horseshoe,10_PROPS,0,840,7261,2
1881203,lillian_girls'_academy_school_uniform,09_CLOTHING,0,839,7262,2
1681025,emotionless_sex,11_PROMPT,0,839,7263,2
411754,armpit_sex,06_POSE,0,839,7264,2
1076064,covering_one_breast,06_POSE,0,839,7265,2
12520,suicide,11_PROMPT,0,839,7266,2
384615,infirmary,03_ENVIROMENT,0,839,7267,2
1260902,folded_hair,08_ANATOMY,0,839,7268,2
726335,vertical-striped_pants,09_CLOTHING,0,839,7269,2
388326,swastika,11_PROMPT,0,838,7270,2
663228,implied_masturbation,11_PROMPT,0,838,7271,2
634694,shrugging,07_EXPRESSIONS,0,838,7272,2
375625,model_kit,10_PROPS,0,838,7273,2
381685,pig_ears,08_ANATOMY,0,838,7274,2
519188,metal_skin,08_ANATOMY,0,838,7275,2
5402,crowbar,10_PROPS,0,837,7276,2
433244,first_aid_kit,10_PROPS,0,837,7277,2
1428380,blood_on_leg,06_POSE,0,837,7278,2
1282703,stained_clothes,09_CLOTHING,0,837,7279,2
1797951,high-low_skirt,09_CLOTHING,0,837,7280,2
618480,sitting_on_shoulder,06_POSE,0,836,7281,2
446984,gun_to_head,10_PROPS,0,836,7282,2
11665,seatbelt,10_PROPS,0,836,7283,2
527885,christmas_stocking,09_CLOTHING,0,836,7284,2
1354471,on_railing,06_POSE,0,835,7285,2
468109,tengu_mask,05_CHARACTER,0,835,7286,2
630404,pumpkin_hat,10_PROPS,0,835,7287,2
529041,hand_wraps,06_POSE,0,835,7288,2
524281,belt_skirt,09_CLOTHING,0,834,7289,2
381159,crotch_grab,06_POSE,0,834,7290,2
485599,silver_dress,09_CLOTHING,0,834,7291,2
1792030,hexagon_print,10_PROPS,0,834,7292,2
1318703,lace-trimmed_choker,10_PROPS,0,833,7293,2
1449427,brown_mittens,09_CLOTHING,0,833,7294,2
460897,sukusuku_hakutaku,05_CHARACTER,0,833,7295,2
1571250,shiny_and_normal,02_COMPOSITION,0,833,7296,2
10389,drugged,11_PROMPT,0,832,7297,2
287045,hanami,05_CHARACTER,0,832,7298,2
505038,duel_disk,05_CHARACTER,0,832,7299,2
1286244,rei_no_pool,03_ENVIROMENT,0,832,7300,2
517400,blue_hood,09_CLOTHING,0,832,7301,2
576440,naked_cloak,09_CLOTHING,0,831,7302,2
480256,one-piece_thong,09_CLOTHING,0,831,7303,2
1444212,black_bandeau,09_CLOTHING,0,831,7304,2
1330123,paralyzer,10_PROPS,0,831,7305,2
809507,eye_black,08_ANATOMY,0,831,7306,2
1393397,orange_goggles,08_ANATOMY,0,831,7307,2
1378265,z-ring,10_PROPS,0,831,7308,1
386212,diving,06_POSE,0,830,7309,2
624464,crt,10_PROPS,0,830,7310,2
8079,warrior,05_CHARACTER,0,830,7311,2
620901,ice_cream_float,11_PROMPT,0,830,7312,2
391741,fingersmile,10_PROPS,0,830,7313,2
1813349,fishnet_socks,09_CLOTHING,0,830,7314,2
1421495,purple_collar,10_PROPS,0,829,7315,2
1471254,flower_choker,10_PROPS,0,829,7316,2
1273779,elbow_sleeve,06_POSE,0,828,7317,2
437278,masu,05_CHARACTER,0,828,7318,2
1345302,holding_heart,06_POSE,0,828,7319,2
1728479,kousaka_kirino's_school_uniform,09_CLOTHING,0,828,7320,2
1693508,cut_bangs,08_ANATOMY,0,828,7321,2
401696,hook,11_PROMPT,0,827,7322,2
381749,tamagoyaki,05_CHARACTER,0,827,7323,2
1293824,portal_(object),03_ENVIROMENT,0,827,7324,2
679802,pocky_in_mouth,11_PROMPT,0,826,7325,2
1404577,grey_apron,09_CLOTHING,0,826,7326,2
198450,raccoon,11_PROMPT,0,825,7327,2
394916,2008,02_COMPOSITION,0,825,7328,1
1392477,jiangshi_costume,09_CLOTHING,0,825,7329,2
1634686,cigarette_pack,10_PROPS,0,824,7330,2
486022,vacuum_cleaner,10_PROPS,0,824,7331,2
529223,cellphone_charm,11_PROMPT,0,824,7332,2
506659,tribal_tattoo,10_PROPS,0,824,7333,2
510173,easter,03_ENVIROMENT,0,824,7334,2
2069331,mizu_happi,05_CHARACTER,0,823,7335,2
469065,fist_bump,06_POSE,0,823,7336,2
460224,rubber_gloves,06_POSE,0,823,7337,2
1389883,red_cardigan,09_CLOTHING,0,823,7338,2
82088,sewing,09_CLOTHING,0,822,7339,2
487630,eye_reflection,08_ANATOMY,0,822,7340,2
462982,photorealistic,02_COMPOSITION,0,822,7341,2
1345444,holding_coin,06_POSE,0,822,7342,2
565798,crazy_straw,11_PROMPT,0,822,7343,2
2013820,mole_under_each_eye,08_ANATOMY,0,822,7344,2
1008938,clothes_theft,09_CLOTHING,0,821,7345,2
1518947,simulated_fellatio,11_PROMPT,0,821,7346,2
1467612,holding_microphone_stand,06_POSE,0,821,7347,2
1257082,clock_eyes,08_ANATOMY,0,821,7348,1
1019493,reptile_girl,04_PEOPLE,0,820,7349,2
1394772,holding_chain,06_POSE,0,820,7350,2
383875,restroom,03_ENVIROMENT,0,819,7351,2
449449,beretta_92,09_CLOTHING,0,818,7352,2
709609,wrong_foot,06_POSE,0,818,7353,2
551086,protecting,11_PROMPT,0,818,7354,2
658222,stuffed_penguin,10_PROPS,0,818,7355,2
409724,converse,11_PROMPT,0,818,7356,2
574147,thong_aside,09_CLOTHING,0,818,7357,2
1353604,walking_on_liquid,11_PROMPT,0,817,7358,2
1322934,gesugao,05_CHARACTER,0,817,7359,2
532082,knight_(chess),05_CHARACTER,0,817,7360,2
1629215,black_male_swimwear,09_CLOTHING,0,817,7361,1
1457241,index_fingers_raised,06_POSE,0,817,7362,2
1672268,qingxin_flower,05_CHARACTER,0,817,7363,2
679600,censored_text,11_PROMPT,0,816,7364,2
523961,hair_between_breasts,08_ANATOMY,0,815,7365,2
1459749,pelvic_curtain_lift,06_POSE,0,815,7366,2
1136370,sextuplets,11_PROMPT,0,815,7367,2
1610073,toilet_stall,03_ENVIROMENT,0,814,7368,2
1268234,alternate_hair_ornament,10_PROPS,0,814,7369,1
9295,jungle,03_ENVIROMENT,0,813,7370,2
1603815,food_bite,11_PROMPT,0,813,7371,2
2006773,unworn_necktie,10_PROPS,0,813,7372,1
1266323,mutual_hug,06_POSE,0,812,7373,2
380200,2007,02_COMPOSITION,0,812,7374,2
623951,lying_on_lap,06_POSE,0,812,7375,2
666041,multiple_torii,05_CHARACTER,0,811,7376,2
1407354,brown_neckerchief,10_PROPS,0,811,7377,2
1257074,hand_on_floor,06_POSE,0,811,7378,2
467444,kerchief,05_CHARACTER,0,811,7379,2
1411059,saunders_school_uniform,09_CLOTHING,0,811,7380,2
82386,absolutely_everyone,04_PEOPLE,0,810,7381,1
624878,red_suit,09_CLOTHING,0,810,7382,2
1375562,red_robe,09_CLOTHING,0,810,7383,2
663412,holding_own_foot,06_POSE,0,809,7384,2
541741,strapless_bottom,09_CLOTHING,0,809,7385,2
1733214,wing_brooch,10_PROPS,0,809,7386,2
1501050,diagonal-striped_bowtie,10_PROPS,0,809,7387,2
671147,licking_ear,08_ANATOMY,0,808,7388,2
1848853,miku_day,05_CHARACTER,0,808,7389,2
1493682,holding_drumsticks,06_POSE,0,808,7390,2
570253,flower_in_mouth,11_PROMPT,0,807,7391,2
1397511,dorsiflexion,05_CHARACTER,0,807,7392,2
563545,braiding_hair,08_ANATOMY,0,807,7393,2
1399875,aqua_kimono,09_CLOTHING,0,807,7394,1
563180,nintendo_3ds,02_COMPOSITION,0,807,7395,2
1750923,hexagon_hair_ornament,08_ANATOMY,0,807,7396,2
1382389,vertical-striped_kimono,09_CLOTHING,0,806,7397,2
1605930,stitched_arm,06_POSE,0,806,7398,2
618151,pink_sash,09_CLOTHING,0,805,7399,2
485574,cuff_links,09_CLOTHING,0,805,7400,2
536594,determined,11_PROMPT,0,805,7401,2
496893,checkered_dress,09_CLOTHING,0,805,7402,2
1989817,ornate_border,02_COMPOSITION,0,805,7403,2
600400,tri_braids,08_ANATOMY,0,805,7404,2
1428530,animal_ear_hairband,10_PROPS,0,805,7405,1
551767,pastry_bag,09_CLOTHING,0,804,7406,2
109159,nyan,04_PEOPLE,0,804,7407,2
387570,measuring,11_PROMPT,0,804,7408,2
1240511,standard_bearer,10_PROPS,0,804,7409,2
389594,folder,03_ENVIROMENT,0,803,7410,2
1866251,roasted_sweet_potato,11_PROMPT,0,803,7411,2
1289575,<|>_<|>,07_EXPRESSIONS,0,803,7412,1
1350631,grey_bowtie,10_PROPS,0,803,7413,2
647108,flying_teardrops,11_PROMPT,0,802,7414,2
528408,soft_serve,11_PROMPT,0,802,7415,2
650140,clothed_male_nude_male,11_PROMPT,0,802,7416,1
397042,temple,03_ENVIROMENT,0,802,7417,2
1467808,4others,04_PEOPLE,0,802,7418,1
579524,toe_cleavage,08_ANATOMY,0,802,7419,2
1979011,antique_phone,10_PROPS,0,801,7420,1
1443312,yellow_camisole,09_CLOTHING,0,801,7421,2
1273445,miracle_mallet,10_PROPS,0,801,7422,2
1289376,bishamonten's_spear,10_PROPS,0,801,7423,2
1553479,penis_over_eyes,11_PROMPT,0,800,7424,1
539894,bamboo_shoot,11_PROMPT,0,799,7425,2
635050,pointing_forward,06_POSE,0,799,7426,2
1282902,solid_circle_pupils,08_ANATOMY,0,798,7427,2
6477,prank,11_PROMPT,0,798,7428,2
727812,loaded_interior,02_COMPOSITION,0,798,7429,2
657138,cat_mask,08_ANATOMY,0,798,7430,2
1577183,penis_to_breast,06_POSE,0,797,7431,2
381166,mannequin,11_PROMPT,0,797,7432,2
1779993,pink_gemstone,10_PROPS,0,796,7433,2
413725,crotch_zipper,09_CLOTHING,0,795,7434,2
427948,tying,10_PROPS,0,795,7435,2
654961,shippou_(pattern),05_CHARACTER,0,795,7436,2
378288,blob,11_PROMPT,0,795,7437,2
394091,medieval,02_COMPOSITION,0,795,7438,2
1427240,shirt_overhang,09_CLOTHING,0,795,7439,2
518151,anemone_(flower),11_PROMPT,0,794,7440,1
510345,incoming_hug,06_POSE,0,794,7441,2
1349482,igote,07_EXPRESSIONS,0,794,7442,2
695217,frog_girl,04_PEOPLE,0,794,7443,2
1835975,projectile_lactation,11_PROMPT,0,793,7444,2
573016,hands_on_shoulders,06_POSE,0,792,7445,2
586735,carapace,03_ENVIROMENT,0,792,7446,2
657534,spoken_food,11_PROMPT,0,791,7447,2
647474,stuffed_dog,10_PROPS,0,790,7448,2
651505,animal_on_hand,11_PROMPT,0,790,7449,1
504867,digital_dissolve,02_COMPOSITION,0,790,7450,2
687850,holding_shirt,06_POSE,0,789,7451,2
374958,cyrillic,11_PROMPT,0,789,7452,2
2006776,unworn_shorts,09_CLOTHING,0,788,7453,2
377162,prison,03_ENVIROMENT,0,788,7454,2
401123,casino,03_ENVIROMENT,0,788,7455,2
1842576,curly_eyebrows,08_ANATOMY,0,788,7456,2
1333746,riding_bicycle,03_ENVIROMENT,0,787,7457,2
1462661,star-shaped_eyewear,08_ANATOMY,0,787,7458,2
1205916,white_stripes,09_CLOTHING,0,786,7459,2
403,chikan,04_PEOPLE,0,786,7460,2
500518,clothes_pin,09_CLOTHING,0,786,7461,2
1310301,kuji-in,05_CHARACTER,0,785,7462,2
4209,cauldron,05_CHARACTER,0,785,7463,2
1659960,holed_coin,11_PROMPT,0,785,7464,2
652663,cat_on_shoulder,06_POSE,0,784,7465,2
12948,storm,03_ENVIROMENT,0,784,7466,2
610947,self-harm,11_PROMPT,0,784,7467,1
571429,fiery_wings,08_ANATOMY,0,783,7468,2
677066,finger_to_another's_mouth,06_POSE,0,783,7469,2
12070,battleship,03_ENVIROMENT,0,783,7470,2
624228,sky_print,03_ENVIROMENT,0,783,7471,2
1493300,orange_headband,10_PROPS,0,783,7472,2
376295,scouter,05_CHARACTER,0,783,7473,2
1508844,sainan_high_school_uniform,09_CLOTHING,0,783,7474,2
472362,intestines,11_PROMPT,0,782,7475,2
391985,ashtray,10_PROPS,0,782,7476,1
411331,long_toenails,08_ANATOMY,0,781,7477,2
1455458,brown_flower,03_ENVIROMENT,0,781,7478,2
493573,handprint,02_COMPOSITION,0,781,7479,2
1353724,holding_cake,06_POSE,0,781,7480,2
419647,stakes_of_purgatory,03_ENVIROMENT,0,781,7481,2
433154,cargo_pants,09_CLOTHING,0,780,7482,2
465272,kyuudou,05_CHARACTER,0,780,7483,2
417068,heart_(organ),11_PROMPT,0,780,7484,2
1886042,shimokitazawa_high_school_uniform,09_CLOTHING,0,780,7485,2
656172,hands_on_another's_chest,06_POSE,0,779,7486,2
1316683,carrying_bag,10_PROPS,0,779,7487,2
1256544,removing_jacket,09_CLOTHING,0,779,7488,2
1359855,frilled_umbrella,11_PROMPT,0,778,7489,2
172018,nail_bat,10_PROPS,0,778,7490,2
499383,scratching_head,08_ANATOMY,0,778,7491,2
730531,chuunibyou,11_PROMPT,0,778,7492,2
461556,bloodshot_eyes,11_PROMPT,0,777,7493,1
1505135,italian_text,11_PROMPT,0,777,7494,2
1492153,green_horns,10_PROPS,0,777,7495,2
454988,glitter,11_PROMPT,0,776,7496,2
1502192,holding_suitcase,06_POSE,0,776,7497,2
535183,beer_bottle,10_PROPS,0,776,7498,2
1440622,green_headband,10_PROPS,0,776,7499,2
523331,micro_bra,09_CLOTHING,0,776,7500,2
579036,ace_of_spades,10_PROPS,0,775,7501,1
450236,bipod,10_PROPS,0,775,7502,2
420479,no_feet,06_POSE,0,775,7503,2
1867868,motosu_school_uniform,09_CLOTHING,0,775,7504,2
433346,horn_grab,06_POSE,0,774,7505,2
1453787,golden_arms,06_POSE,0,774,7506,2
1861772,crisis_management_form_(machimazo),02_COMPOSITION,0,774,7507,2
529805,shamoji,05_CHARACTER,0,773,7508,2
449872,walther,11_PROMPT,0,773,7509,2
1389143,brown_serafuku,05_CHARACTER,0,773,7510,2
378380,math,02_COMPOSITION,0,773,7511,2
498240,red_nose,08_ANATOMY,0,773,7512,2
1309364,single_head_wing,08_ANATOMY,0,773,7513,2
607516,holding_leg,06_POSE,0,773,7514,2
549186,animal_head,08_ANATOMY,0,773,7515,1
1539334,black_scales,09_CLOTHING,0,773,7516,2
406419,bust_cup,11_PROMPT,0,772,7517,2
470389,out_of_character,11_PROMPT,0,772,7518,2
1398336,year_of_the_dog,11_PROMPT,0,772,7519,1
1304453,covered_clitoris,11_PROMPT,0,772,7520,2
696037,bulging_eyes,08_ANATOMY,0,772,7521,1
707905,object_on_breast,06_POSE,0,772,7522,2
1375854,dream_soul,02_COMPOSITION,0,772,7523,2
1373241,meka_(overwatch),05_CHARACTER,0,772,7524,2
459154,nebula,03_ENVIROMENT,0,771,7525,2
1083062,gold_coin,10_PROPS,0,771,7526,2
1068870,panda_hood,09_CLOTHING,0,771,7527,2
2292,magician,02_COMPOSITION,0,770,7528,2
10748,elevator,03_ENVIROMENT,0,770,7529,2
558756,taut_swimsuit,09_CLOTHING,0,770,7530,2
484125,deer_tail,08_ANATOMY,0,770,7531,2
1473363,purple_butterfly,10_PROPS,0,770,7532,2
649072,grimoire_of_alice,11_PROMPT,0,769,7533,2
730919,lolidom,11_PROMPT,0,769,7534,2
1375534,aqua_leotard,09_CLOTHING,0,769,7535,1
375963,bathhouse,03_ENVIROMENT,0,769,7536,2
442513,laundry_basket,09_CLOTHING,0,769,7537,2
593089,double_amputee,06_POSE,0,769,7538,2
32011,broccoli,11_PROMPT,0,769,7539,2
1249968,little_red_riding_hood_(grimm)_(cosplay),05_CHARACTER,0,769,7540,2
1398335,year_of_the_pig,11_PROMPT,0,769,7541,1
1411110,keizoku_school_uniform,09_CLOTHING,0,769,7542,2
685854,fur_cuffs,09_CLOTHING,0,768,7543,2
415865,broken_armor,09_CLOTHING,0,768,7544,2
505385,through_screen,02_COMPOSITION,0,768,7545,2
413830,wakamezake,11_PROMPT,0,767,7546,2
474812,finger_sucking,06_POSE,0,767,7547,2
513340,glowing_hand,06_POSE,0,767,7548,2
4854,cast,04_PEOPLE,0,767,7549,2
1306995,panties_under_shorts,09_CLOTHING,0,767,7550,2
1820720,weasel_girl,04_PEOPLE,0,767,7551,2
1372005,brown_lips,08_ANATOMY,0,767,7552,2
684237,arm_around_back,06_POSE,0,766,7553,1
690043,hand_on_table,06_POSE,0,766,7554,2
652093,white_sky,03_ENVIROMENT,0,766,7555,2
1248516,dilation_tape,11_PROMPT,0,766,7556,2
1453844,arm_on_knee,06_POSE,0,766,7557,1
1307462,maple_leaf_print,10_PROPS,0,766,7558,2
477740,expression_chart,07_EXPRESSIONS,0,766,7559,2
1665648,kanba_girls_high_school_uniform,09_CLOTHING,0,766,7560,2
10383,cabbage,11_PROMPT,0,765,7561,2
662846,listening_to_music,10_PROPS,0,765,7562,2
1551195,1970s_(style),02_COMPOSITION,0,765,7563,1
649309,power_connection,10_PROPS,0,765,7564,2
1588824,lifebuoy_ornament,05_CHARACTER,0,765,7565,2
687895,exploding_clothes,09_CLOTHING,0,764,7566,2
1826632,right-over-left_kimono,02_COMPOSITION,0,764,7567,2
1556706,holding_creature,06_POSE,0,764,7568,2
693711,floating_rock,03_ENVIROMENT,0,764,7569,2
1491455,stiletto_(weapon),10_PROPS,0,764,7570,2
420279,sock_pull,06_POSE,0,763,7571,2
1410867,window_(computing),03_ENVIROMENT,0,763,7572,2
1477135,clawed_gauntlets,10_PROPS,0,763,7573,2
593826,waving_arms,06_POSE,0,763,7574,2
631824,canned_coffee,11_PROMPT,0,763,7575,2
1520977,print_mug,10_PROPS,0,763,7576,2
611611,dogeza,04_PEOPLE,0,763,7577,2
712509,glass_shards,10_PROPS,0,763,7578,2
377984,nipple_chain,10_PROPS,0,762,7579,2
1174087,camisole_lift,06_POSE,0,762,7580,2
1509633,frilled_headwear,10_PROPS,0,761,7581,2
1650790,cable_tail,10_PROPS,0,761,7582,2
120908,chess,02_COMPOSITION,0,761,7583,2
1607566,red_male_underwear,09_CLOTHING,0,761,7584,1
1333942,exposed_pocket,09_CLOTHING,0,761,7585,2
620731,combat_knife,10_PROPS,0,760,7586,2
1597540,two-sided_coat,09_CLOTHING,0,760,7587,2
73004,materia,11_PROMPT,0,759,7588,2
710493,firelock,10_PROPS,0,759,7589,2
12722,volcano,03_ENVIROMENT,0,759,7590,2
14272,village,03_ENVIROMENT,0,759,7591,2
242084,trophy,10_PROPS,0,759,7592,2
662026,fingering_through_panties,06_POSE,0,758,7593,2
681606,dotted_background,02_COMPOSITION,0,758,7594,2
1255173,shoujo_kitou-chuu,05_CHARACTER,0,758,7595,2
473987,tooth,10_PROPS,0,758,7596,2
9414,whip_marks,10_PROPS,0,757,7597,2
464557,eel,08_ANATOMY,0,757,7598,2
1373317,paizuri_invitation,11_PROMPT,0,757,7599,2
556589,safety_glasses,10_PROPS,0,756,7600,2
4947,groceries,03_ENVIROMENT,0,755,7601,2
1361745,holding_fish,06_POSE,0,755,7602,2
978006,front_slit,11_PROMPT,0,755,7603,1
458682,multitasking,06_POSE,0,754,7604,2
399624,flippers,10_PROPS,0,754,7605,2
369589,honda,02_COMPOSITION,0,754,7606,2
1485633,leopard_girl,04_PEOPLE,0,754,7607,2
2685,kickboard,06_POSE,0,753,7608,2
501948,wing_ears,08_ANATOMY,0,753,7609,2
1298988,smartphone_case,10_PROPS,0,753,7610,2
1419277,kariyushi_shirt,09_CLOTHING,0,753,7611,2
434547,oonusa,05_CHARACTER,0,752,7612,2
1248465,knives_between_fingers,06_POSE,0,752,7613,2
446480,broken_sword,10_PROPS,0,752,7614,2
485720,policeman,10_PROPS,0,752,7615,2
1253133,spade_hair_ornament,08_ANATOMY,0,752,7616,2
1859006,white_halo,02_COMPOSITION,0,752,7617,2
1687002,male_underwear_peek,09_CLOTHING,0,752,7618,2
1682855,hand_focus,06_POSE,0,751,7619,2
466940,fitting_room,03_ENVIROMENT,0,751,7620,2
483695,carton,11_PROMPT,0,751,7621,2
462045,cash_register,02_COMPOSITION,0,751,7622,2
2006771,unworn_jewelry,10_PROPS,0,751,7623,2
1258228,hanging_light,10_PROPS,0,751,7624,2
1401251,leotard_peek,11_PROMPT,0,749,7625,2
535094,makeup_brush,08_ANATOMY,0,749,7626,2
1627128,caliburn_(fate),05_CHARACTER,0,748,7627,2
664057,neck_garter,10_PROPS,0,748,7628,2
374339,foot_worship,06_POSE,0,748,7629,2
593770,fried_chicken,11_PROMPT,0,748,7630,2
720295,weasel_tail,08_ANATOMY,0,748,7631,2
616149,blue_suit,09_CLOTHING,0,748,7632,2
1499342,cross-laced_top,09_CLOTHING,0,748,7633,2
1372610,koishi_day,05_CHARACTER,0,748,7634,2
1436739,military_operator,10_PROPS,0,747,7635,2
443238,wardrobe_error,11_PROMPT,0,747,7636,1
600430,table_humping,06_POSE,0,747,7637,1
376272,whiteboard,10_PROPS,0,747,7638,1
1257988,holding_photo,06_POSE,0,747,7639,1
1985698,vehicle_and_personification,02_COMPOSITION,0,747,7640,1
403748,bolt,10_PROPS,0,747,7641,1
419800,compass,10_PROPS,0,746,7642,1
1386018,ooarai_(emblem),05_CHARACTER,0,746,7643,1
2058788,youkai_(youkai_watch),05_CHARACTER,0,746,7644,1
1978861,2b_(nier:automata)_(cosplay),05_CHARACTER,0,746,7645,1
404956,dissolving_clothes,09_CLOTHING,0,745,7646,2
475330,hunched_over,06_POSE,0,745,7647,2
1449244,holding_pole,06_POSE,0,745,7648,2
672191,jacket_lift,09_CLOTHING,0,745,7649,2
534500,fish_bone,10_PROPS,0,744,7650,2
451999,drowning,11_PROMPT,0,744,7651,2
1443338,holding_shovel,06_POSE,0,743,7652,2
441148,marriage_proposal,11_PROMPT,0,743,7653,2
1497921,backless_swimsuit,09_CLOTHING,0,743,7654,2
1980771,gag_harness,10_PROPS,0,743,7655,2
1928097,tickling_armpits,08_ANATOMY,0,743,7656,2
2618,jam,11_PROMPT,0,742,7657,2
567557,chili_pepper,11_PROMPT,0,742,7658,2
470016,incoming_kiss,11_PROMPT,0,742,7659,2
528148,ray_gun,10_PROPS,0,742,7660,2
108850,trash,11_PROMPT,0,742,7661,2
449113,rust,11_PROMPT,0,742,7662,2
1536591,low-cut_armhole,06_POSE,0,742,7663,2
1332216,propeller_hair_ornament,08_ANATOMY,0,742,7664,2
24365,tambourine,10_PROPS,0,741,7665,2
416849,merman,05_CHARACTER,0,741,7666,2
542165,runny_nose,08_ANATOMY,0,741,7667,2
439969,sprinkles,11_PROMPT,0,741,7668,2
1348685,fake_magazine_cover,09_CLOTHING,0,741,7669,2
412041,biwa_lute,02_COMPOSITION,0,741,7670,2
715587,against_fourth_wall,02_COMPOSITION,0,741,7671,2
686939,wide_oval_eyes,08_ANATOMY,0,740,7672,1
688374,holding_cross,06_POSE,0,740,7673,2
1730247,sexual_coaching,06_POSE,0,740,7674,2
1684976,craft_essence_(fate),05_CHARACTER,0,740,7675,2
1406789,otter_tail,10_PROPS,0,740,7676,2
598911,interior,03_ENVIROMENT,0,739,7677,2
608725,mami_mogu_mogu,05_CHARACTER,0,739,7678,2
1396057,gumroad_username,02_COMPOSITION,0,739,7679,2
407968,lime_(fruit),11_PROMPT,0,738,7680,2
1453283,amestris_military_uniform,09_CLOTHING,0,738,7681,1
568063,cobblestone,03_ENVIROMENT,0,738,7682,2
521072,cupboard,03_ENVIROMENT,0,738,7683,2
441528,canteen,10_PROPS,0,738,7684,2
1300994,taut_leotard,11_PROMPT,0,738,7685,2
392118,cork,10_PROPS,0,737,7686,2
2321,phoenix,03_ENVIROMENT,0,737,7687,2
599713,after_masturbation,11_PROMPT,0,737,7688,1
634874,o-ring_swimsuit,09_CLOTHING,0,737,7689,2
622107,dorsal_fin,08_ANATOMY,0,737,7690,2
554948,flying_fish,03_ENVIROMENT,0,737,7691,2
484041,wind_turbine,10_PROPS,0,736,7692,2
1408010,pom_pom_earrings,10_PROPS,0,736,7693,2
716702,checkered_bow,10_PROPS,0,736,7694,2
1472418,multiple_hairpins,08_ANATOMY,0,736,7695,2
480630,record,02_COMPOSITION,0,735,7696,2
1557609,smelling_clothes,09_CLOTHING,0,735,7697,2
1363286,light_brown_background,02_COMPOSITION,0,735,7698,2
1886396,lance_of_longinus_(evangelion),05_CHARACTER,0,735,7699,2
1463447,studded_choker,10_PROPS,0,735,7700,2
1441197,red_bandeau,09_CLOTHING,0,735,7701,2
424847,croissant,10_PROPS,0,735,7702,2
411278,jolly_roger,11_PROMPT,0,735,7703,1
1617321,red_trim,09_CLOTHING,0,734,7704,2
217022,mechanic,10_PROPS,0,734,7705,2
1413219,covering_another's_mouth,06_POSE,0,734,7706,2
721754,single_garter_strap,09_CLOTHING,0,734,7707,2
490599,lane_line,03_ENVIROMENT,0,733,7708,2
14376,brain,11_PROMPT,0,733,7709,2
413217,humping,11_PROMPT,0,733,7710,2
1692877,fruit_hat_ornament,10_PROPS,0,733,7711,2
660220,ski_goggles,09_CLOTHING,0,733,7712,2
1350902,starfish_hair_ornament,08_ANATOMY,0,733,7713,2
1255360,hand_on_own_forehead,06_POSE,0,732,7714,2
1253317,holding_briefcase,06_POSE,0,732,7715,2
1466153,brown_sash,09_CLOTHING,0,732,7716,2
75230,orca,11_PROMPT,0,732,7717,2
1778,urinal,03_ENVIROMENT,0,732,7718,2
5756,van,02_COMPOSITION,0,732,7719,2
761631,layered_kimono,02_COMPOSITION,0,732,7720,2
1391180,o-ring_belt,10_PROPS,0,732,7721,2
513432,ballpoint_pen_(medium),10_PROPS,0,732,7722,2
1327659,striped_vest,09_CLOTHING,0,732,7723,2
1577915,like_and_retweet,07_EXPRESSIONS,0,732,7724,2
1442899,green_cardigan,09_CLOTHING,0,731,7725,2
638337,multicolored_stripes,09_CLOTHING,0,731,7726,2
1384372,aqua_hairband,10_PROPS,0,731,7727,1
2391,square,03_ENVIROMENT,0,731,7728,2
437505,entangled,11_PROMPT,0,731,7729,2
396195,billboard,02_COMPOSITION,0,731,7730,2
1778351,yellow_gemstone,10_PROPS,0,731,7731,2
1016087,plate_carrier,10_PROPS,0,731,7732,2
379359,surfing,03_ENVIROMENT,0,730,7733,2
438322,police_car,10_PROPS,0,730,7734,2
555919,crystal_wings,10_PROPS,0,730,7735,2
1690649,limiter_(tsukumo_sana),05_CHARACTER,0,730,7736,2
449464,casing_ejection,06_POSE,0,729,7737,2
484640,fern,11_PROMPT,0,729,7738,2
1236817,bear_hood,10_PROPS,0,729,7739,2
500376,war_hammer,10_PROPS,0,728,7740,2
581992,coffee_pot,03_ENVIROMENT,0,728,7741,2
514658,holding_bra,06_POSE,0,728,7742,2
15371,sauce,11_PROMPT,0,728,7743,2
1271840,throat_microphone,10_PROPS,0,728,7744,2
682123,detached_leggings,09_CLOTHING,0,728,7745,2
378043,shopping_cart,10_PROPS,0,727,7746,2
1820626,half-erect,11_PROMPT,0,727,7747,2
412638,ticket,03_ENVIROMENT,0,727,7748,2
1442516,paw_print_pattern,08_ANATOMY,0,727,7749,2
1515529,shindan_maker,05_CHARACTER,0,727,7750,2
390051,invisible,11_PROMPT,0,726,7751,2
467468,congratulations,07_EXPRESSIONS,0,726,7752,2
1263906,star_wand,10_PROPS,0,726,7753,2
1077069,object_head,10_PROPS,0,726,7754,2
1287696,yumi_(bow),10_PROPS,0,725,7755,1
410838,m16,10_PROPS,0,725,7756,2
1886232,on_scooter,06_POSE,0,725,7757,2
1628091,kanshou_&_bakuya_(fate),05_CHARACTER,0,724,7758,2
383871,chocolate_making,11_PROMPT,0,724,7759,2
9508,carousel,02_COMPOSITION,0,723,7760,2
14457,wet_skirt,09_CLOTHING,0,723,7761,2
635361,body_switch,06_POSE,0,723,7762,2
496392,depressed,07_EXPRESSIONS,0,723,7763,2
1143156,multicolored_tail,08_ANATOMY,0,723,7764,2
663411,holding_another's_foot,06_POSE,0,723,7765,2
1994923,walker_(robot),05_CHARACTER,0,723,7766,2
589491,gradient_wings,08_ANATOMY,0,723,7767,2
1305544,down_jacket,09_CLOTHING,0,723,7768,2
1291060,rabbit_on_head,08_ANATOMY,0,723,7769,2
870284,giant_male,04_PEOPLE,0,723,7770,1
668796,meteor_shower,03_ENVIROMENT,0,722,7771,2
675816,kissing_neck,06_POSE,0,722,7772,2
472496,raspberry,11_PROMPT,0,721,7773,2
1380972,holding_scroll,06_POSE,0,721,7774,2
1319606,twintails_day,08_ANATOMY,0,721,7775,2
1551950,rhine_lab_logo,10_PROPS,0,721,7776,2
717991,monochrome_background,02_COMPOSITION,0,720,7777,2
1404688,pink_tank_top,09_CLOTHING,0,720,7778,2
395848,kadomatsu,05_CHARACTER,0,720,7779,2
8768,microwave,11_PROMPT,0,720,7780,2
1241808,looking_at_hand,06_POSE,0,720,7781,2
513429,watercolor_pencil_(medium),08_ANATOMY,0,720,7782,2
1835736,yellow_one-piece_swimsuit,09_CLOTHING,0,719,7783,2
1445402,white_bandeau,09_CLOTHING,0,719,7784,2
564940,paint_can,02_COMPOSITION,0,719,7785,2
470329,musket,10_PROPS,0,719,7786,2
11777,monk,04_PEOPLE,0,719,7787,2
1881342,shield_on_back,06_POSE,0,719,7788,2
1500711,facing_up,06_POSE,0,719,7789,2
1690512,black_tube_top,10_PROPS,0,718,7790,2
579316,white_pubic_hair,08_ANATOMY,0,718,7791,2
1514435,scoop_neck,10_PROPS,0,718,7792,2
1543107,female_goblin,04_PEOPLE,0,718,7793,2
1383442,purple_pupils,08_ANATOMY,0,717,7794,2
3327,graduation,02_COMPOSITION,0,717,7795,2
1358328,covering_another's_eyes,06_POSE,0,717,7796,1
1184023,ligne_claire,04_PEOPLE,0,717,7797,2
1231690,slim_legs,08_ANATOMY,0,716,7798,2
380384,accident,11_PROMPT,0,716,7799,1
461768,handshake,06_POSE,0,716,7800,2
550212,torn_wings,09_CLOTHING,0,716,7801,2
392002,kono_lolicon_domome,05_CHARACTER,0,716,7802,1
402892,weights,10_PROPS,0,716,7803,2
558276,temari_ball,11_PROMPT,0,716,7804,2
602754,red_wine,10_PROPS,0,716,7805,2
519170,yellow_pantyhose,09_CLOTHING,0,715,7806,2
1050723,super_saiyan_4,05_CHARACTER,0,715,7807,2
575798,wafer_stick,10_PROPS,0,715,7808,2
673054,condensation,11_PROMPT,0,715,7809,2
1564862,originium_arts_(arknights),05_CHARACTER,0,715,7810,2
666749,sitting_sideways,06_POSE,0,714,7811,2
456823,small_nipples,08_ANATOMY,0,714,7812,2
419818,fading,02_COMPOSITION,0,714,7813,2
533896,surrounded,11_PROMPT,0,714,7814,1
628155,bandaged_fingers,06_POSE,0,714,7815,2
653735,ahoge_wag,06_POSE,0,714,7816,1
377255,bindi,02_COMPOSITION,0,713,7817,2
1253562,black_hood,09_CLOTHING,0,712,7818,2
1262238,hand_on_ground,06_POSE,0,712,7819,2
471969,container,11_PROMPT,0,712,7820,2
432197,glansjob,11_PROMPT,0,712,7821,2
1127765,black_veil,09_CLOTHING,0,712,7822,2
1498394,child_carry,06_POSE,0,712,7823,2
191640,ak-47,10_PROPS,0,711,7824,2
595034,head_on_head,10_PROPS,0,711,7825,2
1892220,pitcher_(container),11_PROMPT,0,711,7826,2
474159,coin_purse,10_PROPS,0,711,7827,2
575514,leaf_background,02_COMPOSITION,0,711,7828,2
691122,transparent_censoring,02_COMPOSITION,0,711,7829,2
1232037,hakama_shorts,09_CLOTHING,0,711,7830,2
1406769,moose_ears,08_ANATOMY,0,711,7831,2
1543883,josou_seme,05_CHARACTER,0,710,7832,2
651680,stuffed_panda,11_PROMPT,0,710,7833,2
655793,police_badge,10_PROPS,0,710,7834,2
548344,translucent,02_COMPOSITION,0,710,7835,2
1070070,fishnet_bodysuit,09_CLOTHING,0,710,7836,2
451531,cutting,11_PROMPT,0,710,7837,2
539984,pointy_hat,10_PROPS,0,710,7838,2
524604,fur_jacket,09_CLOTHING,0,710,7839,2
619775,dollar_sign,10_PROPS,0,709,7840,2
460178,curled_up,06_POSE,0,709,7841,2
1363051,bandaid_on_neck,10_PROPS,0,708,7842,2
613159,homu,05_CHARACTER,0,708,7843,2
1370485,crescent_rose,03_ENVIROMENT,0,708,7844,2
487943,railroad_crossing,03_ENVIROMENT,0,707,7845,2
659578,black_vs_white,02_COMPOSITION,0,707,7846,2
604410,circle_formation,03_ENVIROMENT,0,706,7847,2
1428905,holding_surfboard,06_POSE,0,706,7848,2
932458,bridal_lingerie,09_CLOTHING,0,706,7849,2
1386716,handjob_gesture,06_POSE,0,706,7850,2
1376938,hat_belt,10_PROPS,0,706,7851,2
1379542,team_skull,10_PROPS,0,706,7852,2
728040,flat_chest_grab,06_POSE,0,705,7853,2
701998,overall_skirt,09_CLOTHING,0,705,7854,2
1451348,bc_freedom_school_uniform,09_CLOTHING,0,705,7855,2
1397149,hair_over_one_breast,08_ANATOMY,0,704,7856,2
527713,arm_over_head,06_POSE,0,704,7857,1
518001,red_star,02_COMPOSITION,0,704,7858,2
663609,sweater_pull,11_PROMPT,0,704,7859,1
1465145,holding_map,06_POSE,0,704,7860,2
512953,masked,11_PROMPT,0,704,7861,2
1475712,haneoka_school_uniform,09_CLOTHING,0,704,7862,2
1765,cello,10_PROPS,0,703,7863,2
4740,disguise,11_PROMPT,0,703,7864,2
397922,scalpel,10_PROPS,0,703,7865,2
587910,holographic_monitor,02_COMPOSITION,0,703,7866,2
788488,knife_sheath,10_PROPS,0,703,7867,2
543782,rotary_phone,10_PROPS,0,703,7868,2
641589,pantyhose_under_swimsuit,09_CLOTHING,0,702,7869,2
405424,whip_sword,10_PROPS,0,702,7870,2
1468297,sixteenth_note,07_EXPRESSIONS,0,702,7871,2
1890194,grabbing_another's_ear,06_POSE,0,702,7872,2
10694,wanted,02_COMPOSITION,0,701,7873,2
1303619,pawn_(chess),05_CHARACTER,0,701,7874,2
580001,print_swimsuit,09_CLOTHING,0,700,7875,2
489413,popsicle_stick,11_PROMPT,0,699,7876,2
549834,person_on_head,10_PROPS,0,699,7877,2
794881,face_in_pillow,08_ANATOMY,0,699,7878,2
557699,karate_gi,05_CHARACTER,0,699,7879,2
2006775,unworn_goggles,08_ANATOMY,0,699,7880,2
1580148,after_bathing,11_PROMPT,0,699,7881,1
1727453,anti-aircraft,10_PROPS,0,699,7882,1
666996,nipple_cutout,11_PROMPT,0,699,7883,2
1431177,country_connection,10_PROPS,0,699,7884,2
1881204,starlight_academy_school_uniform,09_CLOTHING,0,699,7885,2
1261550,weapon_bag,10_PROPS,0,698,7886,2
607415,flailing,11_PROMPT,0,698,7887,2
620196,sky_lantern,03_ENVIROMENT,0,698,7888,2
463211,chessboard,02_COMPOSITION,0,697,7889,2
1891024,frontless_outfit,09_CLOTHING,0,697,7890,1
1448604,armored_leotard,09_CLOTHING,0,697,7891,1
1702658,travel_attendant,11_PROMPT,0,696,7892,1
540641,shoulder_plates,10_PROPS,0,696,7893,1
854284,ribbed_thighhighs,09_CLOTHING,0,695,7894,1
4322,band,10_PROPS,0,694,7895,2
660608,forked_tail,08_ANATOMY,0,694,7896,2
1395440,lightning_bolt_hair_ornament,08_ANATOMY,0,694,7897,2
1694223,undone_neck_ribbon,10_PROPS,0,693,7898,2
444126,shoulder_guard,06_POSE,0,693,7899,2
1258570,hedgehog_tail,08_ANATOMY,0,693,7900,2
619345,digital_clock,10_PROPS,0,692,7901,2
1690099,lop_rabbit_ears,08_ANATOMY,0,692,7902,2
424699,closet,09_CLOTHING,0,692,7903,2
51587,cassock,11_PROMPT,0,692,7904,2
13444,germany,03_ENVIROMENT,0,692,7905,2
1551407,metamoran_vest,09_CLOTHING,0,692,7906,2
1119350,normal_suit,09_CLOTHING,0,692,7907,2
613600,checkered_legwear,09_CLOTHING,0,692,7908,2
1948768,sparse_chest_hair,08_ANATOMY,0,692,7909,2
1663426,see-through_swimsuit,09_CLOTHING,0,691,7910,2
637897,saury,11_PROMPT,0,691,7911,2
718647,holding_necklace,10_PROPS,0,690,7912,2
401324,chakram,05_CHARACTER,0,690,7913,2
597366,panties_over_pantyhose,09_CLOTHING,0,690,7914,2
492558,orange_bra,09_CLOTHING,0,689,7915,2
1677791,blood_on_bandages,09_CLOTHING,0,689,7916,2
1369696,pink_horns,08_ANATOMY,0,689,7917,2
660413,rainbow_background,02_COMPOSITION,0,688,7918,2
16147,meadow,03_ENVIROMENT,0,688,7919,2
538775,remembering,11_PROMPT,0,688,7920,2
616835,calligraphy_brush_(medium),08_ANATOMY,0,688,7921,2
1686763,saint_quartz_(fate),05_CHARACTER,0,688,7922,2
449450,vertical_foregrip,06_POSE,0,687,7923,2
6368,calligraphy,02_COMPOSITION,0,687,7924,2
600484,adjusting_scarf,09_CLOTHING,0,687,7925,2
667047,scratching_cheek,08_ANATOMY,0,687,7926,2
1289258,bokura_wa_ima_no_naka_de,05_CHARACTER,0,687,7927,2
1396916,layered_shirt,09_CLOTHING,0,687,7928,2
496244,emoticon,07_EXPRESSIONS,0,686,7929,2
575981,bird_on_arm,06_POSE,0,686,7930,2
695444,pokemon_ears,08_ANATOMY,0,686,7931,2
895872,paint_on_clothes,09_CLOTHING,0,686,7932,2
1621049,scar_on_hand,06_POSE,0,686,7933,2
1406196,blue_outline,02_COMPOSITION,0,684,7934,2
1347287,green_feathers,08_ANATOMY,0,684,7935,2
2006784,unworn_bikini,09_CLOTHING,0,684,7936,2
1490269,pink_sports_bra,09_CLOTHING,0,683,7937,2
1302248,tape_on_nipples,10_PROPS,0,683,7938,2
596557,casting_spell,11_PROMPT,0,682,7939,2
413382,adjusting_buruma,06_POSE,0,682,7940,1
375012,playground,03_ENVIROMENT,0,682,7941,2
490413,rice_paddy,05_CHARACTER,0,681,7942,2
723670,noses_touching,06_POSE,0,681,7943,2
1341024,side-tie_shirt,09_CLOTHING,0,681,7944,2
608443,green_rose,03_ENVIROMENT,0,680,7945,2
1254622,torn_coat,09_CLOTHING,0,680,7946,2
496982,beach_mat,03_ENVIROMENT,0,680,7947,2
1672630,baton_(weapon),10_PROPS,0,679,7948,2
13822,ai_ai_gasa,05_CHARACTER,0,679,7949,2
1087554,rash_guard,09_CLOTHING,0,679,7950,2
1635490,poke_ball_(legends),04_PEOPLE,0,679,7951,2
655036,ankle_bow,10_PROPS,0,678,7952,2
1918272,covering_own_ears,08_ANATOMY,0,678,7953,2
392494,bridle,10_PROPS,0,678,7954,1
1350133,mtu_virus,04_PEOPLE,0,678,7955,2
1495989,bird_boy,04_PEOPLE,0,678,7956,2
1241229,butterfly_tattoo,10_PROPS,0,677,7957,2
1537113,bandaid_on_head,10_PROPS,0,677,7958,2
1290437,fur-trimmed_bikini,09_CLOTHING,0,676,7959,2
1660126,implied_extra_ears,08_ANATOMY,0,676,7960,2
423802,amusement_park,03_ENVIROMENT,0,676,7961,1
1781486,hat_tassel,10_PROPS,0,676,7962,2
611697,crosshatching,11_PROMPT,0,675,7963,2
459473,hand_over_face,06_POSE,0,675,7964,2
87461,hogtie,04_PEOPLE,0,675,7965,2
585662,coconut_tree,03_ENVIROMENT,0,675,7966,2
1334027,argyle_cutout,11_PROMPT,0,675,7967,2
1507688,cross-laced_skirt,09_CLOTHING,0,675,7968,2
649168,fruit_on_head,08_ANATOMY,0,675,7969,2
1462248,fruit_cup,11_PROMPT,0,675,7970,2
497727,height,03_ENVIROMENT,0,675,7971,2
1605277,starry_hair,08_ANATOMY,0,675,7972,2
1484956,sparkle_hair_ornament,08_ANATOMY,0,675,7973,2
525386,too_literal,07_EXPRESSIONS,0,674,7974,2
1294119,suspenders_slip,06_POSE,0,674,7975,2
456715,cow_costume,09_CLOTHING,0,673,7976,2
421792,fried_rice,11_PROMPT,0,673,7977,2
515924,drum_magazine,10_PROPS,0,673,7978,2
1727451,anti-aircraft_gun,10_PROPS,0,673,7979,1
391503,pregnancy_test,11_PROMPT,0,673,7980,2
1439863,penis_shadow,08_ANATOMY,0,673,7981,2
1337689,blood_on_ground,11_PROMPT,0,672,7982,2
1424746,multicolored_leotard,09_CLOTHING,0,672,7983,2
1430698,white_garter_belt,09_CLOTHING,0,672,7984,2
1448244,holding_toothbrush,06_POSE,0,672,7985,2
421072,toga,11_PROMPT,0,671,7986,2
590918,red_carpet,11_PROMPT,0,670,7987,2
1507090,holding_lipstick_tube,10_PROPS,0,670,7988,2
1847146,multi-strapped_bikini_top,09_CLOTHING,0,670,7989,2
3184,mg42,04_PEOPLE,0,669,7990,2
710234,nipple-to-nipple,11_PROMPT,0,669,7991,2
627605,pushing_away,06_POSE,0,669,7992,2
635630,spoken_expression,07_EXPRESSIONS,0,669,7993,2
518535,ainu,04_PEOPLE,0,669,7994,1
1682857,holding_with_tail,06_POSE,0,668,7995,2
1330325,white_wristband,09_CLOTHING,0,668,7996,2
631791,long_ribbon,10_PROPS,0,668,7997,2
4419,shogi,05_CHARACTER,0,667,7998,2
476455,green_fire,03_ENVIROMENT,0,667,7999,2
1347798,facing_down,06_POSE,0,667,8000,2
433150,senbei,02_COMPOSITION,0,666,8001,2
10179,dawn,05_CHARACTER,0,666,8002,2
1391282,purple_robe,09_CLOTHING,0,666,8003,2
1544050,turtleneck_jacket,09_CLOTHING,0,666,8004,2
448268,rice_hat,10_PROPS,0,665,8005,2
6033,bacon,11_PROMPT,0,665,8006,2
545285,washing_hair,08_ANATOMY,0,665,8007,2
532884,dark_clouds,03_ENVIROMENT,0,665,8008,1
561625,forced_smile,07_EXPRESSIONS,0,664,8009,1
474303,shared_earphones,11_PROMPT,0,664,8010,1
423556,banana_peel,10_PROPS,0,664,8011,1
1409032,mole_on_arm,06_POSE,0,664,8012,2
1345306,holding_mirror,06_POSE,0,664,8013,2
1574667,two-sided_cloak,09_CLOTHING,0,664,8014,2
497915,refraction,02_COMPOSITION,0,663,8015,2
489117,corsage,10_PROPS,0,663,8016,2
1291577,black_outline,02_COMPOSITION,0,662,8017,2
1311157,anchor_earrings,10_PROPS,0,662,8018,2
617715,wrapped_candy,10_PROPS,0,662,8019,2
494712,gingham,11_PROMPT,0,661,8020,2
387069,sweet_lolita,05_CHARACTER,0,661,8021,2
1841287,asymmetrical_sidelocks,08_ANATOMY,0,661,8022,1
1277703,lying_on_water,11_PROMPT,0,661,8023,2
547190,side-tie_skirt,09_CLOTHING,0,661,8024,2
1258819,print_scarf,09_CLOTHING,0,661,8025,2
695913,green_collar,10_PROPS,0,661,8026,2
1600924,sweater_tucked_in,11_PROMPT,0,661,8027,1
1396935,bc_freedom_(emblem),02_COMPOSITION,0,661,8028,2
1447063,stile_uniform,09_CLOTHING,0,661,8029,1
1305785,front-print_panties,09_CLOTHING,0,660,8030,1
1578413,square_neckline,09_CLOTHING,0,660,8031,1
13408,bear_panties,09_CLOTHING,0,659,8032,1
1289517,mini_witch_hat,09_CLOTHING,0,659,8033,1
1412715,holding_key,06_POSE,0,659,8034,1
49893,baking,11_PROMPT,0,658,8035,1
1434292,on_stool,06_POSE,0,658,8036,1
7945,oar,10_PROPS,0,658,8037,1
1203647,nipple_jewelry,10_PROPS,0,658,8038,1
1480627,holding_torch,06_POSE,0,658,8039,1
1447277,holding_plectrum,06_POSE,0,657,8040,1
619150,announcement_celebration,11_PROMPT,0,657,8041,1
1892221,jug_(bottle),10_PROPS,0,657,8042,2
1690520,white_tube_top,10_PROPS,0,657,8043,2
2006779,unworn_hair_ornament,08_ANATOMY,0,656,8044,2
1487812,holding_magnifying_glass,06_POSE,0,656,8045,2
1941540,single_off_shoulder,06_POSE,0,656,8046,2
628898,meandros,11_PROMPT,0,654,8047,2
1412354,stained_sheets,09_CLOTHING,0,654,8048,2
680600,arm_across_waist,06_POSE,0,654,8049,1
1409727,torn_cloak,09_CLOTHING,0,654,8050,2
654255,heart_hair,08_ANATOMY,0,654,8051,2
678068,audio_jack,11_PROMPT,0,654,8052,1
463089,oven,11_PROMPT,0,653,8053,1
571706,kittysuit,09_CLOTHING,0,652,8054,2
385305,soy_sauce,11_PROMPT,0,651,8055,2
551570,shirt_around_waist,09_CLOTHING,0,651,8056,2
622003,;(,07_EXPRESSIONS,0,651,8057,1
1639311,arthropod_boy,04_PEOPLE,0,651,8058,1
485986,hieroglyphics,05_CHARACTER,0,651,8059,2
419530,rural,03_ENVIROMENT,0,651,8060,2
507779,piano_keys,10_PROPS,0,651,8061,2
1249795,sailor_swimsuit_(idolmaster),09_CLOTHING,0,651,8062,2
1690813,market_stall,03_ENVIROMENT,0,650,8063,2
724189,detached_ahoge,05_CHARACTER,0,650,8064,2
585336,ankle_garter,10_PROPS,0,649,8065,1
1397372,year_of_the_rooster,11_PROMPT,0,649,8066,1
391029,fusuma,11_PROMPT,0,649,8067,2
501535,package,10_PROPS,0,649,8068,2
692331,feet_on_chair,06_POSE,0,648,8069,2
11156,singlet,11_PROMPT,0,648,8070,2
496614,pastel_(medium),11_PROMPT,0,648,8071,2
667570,large_ears,08_ANATOMY,0,647,8072,1
1499507,sailor_collar_lift,09_CLOTHING,0,646,8073,1
531475,aviator_cap,09_CLOTHING,0,646,8074,1
1344208,aqua_shorts,09_CLOTHING,0,646,8075,1
1375384,monkey_boy,04_PEOPLE,0,646,8076,1
1470365,flying_button,11_PROMPT,0,645,8077,1
1733638,race_bib,09_CLOTHING,0,645,8078,1
1328452,ambiguous_red_liquid,11_PROMPT,0,645,8079,1
523781,sewing_needle,10_PROPS,0,645,8080,1
1472811,holding_newspaper,06_POSE,0,644,8081,1
1295452,female_service_cap,10_PROPS,0,643,8082,1
1245114,covering_with_blanket,06_POSE,0,642,8083,1
812633,moth_girl,04_PEOPLE,0,642,8084,1
470409,rag,10_PROPS,0,641,8085,1
647958,ankleband,09_CLOTHING,0,641,8086,1
1297889,shampoo_bottle,10_PROPS,0,641,8087,1
1411022,black_babydoll,11_PROMPT,0,640,8088,1
1178149,tucked_penis,06_POSE,0,640,8089,1
1754298,multiple_bracelets,10_PROPS,0,640,8090,1
1308770,front_zipper_swimsuit,09_CLOTHING,0,640,8091,1
1990022,kin-iro_mosaic_high_school_uniform,09_CLOTHING,0,640,8092,1
1427497,holding_bell,06_POSE,0,639,8093,1
1607444,blue_male_underwear,09_CLOTHING,0,638,8094,1
2007719,side_cape,09_CLOTHING,0,638,8095,1
1454132,hand_grip,06_POSE,0,637,8096,1
1989805,inset_border,11_PROMPT,0,636,8097,1
1315008,glove_bow,09_CLOTHING,0,635,8098,1
1416925,green_serafuku,09_CLOTHING,0,635,8099,1
551039,claw_foot_bathtub,11_PROMPT,0,635,8100,1
2006774,unworn_thighhighs,09_CLOTHING,0,635,8101,1
478028,rooster,11_PROMPT,0,634,8102,1
431317,poi,11_PROMPT,0,631,8103,1
1398744,ribbed_socks,09_CLOTHING,0,628,8104,1
502233,dress_shoes,09_CLOTHING,0,628,8105,1
1320443,vertical-striped_shorts,09_CLOTHING,0,627,8106,1
1501438,blue_sweater_vest,09_CLOTHING,0,626,8107,1
1427920,polearm_behind_back,06_POSE,0,624,8108,1
1398831,fur-trimmed_thighhighs,09_CLOTHING,0,623,8109,1
1871372,streetwear,09_CLOTHING,0,611,8110,1
385430,hatsune_miku,05_CHARACTER,4,89677,8111,0
12239,hakurei_reimu,05_CHARACTER,4,73962,8112,0
12242,kirisame_marisa,05_CHARACTER,4,67226,8113,0
12248,remilia_scarlet,05_CHARACTER,4,49813,8114,0
12249,flandre_scarlet,05_CHARACTER,4,48265,8115,0
12314,izayoi_sakuya,05_CHARACTER,4,44493,8116,0
1301082,admiral_(kancolle),05_CHARACTER,4,37303,8117,0
1478495,artoria_pendragon_(fate),05_CHARACTER,4,35675,8118,0
388200,kochiya_sanae,05_CHARACTER,4,34152,8119,0
9123,alice_margatroid,05_CHARACTER,4,33846,8120,0
12247,patchouli_knowledge,05_CHARACTER,4,33570,8121,0
12244,konpaku_youmu,05_CHARACTER,4,33386,8122,0
1720,cirno,05_CHARACTER,4,33294,8123,0
427142,komeiji_koishi,05_CHARACTER,4,31713,8124,0
12246,yakumo_yukari,05_CHARACTER,4,31287,8125,0
12308,shameimaru_aya,05_CHARACTER,4,27523,8126,0
12304,reisen_udongein_inaba,05_CHARACTER,4,26079,8127,0
12307,fujiwara_no_mokou,05_CHARACTER,4,25741,8128,0
427143,komeiji_satori,05_CHARACTER,4,24629,8129,0
11374,hong_meiling,05_CHARACTER,4,24348,8130,0
592924,akemi_homura,05_CHARACTER,4,24201,8131,0
12245,saigyouji_yuyuko,05_CHARACTER,4,23212,8132,0
592925,kaname_madoka,05_CHARACTER,4,23211,8133,0
395218,inubashiri_momiji,05_CHARACTER,4,21718,8134,0
1631074,kaga_(kancolle),05_CHARACTER,4,21127,8135,0
12250,yakumo_ran,05_CHARACTER,4,19328,8136,0
390427,kagamine_rin,05_CHARACTER,4,19045,8137,0
602257,konpaku_youmu_(ghost),05_CHARACTER,4,18383,8138,0
427145,kaenbyou_rin,05_CHARACTER,4,18358,8139,0
384842,moriya_suwako,05_CHARACTER,4,18215,8140,0
2082,rumia,05_CHARACTER,4,18126,8141,0
1275729,shimakaze_(kancolle),05_CHARACTER,4,17717,8142,0
401582,kazami_yuuka,05_CHARACTER,4,17493,8143,0
593109,miki_sayaka,05_CHARACTER,4,17374,8144,0
427184,reiuji_utsuho,05_CHARACTER,4,17240,8145,0
474,chen,05_CHARACTER,4,17156,8146,0
1213183,saber_(fate),05_CHARACTER,4,16702,8147,0
1602203,ganyu_(genshin_impact),05_CHARACTER,4,16652,8148,0
1275718,hibiki_(kancolle),05_CHARACTER,4,16538,8149,0
1414209,mash_kyrielight,05_CHARACTER,4,16080,8150,0
473327,tatara_kogasa,05_CHARACTER,4,15983,8151,0
383392,kawashiro_nitori,05_CHARACTER,4,15870,8152,0
12302,kamishirasawa_keine,05_CHARACTER,4,15819,8153,0
1275728,shigure_(kancolle),05_CHARACTER,4,15718,8154,0
415326,hinanawi_tenshi,05_CHARACTER,4,15462,8155,0
604258,sakura_kyoko,05_CHARACTER,4,14872,8156,0
593108,tomoe_mami,05_CHARACTER,4,14796,8157,0
12306,houraisan_kaguya,05_CHARACTER,4,14523,8158,0
1799,koakuma,05_CHARACTER,4,14297,8159,0
12300,mystia_lorelei,05_CHARACTER,4,14283,8160,0
475833,souryuu_asuka_langley,05_CHARACTER,4,13517,8161,0
12303,inaba_tewi,05_CHARACTER,4,13472,8162,0
12313,ibuki_suika,05_CHARACTER,4,13410,8163,0
1350122,kongou_(kancolle),05_CHARACTER,4,13408,8164,0
473267,nazrin,05_CHARACTER,4,12879,8165,0
1275720,inazuma_(kancolle),05_CHARACTER,4,12856,8166,0
503349,hijiri_byakuren,05_CHARACTER,4,12693,8167,0
1613000,warrior_of_light_(ff14),05_CHARACTER,4,12512,8168,0
1630449,akagi_(kancolle),05_CHARACTER,4,12451,8169,0
393597,kagamine_len,05_CHARACTER,4,12419,8170,0
6313,link,05_CHARACTER,4,12385,8171,0
1686237,raiden_shogun,05_CHARACTER,4,12239,8172,0
1473623,tamamo_(fate),05_CHARACTER,4,12070,8173,0
503343,houjuu_nue,05_CHARACTER,4,12031,8174,0
1581467,lumine_(genshin_impact),05_CHARACTER,4,11757,8175,0
1533309,houshou_marine,05_CHARACTER,4,11739,8176,0
1270870,tenryuu_(kancolle),05_CHARACTER,4,11481,8177,0
1391753,fujimaru_ritsuka_(male),05_CHARACTER,4,11472,8178,0
384841,yasaka_kanako,05_CHARACTER,4,11452,8179,0
1593594,gawr_gura,05_CHARACTER,4,11448,8180,0
1631504,yuudachi_(kancolle),05_CHARACTER,4,11386,8181,0
12305,yagokoro_eirin,05_CHARACTER,4,11356,8182,0
1391754,fujimaru_ritsuka_(female),05_CHARACTER,4,11288,8183,0
457810,megurine_luka,05_CHARACTER,4,11218,8184,0
1479739,jeanne_d'arc_alter_(fate),05_CHARACTER,4,11062,8185,0
413783,mizuhashi_parsee,05_CHARACTER,4,10974,8186,0
1631198,sensei_(blue_archive),05_CHARACTER,4,10925,8187,0
1275715,fubuki_(kancolle),05_CHARACTER,4,10839,8188,0
1275719,ikazuchi_(kancolle),05_CHARACTER,4,10828,8189,0
1471064,abigail_williams_(fate),05_CHARACTER,4,10742,8190,0
3861,pikachu,05_CHARACTER,4,10538,8191,0
1635696,hu_tao_(genshin_impact),05_CHARACTER,4,10238,8192,0
1275711,akatsuki_(kancolle),05_CHARACTER,4,10176,8193,0
1631523,zuikaku_(kancolle),05_CHARACTER,4,10116,8194,0
456150,akiyama_mio,05_CHARACTER,4,10077,8195,0
638495,toyosatomimi_no_miko,05_CHARACTER,4,9782,8196,0
1630699,hamakaze_(kancolle),05_CHARACTER,4,9722,8197,0
9466,suzumiya_haruhi,05_CHARACTER,4,9541,8198,0
1335350,haruna_(kancolle),05_CHARACTER,4,9541,8199,0
1433170,nero_claudius_(fate),05_CHARACTER,4,9485,8200,0
1631219,nagato_(kancolle),05_CHARACTER,4,9482,8201,0
13814,morichika_rinnosuke,05_CHARACTER,4,9414,8202,0
94496,princess_zelda,05_CHARACTER,4,9354,8203,0
384197,kagiyama_hina,05_CHARACTER,4,9328,8204,0
2075918,inkling_player_character,05_CHARACTER,4,9292,8205,0
391888,tifa_lockhart,05_CHARACTER,4,9278,8206,0
465977,hoshiguma_yuugi,05_CHARACTER,4,9218,8207,0
7441,fate_testarossa,05_CHARACTER,4,9158,8208,0
1351818,kashima_(kancolle),05_CHARACTER,4,9133,8209,0
700405,nishizumi_miho,05_CHARACTER,4,8940,8210,0
465646,tohsaka_rin,05_CHARACTER,4,8904,8211,0
7493,daiyousei,05_CHARACTER,4,8848,8212,0
638499,mononobe_no_futo,05_CHARACTER,4,8823,8213,0
1978860,2b_(nier:automata),05_CHARACTER,4,8815,8214,0
12299,wriggle_nightbug,05_CHARACTER,4,8802,8215,0
599169,shanghai_doll,05_CHARACTER,4,8797,8216,0
472387,nakano_azusa,05_CHARACTER,4,8741,8217,0
9715,nagato_yuki,05_CHARACTER,4,8684,8218,0
1333465,rem_(re:zero),05_CHARACTER,4,8636,8219,0
1479836,shirakami_fubuki,05_CHARACTER,4,8635,8220,0
1622755,asuna_(blue_archive),05_CHARACTER,4,8632,8221,0
465688,shiki_eiki,05_CHARACTER,4,8600,8222,0
12342,usami_renko,05_CHARACTER,4,8579,8223,0
395918,misaka_mikoto,05_CHARACTER,4,8470,8224,0
12311,onozuka_komachi,05_CHARACTER,4,8463,8225,0
1380245,suzuya_(kancolle),05_CHARACTER,4,8405,8226,0
1631280,ryuujou_(kancolle),05_CHARACTER,4,8338,8227,0
12108,illyasviel_von_einzbern,05_CHARACTER,4,8259,8228,0
455424,hirasawa_yui,05_CHARACTER,4,8251,8229,0
506041,maribel_hearn,05_CHARACTER,4,8249,8230,0
600200,kyubey,05_CHARACTER,4,8249,8231,0
1452630,scathach_(fate),05_CHARACTER,4,8162,8232,0
1733099,yae_miko,05_CHARACTER,4,8153,8233,0
1233711,imaizumi_kagerou,05_CHARACTER,4,8134,8234,0
1964304,gotoh_hitori,05_CHARACTER,4,8111,8235,0
1625332,yuuka_(blue_archive),05_CHARACTER,4,8082,8236,0
1600114,zhongli_(genshin_impact),05_CHARACTER,4,8034,8237,0
8327,ayanami_rei,05_CHARACTER,4,7965,8238,0
452135,producer_(idolmaster),05_CHARACTER,4,7935,8239,0
1639113,shigure_kai_ni_(kancolle),05_CHARACTER,4,7790,8240,0
1523054,manjuu_(azur_lane),05_CHARACTER,4,7782,8241,0
1631004,houshou_(kancolle),05_CHARACTER,4,7704,8242,0
503351,toramaru_shou,05_CHARACTER,4,7667,8243,0
8552,takamachi_nanoha,05_CHARACTER,4,7658,8244,0
1511608,inkling_girl,05_CHARACTER,4,7624,8245,0
1531173,usada_pekora,05_CHARACTER,4,7611,8246,0
378876,joseph_joestar,05_CHARACTER,4,7552,8247,0
1639135,yuudachi_kai_ni_(kancolle),05_CHARACTER,4,7473,8248,0
1231258,matoi_ryuuko,05_CHARACTER,4,7459,8249,0
1408636,jeanne_d'arc_(fate),05_CHARACTER,4,7455,8250,0
1599785,aether_(genshin_impact),05_CHARACTER,4,7433,8251,0
1405000,serval_(kemono_friends),05_CHARACTER,4,7418,8252,0
1648389,yor_briar,05_CHARACTER,4,7187,8253,0
1525565,hoshimachi_suisei,05_CHARACTER,4,7115,8254,0
456151,tainaka_ritsu,05_CHARACTER,4,7114,8255,0
544560,himekaidou_hatate,05_CHARACTER,4,7114,8256,0
1275723,murakumo_(kancolle),05_CHARACTER,4,7112,8257,0
1277794,amatsukaze_(kancolle),05_CHARACTER,4,7087,8258,0
1596257,mona_(genshin_impact),05_CHARACTER,4,7062,8259,0
1287532,megumin,05_CHARACTER,4,7050,8260,0
592977,nishikino_maki,05_CHARACTER,4,7024,8261,0
1593596,ninomae_ina'nis,05_CHARACTER,4,6999,8262,0
1631456,ushio_(kancolle),05_CHARACTER,4,6944,8263,0
1593595,mori_calliope,05_CHARACTER,4,6928,8264,0
713730,kafuu_chino,05_CHARACTER,4,6920,8265,0
638538,kaku_seiga,05_CHARACTER,4,6914,8266,0
466373,dawn_(pokemon),05_CHARACTER,4,6912,8267,0
615562,toujou_nozomi,05_CHARACTER,4,6909,8268,0
1765420,jeanne_d'arc_alter_(avenger)_(fate),05_CHARACTER,4,6894,8269,0
593046,sonoda_umi,05_CHARACTER,4,6883,8270,0
1438816,okita_souji_(fate),05_CHARACTER,4,6839,8271,0
1600563,keqing_(genshin_impact),05_CHARACTER,4,6830,8272,0
1584981,shiroko_(blue_archive),05_CHARACTER,4,6815,8273,0
662185,shibuya_rin,05_CHARACTER,4,6810,8274,0
1275734,yukikaze_(kancolle),05_CHARACTER,4,6743,8275,0
503350,murasa_minamitsu,05_CHARACTER,4,6732,8276,0
1369674,lillie_(pokemon),05_CHARACTER,4,6697,8277,0
1285206,atago_(kancolle),05_CHARACTER,4,6679,8278,0
1585358,northern_ocean_princess,05_CHARACTER,4,6674,8279,0
699794,nanami_chiaki,05_CHARACTER,4,6647,8280,0
1495213,minato_aqua,05_CHARACTER,4,6646,8281,0
1631488,yamato_(kancolle),05_CHARACTER,4,6620,8282,0
445942,gardevoir,05_CHARACTER,4,6606,8283,0
1631360,shoukaku_(kancolle),05_CHARACTER,4,6563,8284,0
593043,ayase_eli,05_CHARACTER,4,6506,8285,0
592974,yazawa_nico,05_CHARACTER,4,6495,8286,0
656409,yuzuki_yukari,05_CHARACTER,4,6481,8287,0
1682530,tamamo_no_mae_(fate/extra),05_CHARACTER,4,6464,8288,0
413645,nagae_iku,05_CHARACTER,4,6428,8289,0
54494,kujo_jotaro,05_CHARACTER,4,6407,8290,0
1233709,hata_no_kokoro,05_CHARACTER,4,6399,8291,0
1275712,akebono_(kancolle),05_CHARACTER,4,6398,8292,0
669326,kaito_(vocaloid),05_CHARACTER,4,6369,8293,0
487910,joseph_joestar_(young),05_CHARACTER,4,6351,8294,0
2040387,doodle_sensei_(blue_archive),05_CHARACTER,4,6324,8295,0
570051,ibaraki_kasen,05_CHARACTER,4,6301,8296,0
1424365,pyra_(xenoblade),05_CHARACTER,4,6291,8297,0
13108,chun-li,05_CHARACTER,4,6261,8298,0
1526564,doctor_(arknights),05_CHARACTER,4,6177,8299,0
7439,kinomoto_sakura,05_CHARACTER,4,6112,8300,0
1467839,trainer_(umamusume),05_CHARACTER,4,6108,8301,0
1518952,nekomata_okayu,05_CHARACTER,4,6097,8302,0
1631124,kitakami_(kancolle),05_CHARACTER,4,6096,8303,0
1442931,amiya_(arknights),05_CHARACTER,4,6091,8304,0
1435530,shuten_douji_(fate),05_CHARACTER,4,6086,8305,0
1516925,makima_(chainsaw_man),05_CHARACTER,4,6072,8306,0
1649146,gilgamesh_(fate),05_CHARACTER,4,6058,8307,0
1532746,byleth_(fire_emblem),05_CHARACTER,4,6056,8308,0
638583,soga_no_tojiko,05_CHARACTER,4,6039,8309,0
1605761,hina_(blue_archive),05_CHARACTER,4,6010,8310,0
466360,may_(pokemon),05_CHARACTER,4,6006,8311,0
10365,cloud_strife,05_CHARACTER,4,6004,8312,0
413652,kurodani_yamame,05_CHARACTER,4,5991,8313,0
619180,kasodani_kyouko,05_CHARACTER,4,5982,8314,0
7438,matou_sakura,05_CHARACTER,4,5971,8315,0
619181,miyako_yoshika,05_CHARACTER,4,5945,8316,0
473328,kumoi_ichirin,05_CHARACTER,4,5918,8317,0
1239690,rensouhou-chan,05_CHARACTER,4,5885,8318,0
717860,rosa_(pokemon),05_CHARACTER,4,5882,8319,0
1867985,toki_(blue_archive),05_CHARACTER,4,5873,8320,0
1631257,ooyodo_(kancolle),05_CHARACTER,4,5854,8321,0
1448304,astolfo_(fate),05_CHARACTER,4,5808,8322,0
1593597,takanashi_kiara,05_CHARACTER,4,5781,8323,0
1533332,marnie_(pokemon),05_CHARACTER,4,5774,8324,0
1372463,darjeeling_(girls_und_panzer),05_CHARACTER,4,5772,8325,0
101752,hoshii_miki,05_CHARACTER,4,5749,8326,0
1595272,venti_(genshin_impact),05_CHARACTER,4,5678,8327,0
1328621,clownpiece,05_CHARACTER,4,5669,8328,0
1427460,prinz_eugen_(kancolle),05_CHARACTER,4,5662,8329,0
1478494,cu_chulainn_(fate),05_CHARACTER,4,5626,8330,0
1549065,tokoyami_towa,05_CHARACTER,4,5620,8331,0
1243755,kijin_seija,05_CHARACTER,4,5611,8332,0
1590956,mythra_(xenoblade),05_CHARACTER,4,5611,8333,0
1630515,asashio_(kancolle),05_CHARACTER,4,5561,8334,0
615290,hilda_(pokemon),05_CHARACTER,4,5557,8335,0
382074,hiiragi_kagami,05_CHARACTER,4,5548,8336,0
1361469,mutsu_(kancolle),05_CHARACTER,4,5538,8337,0
11941,samus_aran,05_CHARACTER,4,5535,8338,0
456152,kotobuki_tsumugi,05_CHARACTER,4,5533,8339,0
1572405,klee_(genshin_impact),05_CHARACTER,4,5486,8340,0
1405300,kaban_(kemono_friends),05_CHARACTER,4,5475,8341,0
1442946,texas_(arknights),05_CHARACTER,4,5469,8342,0
1630648,female_admiral_(kancolle),05_CHARACTER,4,5463,8343,0
1593598,watson_amelia,05_CHARACTER,4,5462,8344,0
1448306,mordred_(fate),05_CHARACTER,4,5452,8345,0
713720,nishizumi_maho,05_CHARACTER,4,5450,8346,0
11498,kirby,05_CHARACTER,4,5440,8347,0
1631410,tatsuta_(kancolle),05_CHARACTER,4,5434,8348,0
1685272,ouro_kronii,05_CHARACTER,4,5419,8349,0
1651926,kamisato_ayaka,05_CHARACTER,4,5404,8350,0
52967,princess_peach,05_CHARACTER,4,5392,8351,0
1685271,nanashi_mumei,05_CHARACTER,4,5378,8352,0
1464562,minamoto_no_raikou_(fate),05_CHARACTER,4,5372,8353,0
1233706,sekibanki,05_CHARACTER,4,5354,8354,0
713721,itsumi_erika,05_CHARACTER,4,5309,8355,0
10658,emiya_shirou,05_CHARACTER,4,5307,8356,0
710903,meiko_(vocaloid),05_CHARACTER,4,5301,8357,0
383424,aki_minoriko,05_CHARACTER,4,5292,8358,0
593045,minami_kotori,05_CHARACTER,4,5250,8359,0
1645004,rice_shower_(umamusume),05_CHARACTER,4,5249,8360,0
466669,c.c.,05_CHARACTER,4,5237,8361,0
1328650,junko_(touhou),05_CHARACTER,4,5237,8362,0
452021,hieda_no_akyuu,05_CHARACTER,4,5214,8363,0
1610604,tartaglia_(genshin_impact),05_CHARACTER,4,5184,8364,0
382075,izumi_konata,05_CHARACTER,4,5162,8365,0
279302,dio_brando,05_CHARACTER,4,5154,8366,0
1631313,sendai_(kancolle),05_CHARACTER,4,5148,8367,0
1646740,archer_(fate),05_CHARACTER,4,5140,8368,0
1631252,ooi_(kancolle),05_CHARACTER,4,5131,8369,0
405454,aerith_gainsborough,05_CHARACTER,4,5112,8370,0
1564340,paimon_(genshin_impact),05_CHARACTER,4,5111,8371,0
1630531,bismarck_(kancolle),05_CHARACTER,4,5108,8372,0
1680295,mika_(blue_archive),05_CHARACTER,4,5105,8373,0
1293664,musashi_(kancolle),05_CHARACTER,4,5102,8374,0
727352,anchovy_(girls_und_panzer),05_CHARACTER,4,5084,8375,0
1641843,eula_(genshin_impact),05_CHARACTER,4,5081,8376,0
7866,tsukino_usagi,05_CHARACTER,4,5078,8377,0
434767,caesar_anthonio_zeppeli,05_CHARACTER,4,5064,8378,0
1646765,mejiro_mcqueen_(umamusume),05_CHARACTER,4,5064,8379,0
1350123,akashi_(kancolle),05_CHARACTER,4,5046,8380,0
1507496,takao_(kancolle),05_CHARACTER,4,5015,8381,0
1544889,gloria_(pokemon),05_CHARACTER,4,5014,8382,0
1533307,shirogane_noel,05_CHARACTER,4,5012,8383,0
698982,asuna_(sao),05_CHARACTER,4,4984,8384,0
9071,amami_haruka,05_CHARACTER,4,4941,8385,0
1862749,aris_(blue_archive),05_CHARACTER,4,4939,8386,0
1515171,sakura_miko,05_CHARACTER,4,4933,8387,0
1243757,sukuna_shinmyoumaru,05_CHARACTER,4,4931,8388,0
1821363,nahida_(genshin_impact),05_CHARACTER,4,4924,8389,0
1646762,daiwa_scarlet_(umamusume),05_CHARACTER,4,4923,8390,0
1964798,furina_(genshin_impact),05_CHARACTER,4,4919,8391,0
1275730,shiranui_(kancolle),05_CHARACTER,4,4911,8392,0
1478256,medusa_(fate),05_CHARACTER,4,4876,8393,0
1667133,hk416_(girls'_frontline),05_CHARACTER,4,4872,8394,0
510663,yoko_littner,05_CHARACTER,4,4865,8395,0
638500,futatsuiwa_mamizou,05_CHARACTER,4,4856,8396,0
1734279,okita_souji_(koha-ace),05_CHARACTER,4,4843,8397,0
1717604,shenhe_(genshin_impact),05_CHARACTER,4,4835,8398,0
1631305,sazanami_(kancolle),05_CHARACTER,4,4831,8399,0
1631308,souryuu_(kancolle),05_CHARACTER,4,4827,8400,0
1622591,koharu_(blue_archive),05_CHARACTER,4,4810,8401,0
1658781,scaramouche_(genshin_impact),05_CHARACTER,4,4798,8402,0
1682533,nero_claudius_(fate/extra),05_CHARACTER,4,4787,8403,0
1526509,skadi_(arknights),05_CHARACTER,4,4783,8404,0
700403,akiyama_yukari,05_CHARACTER,4,4773,8405,0
1339317,d.va_(overwatch),05_CHARACTER,4,4767,8406,0
1886284,byleth_(female)_(fire_emblem),05_CHARACTER,4,4763,8407,0
1492223,taihou_(azur_lane),05_CHARACTER,4,4758,8408,0
1275727,samidare_(kancolle),05_CHARACTER,4,4749,8409,0
383855,aki_shizuha,05_CHARACTER,4,4736,8410,0
1518950,inugami_korone,05_CHARACTER,4,4735,8411,0
1799500,asuna_(bunny)_(blue_archive),05_CHARACTER,4,4698,8412,0
424565,shijou_takane,05_CHARACTER,4,4697,8413,0
1631484,yamashiro_(kancolle),05_CHARACTER,4,4695,8414,0
12295,letty_whiterock,05_CHARACTER,4,4678,8415,0
701140,komaeda_nagito,05_CHARACTER,4,4673,8416,0
1246753,senketsu,05_CHARACTER,4,4668,8417,0
593044,kousaka_honoka,05_CHARACTER,4,4648,8418,0
466315,ash_ketchum,05_CHARACTER,4,4642,8419,0
1081167,mordred_(fate/apocrypha),05_CHARACTER,4,4628,8420,0
1549061,amane_kanata,05_CHARACTER,4,4622,8421,0
21,suigintou,05_CHARACTER,4,4617,8422,0
1316173,watanabe_you,05_CHARACTER,4,4615,8423,0
1502759,ookami_mio,05_CHARACTER,4,4604,8424,0
1630992,hiei_(kancolle),05_CHARACTER,4,4601,8425,0
1421198,bb_(fate),05_CHARACTER,4,4590,8426,0
1248945,wo-class_aircraft_carrier,05_CHARACTER,4,4585,8427,0
1584986,hoshino_(blue_archive),05_CHARACTER,4,4574,8428,0
1500247,oozora_subaru,05_CHARACTER,4,4572,8429,0
422767,gumi,05_CHARACTER,4,4565,8430,0
1231257,kiryuuin_satsuki,05_CHARACTER,4,4565,8431,0
1631272,ro-500_(kancolle),05_CHARACTER,4,4565,8432,0
1328656,hecatia_lapislazuli,05_CHARACTER,4,4546,8433,0
1631098,kasumi_(kancolle),05_CHARACTER,4,4533,8434,0
1623068,karin_(blue_archive),05_CHARACTER,4,4512,8435,0
9072,kisaragi_chihaya,05_CHARACTER,4,4503,8436,0
1822797,boo_tao_(genshin_impact),05_CHARACTER,4,4485,8437,0
1631042,iowa_(kancolle),05_CHARACTER,4,4482,8438,0
1342225,verniy_(kancolle),05_CHARACTER,4,4458,8439,0
9079,kikuchi_makoto,05_CHARACTER,4,4457,8440,0
1333552,kirishima_(kancolle),05_CHARACTER,4,4444,8441,0
665139,shirasaka_koume,05_CHARACTER,4,4443,8442,0
1511455,yumemi_riamu,05_CHARACTER,4,4426,8443,0
9078,minase_iori,05_CHARACTER,4,4425,8444,0
15550,morrigan_aensland,05_CHARACTER,4,4415,8445,0
422691,oshino_shinobu,05_CHARACTER,4,4414,8446,0
1933188,houshou_marine_(1st_costume),05_CHARACTER,4,4410,8447,0
1646764,gold_ship_(umamusume),05_CHARACTER,4,4394,8448,0
445830,red_(pokemon),05_CHARACTER,4,4387,8449,0
644424,nami_(one_piece),05_CHARACTER,4,4385,8450,0
1561709,bremerton_(azur_lane),05_CHARACTER,4,4381,8451,0
615222,hoshizora_rin,05_CHARACTER,4,4349,8452,0
1440040,atago_(azur_lane),05_CHARACTER,4,4344,8453,0
448496,cynthia_(pokemon),05_CHARACTER,4,4340,8454,0
1529309,anya_(spy_x_family),05_CHARACTER,4,4300,8455,0
1770073,nishikigi_chisato,05_CHARACTER,4,4294,8456,0
1350743,aqua_(konosuba),05_CHARACTER,4,4288,8457,0
1934883,oma_kokichi,05_CHARACTER,4,4286,8458,0
1531312,uruha_rushia,05_CHARACTER,4,4285,8459,0
660315,shimamura_uzuki,05_CHARACTER,4,4275,8460,0
472979,saber_alter,05_CHARACTER,4,4265,8461,0
1292960,midoriya_izuku,05_CHARACTER,4,4252,8462,0
1598280,xiao_(genshin_impact),05_CHARACTER,4,4249,8463,0
1586173,yukihana_lamy,05_CHARACTER,4,4241,8464,0
1644978,agnes_tachyon_(umamusume),05_CHARACTER,4,4239,8465,0
13270,cammy_white,05_CHARACTER,4,4227,8466,0
460796,ex-keine,05_CHARACTER,4,4216,8467,0
1586175,shishiro_botan,05_CHARACTER,4,4216,8468,0
1440089,prinz_eugen_(azur_lane),05_CHARACTER,4,4210,8469,0
1719003,sakamata_chloe,05_CHARACTER,4,4204,8470,0
1769318,jeanne_d'arc_(ruler)_(fate),05_CHARACTER,4,4191,8471,0
1631502,yuubari_(kancolle),05_CHARACTER,4,4181,8472,0
425446,ganaha_hibiki,05_CHARACTER,4,4177,8473,0
1561704,higuchi_madoka,05_CHARACTER,4,4165,8474,0
1646761,tokai_teio_(umamusume),05_CHARACTER,4,4163,8475,0
1629450,meltryllis_(fate),05_CHARACTER,4,4162,8476,0
1435314,oyama_mahiro,05_CHARACTER,4,4155,8477,0
701382,hinata_hajime,05_CHARACTER,4,4152,8478,0
665166,takagaki_kaede,05_CHARACTER,4,4133,8479,0
1536480,formidable_(azur_lane),05_CHARACTER,4,4129,8480,0
1233049,sagisawa_fumika,05_CHARACTER,4,4117,8481,0
1631121,kiso_(kancolle),05_CHARACTER,4,4089,8482,0
1569865,karyl_(princess_connect!),05_CHARACTER,4,4076,8483,0
1515819,power_(chainsaw_man),05_CHARACTER,4,4069,8484,0
1442306,zero_two_(darling_in_the_franxx),05_CHARACTER,4,4068,8485,0
16266,son_goku,05_CHARACTER,4,4066,8486,0
1630996,hiryuu_(kancolle),05_CHARACTER,4,4047,8487,0
9750,asahina_mikuru,05_CHARACTER,4,4045,8488,0
1586112,frieren,05_CHARACTER,4,4045,8489,0
1233712,wakasagihime,05_CHARACTER,4,4042,8490,0
1341413,djeeta_(granblue_fantasy),05_CHARACTER,4,4001,8491,0
646093,ultimate_madoka,05_CHARACTER,4,3994,8492,0
1627707,miyamoto_musashi_(fate),05_CHARACTER,4,3988,8493,0
12257,ikari_shinji,05_CHARACTER,4,3960,8494,0
1328609,kishin_sagume,05_CHARACTER,4,3942,8495,0
1933162,gawr_gura_(1st_costume),05_CHARACTER,4,3915,8496,0
1630687,graf_zeppelin_(kancolle),05_CHARACTER,4,3910,8497,0
1649150,medusa_(rider)_(fate),05_CHARACTER,4,3872,8498,0
1527899,kitagawa_marin,05_CHARACTER,4,3869,8499,0
1805355,suletta_mercury,05_CHARACTER,4,3861,8500,0
1452466,ereshkigal_(fate),05_CHARACTER,4,3850,8501,0
1934951,saihara_shuichi,05_CHARACTER,4,3849,8502,0
1514981,selene_(pokemon),05_CHARACTER,4,3845,8503,0
1236324,serena_(pokemon),05_CHARACTER,4,3829,8504,0
781225,lucina_(fire_emblem),05_CHARACTER,4,3806,8505,0
592976,koizumi_hanayo,05_CHARACTER,4,3794,8506,0
1627592,ishtar_(fate),05_CHARACTER,4,3781,8507,0
1491767,murasaki_shion,05_CHARACTER,4,3780,8508,0
8882,lily_white,05_CHARACTER,4,3774,8509,0
670056,kuroki_tomoko,05_CHARACTER,4,3767,8510,0
1528907,corrin_(fire_emblem),05_CHARACTER,4,3761,8511,0
3030,mario,05_CHARACTER,4,3760,8512,0
664384,jougasaki_mika,05_CHARACTER,4,3739,8513,0
1312747,hestia_(danmachi),05_CHARACTER,4,3738,8514,0
1440003,belfast_(azur_lane),05_CHARACTER,4,3736,8515,0
9075,takatsuki_yayoi,05_CHARACTER,4,3733,8516,0
1509133,sirius_(azur_lane),05_CHARACTER,4,3733,8517,0
1524374,lappland_(arknights),05_CHARACTER,4,3725,8518,0
9681,kyon,05_CHARACTER,4,3707,8519,0
1493247,bowsette,05_CHARACTER,4,3701,8520,0
1292959,uraraka_ochako,05_CHARACTER,4,3695,8521,0
1549082,kiryu_coco,05_CHARACTER,4,3693,8522,0
1719009,la+_darknesss,05_CHARACTER,4,3690,8523,0
660302,ahri_(league_of_legends),05_CHARACTER,4,3689,8524,0
663994,kanzaki_ranko,05_CHARACTER,4,3666,8525,0
496900,black_rock_shooter_(character),05_CHARACTER,4,3658,8526,0
1631228,naka_(kancolle),05_CHARACTER,4,3658,8527,0
11055,furude_rika,05_CHARACTER,4,3652,8528,0
8048,sailor_moon,05_CHARACTER,4,3646,8529,0
11853,haruno_sakura,05_CHARACTER,4,3632,8530,0
700407,takebe_saori,05_CHARACTER,4,3615,8531,0
1929196,toki_(bunny)_(blue_archive),05_CHARACTER,4,3609,8532,0
1811190,nilou_(genshin_impact),05_CHARACTER,4,3606,8533,0
591909,stocking_(psg),05_CHARACTER,4,3600,8534,0
445932,eevee,05_CHARACTER,4,3597,8535,0
1933177,usada_pekora_(1st_costume),05_CHARACTER,4,3596,8536,0
1316172,tsushima_yoshiko,05_CHARACTER,4,3590,8537,0
620127,narukami_yuu,05_CHARACTER,4,3570,8538,0
413714,kisume,05_CHARACTER,4,3567,8539,0
1631521,zuihou_(kancolle),05_CHARACTER,4,3567,8540,0
1649152,cu_chulainn_(fate/stay_night),05_CHARACTER,4,3560,8541,0
1500444,commander_(azur_lane),05_CHARACTER,4,3546,8542,0
1757377,yelan_(genshin_impact),05_CHARACTER,4,3534,8543,0
1770074,inoue_takina,05_CHARACTER,4,3521,8544,0
593780,super_sonico,05_CHARACTER,4,3516,8545,0
1630645,fairy_(kancolle),05_CHARACTER,4,3511,8546,0
1500246,nakiri_ayame,05_CHARACTER,4,3506,8547,0
1585359,seaport_princess,05_CHARACTER,4,3498,8548,0
1782917,kita_ikuyo,05_CHARACTER,4,3494,8549,0
1275725,naganami_(kancolle),05_CHARACTER,4,3490,8550,0
1705933,monster_hunter_(character),05_CHARACTER,4,3486,8551,0
1533296,shiranui_flare,05_CHARACTER,4,3486,8552,0
1582962,fischl_(genshin_impact),05_CHARACTER,4,3486,8553,0
1584990,arona_(blue_archive),05_CHARACTER,4,3485,8554,0
1515818,denji_(chainsaw_man),05_CHARACTER,4,3464,8555,0
1378250,i-19_(kancolle),05_CHARACTER,4,3463,8556,0
1685270,hakos_baelz,05_CHARACTER,4,3460,8557,0
1265245,ichinose_shiki,05_CHARACTER,4,3458,8558,0
14152,kakyoin_noriaki,05_CHARACTER,4,3455,8559,0
1159816,mirko,05_CHARACTER,4,3450,8560,0
466818,misty_(pokemon),05_CHARACTER,4,3444,8561,0
687394,nitta_minami,05_CHARACTER,4,3432,8562,0
1480186,takarada_rikka,05_CHARACTER,4,3429,8563,0
550231,gokou_ruri,05_CHARACTER,4,3426,8564,0
1271042,kiana_kaslana,05_CHARACTER,4,3422,8565,0
1660592,hanako_(blue_archive),05_CHARACTER,4,3418,8566,0
1893407,kisaki_(blue_archive),05_CHARACTER,4,3414,8567,0
1646759,silence_suzuka_(umamusume),05_CHARACTER,4,3402,8568,0
1532725,edelgard_von_hresvelg,05_CHARACTER,4,3389,8569,0
413395,kujo_jolyne,05_CHARACTER,4,3386,8570,0
633863,tachibana_arisu,05_CHARACTER,4,3383,8571,0
12309,medicine_melancholy,05_CHARACTER,4,3378,8572,0
1440013,unicorn_(azur_lane),05_CHARACTER,4,3378,8573,0
1643885,mari_(blue_archive),05_CHARACTER,4,3373,8574,0
1275724,murasame_(kancolle),05_CHARACTER,4,3372,8575,0
1533759,barbara_(genshin_impact),05_CHARACTER,4,3364,8576,0
1317066,doremy_sweet,05_CHARACTER,4,3339,8577,0
1509453,fu_hua,05_CHARACTER,4,3335,8578,0
1462685,kokkoro_(princess_connect!),05_CHARACTER,4,3331,8579,0
662047,sanya_v._litvyak,05_CHARACTER,4,3326,8580,0
634453,barnaby_brooks_jr.,05_CHARACTER,4,3325,8581,0
12296,lunasa_prismriver,05_CHARACTER,4,3322,8582,0
1631482,yamakaze_(kancolle),05_CHARACTER,4,3307,8583,0
1580066,suzuran_(arknights),05_CHARACTER,4,3307,8584,0
413396,giorno_giovanna,05_CHARACTER,4,3302,8585,0
1316171,sakurauchi_riko,05_CHARACTER,4,3297,8586,0
1054766,chloe_von_einzbern,05_CHARACTER,4,3276,8587,0
1499605,natsuiro_matsuri,05_CHARACTER,4,3276,8588,0
1507493,maya_(kancolle),05_CHARACTER,4,3273,8589,0
421104,eila_ilmatar_juutilainen,05_CHARACTER,4,3269,8590,0
1667136,ump45_(girls'_frontline),05_CHARACTER,4,3266,8591,0
1599614,jean_(genshin_impact),05_CHARACTER,4,3261,8592,0
1644992,manhattan_cafe_(umamusume),05_CHARACTER,4,3260,8593,0
12355,uzumaki_naruto,05_CHARACTER,4,3259,8594,0
1799218,trailblazer_(honkai:_star_rail),05_CHARACTER,4,3258,8595,0
1292961,bakugou_katsuki,05_CHARACTER,4,3250,8596,0
713714,kay_(girls_und_panzer),05_CHARACTER,4,3244,8597,0
1631984,ako_(blue_archive),05_CHARACTER,4,3242,8598,0
1447551,florence_nightingale_(fate),05_CHARACTER,4,3239,8599,0
407911,jonathan_joestar,05_CHARACTER,4,3237,8600,0
1631030,i-58_(kancolle),05_CHARACTER,4,3236,8601,0
1805391,miorine_rembran,05_CHARACTER,4,3230,8602,0
1678980,sangonomiya_kokomi,05_CHARACTER,4,3226,8603,0
1442947,ch'en_(arknights),05_CHARACTER,4,3225,8604,0
1317065,usami_sumireko,05_CHARACTER,4,3218,8605,0
724152,anastasia_(idolmaster),05_CHARACTER,4,3206,8606,0
1865359,rio_(blue_archive),05_CHARACTER,4,3204,8607,0
649985,kaburagi_t._kotetsu,05_CHARACTER,4,3203,8608,0
8553,yagami_hayate,05_CHARACTER,4,3199,8609,0
539110,yuki_miku,05_CHARACTER,4,3198,8610,0
12107,kotomine_kirei,05_CHARACTER,4,3194,8611,0
563892,kirito,05_CHARACTER,4,3194,8612,0
620175,mikasa_ackerman,05_CHARACTER,4,3194,8613,0
1782915,ijichi_nijika,05_CHARACTER,4,3192,8614,0
1525541,gojou_satoru,05_CHARACTER,4,3188,8615,0
382076,hiiragi_tsukasa,05_CHARACTER,4,3174,8616,0
1468120,nakano_nino,05_CHARACTER,4,3168,8617,0
1627605,kama_(fate),05_CHARACTER,4,3160,8618,0
1325863,robin_(fire_emblem),05_CHARACTER,4,3159,8619,0
660098,futaba_anzu,05_CHARACTER,4,3158,8620,0
722007,katyusha_(girls_und_panzer),05_CHARACTER,4,3152,8621,0
1342592,shimada_arisu,05_CHARACTER,4,3149,8622,0
649693,jack_the_ripper_(fate/apocrypha),05_CHARACTER,4,3149,8623,0
665397,koshimizu_sachiko,05_CHARACTER,4,3146,8624,0
711691,motoori_kosuzu,05_CHARACTER,4,3133,8625,0
1442945,exusiai_(arknights),05_CHARACTER,4,3129,8626,0
1524970,reisalin_stout,05_CHARACTER,4,3126,8627,0
437574,shirai_kuroko,05_CHARACTER,4,3120,8628,0
1295748,mercy_(overwatch),05_CHARACTER,4,3119,8629,0
13543,hyuuga_hinata,05_CHARACTER,4,3115,8630,0
1594094,pecorine_(princess_connect!),05_CHARACTER,4,3109,8631,0
1645002,nice_nature_(umamusume),05_CHARACTER,4,3108,8632,0
1544892,raihan_(pokemon),05_CHARACTER,4,3099,8633,0
1478507,iskandar_(fate),05_CHARACTER,4,3097,8634,0
1275713,akigumo_(kancolle),05_CHARACTER,4,3088,8635,0
1337035,leon_(pokemon),05_CHARACTER,4,3088,8636,0
1441167,ayanami_(azur_lane),05_CHARACTER,4,3086,8637,0
419123,shirogane_naoto,05_CHARACTER,4,3085,8638,0
1792624,kafka_(honkai:_star_rail),05_CHARACTER,4,3072,8639,0
1599722,aru_(blue_archive),05_CHARACTER,4,3072,8640,0
527774,monkey_d._luffy,05_CHARACTER,4,3059,8641,0
11349,ryuuguu_rena,05_CHARACTER,4,3055,8642,0
1240694,ruby_rose,05_CHARACTER,4,3040,8643,0
1333466,emilia_(re:zero),05_CHARACTER,4,3036,8644,0
403357,nia_teppelin,05_CHARACTER,4,3029,8645,0
1631514,z1_leberecht_maass_(kancolle),05_CHARACTER,4,3027,8646,0
1566117,kal'tsit_(arknights),05_CHARACTER,4,3021,8647,0
12514,shiranui_mai,05_CHARACTER,4,3018,8648,0
1628204,momoi_(blue_archive),05_CHARACTER,4,3009,8649,0
1462591,narmaya_(granblue_fantasy),05_CHARACTER,4,3008,8650,0
8956,star_sapphire,05_CHARACTER,4,3006,8651,0
1276066,hoto_cocoa,05_CHARACTER,4,3002,8652,0
1417248,common_raccoon_(kemono_friends),05_CHARACTER,4,3001,8653,0
682208,bridget_(guilty_gear),05_CHARACTER,4,2999,8654,0
1452972,yorigami_shion,05_CHARACTER,4,2996,8655,0
1631389,taihou_(kancolle),05_CHARACTER,4,2992,8656,0
1768637,miyu_(blue_archive),05_CHARACTER,4,2992,8657,0
398775,sheryl_nome,05_CHARACTER,4,2983,8658,0
375279,waver_velvet,05_CHARACTER,4,2981,8659,0
1919321,plana_(blue_archive),05_CHARACTER,4,2977,8660,0
1283598,bronya_zaychik,05_CHARACTER,4,2976,8661,0
1685269,ceres_fauna,05_CHARACTER,4,2971,8662,0
1595577,surtr_(arknights),05_CHARACTER,4,2964,8663,0
411462,aisaka_taiga,05_CHARACTER,4,2963,8664,0
407910,higashikata_josuke,05_CHARACTER,4,2963,8665,0
1443053,nakano_miku,05_CHARACTER,4,2960,8666,0
9077,miura_azusa,05_CHARACTER,4,2957,8667,0
1631516,z3_max_schultz_(kancolle),05_CHARACTER,4,2957,8668,0
1886276,corrin_(female)_(fire_emblem),05_CHARACTER,4,2957,8669,0
1316036,takami_chika,05_CHARACTER,4,2950,8670,0
721694,tatsumaki,05_CHARACTER,4,2948,8671,0
1630673,fusou_(kancolle),05_CHARACTER,4,2946,8672,0
1631134,kuma_(kancolle),05_CHARACTER,4,2943,8673,0
1852825,iono_(pokemon),05_CHARACTER,4,2940,8674,0
1631474,warspite_(kancolle),05_CHARACTER,4,2939,8675,0
663996,jougasaki_rika,05_CHARACTER,4,2933,8676,0
1448715,kizuna_akari,05_CHARACTER,4,2932,8677,0
1593453,fern_(sousou_no_frieren),05_CHARACTER,4,2930,8678,0
1622307,hasumi_(blue_archive),05_CHARACTER,4,2930,8679,0
1435236,oda_nobunaga_(fate),05_CHARACTER,4,2927,8680,0
700406,reizei_mako,05_CHARACTER,4,2922,8681,0
16122,nico_robin,05_CHARACTER,4,2917,8682,0
1630489,aoba_(kancolle),05_CHARACTER,4,2915,8683,0
1675937,kaedehara_kazuha,05_CHARACTER,4,2906,8684,0
9074,hagiwara_yukiho,05_CHARACTER,4,2902,8685,0
1275726,oboro_(kancolle),05_CHARACTER,4,2901,8686,0
1431828,elizabeth_bathory_(fate),05_CHARACTER,4,2899,8687,0
1629409,artoria_pendragon_(lancer)_(fate),05_CHARACTER,4,2898,8688,0
761961,weiss_schnee,05_CHARACTER,4,2898,8689,0
8955,luna_child,05_CHARACTER,4,2884,8690,0
664492,maekawa_miku,05_CHARACTER,4,2884,8691,0
1515525,mayuzumi_fuyuko,05_CHARACTER,4,2883,8692,0
1631023,i-401_(kancolle),05_CHARACTER,4,2878,8693,0
1682833,satono_diamond_(umamusume),05_CHARACTER,4,2877,8694,0
508752,pyonta,05_CHARACTER,4,2876,8695,0
1380244,kumano_(kancolle),05_CHARACTER,4,2876,8696,0
1593304,don-chan_(usada_pekora),05_CHARACTER,4,2876,8697,0
1530284,bea_(pokemon),05_CHARACTER,4,2875,8698,0
1933159,shirakami_fubuki_(1st_costume),05_CHARACTER,4,2868,8699,0
344358,roronoa_zoro,05_CHARACTER,4,2867,8700,0
476837,holo,05_CHARACTER,4,2853,8701,0
1262414,izumi_sagiri,05_CHARACTER,4,2851,8702,0
406263,satonaka_chie,05_CHARACTER,4,2848,8703,0
1526515,nessa_(pokemon),05_CHARACTER,4,2848,8704,0
2075923,octoling_player_character,05_CHARACTER,4,2838,8705,0
1440018,illustrious_(azur_lane),05_CHARACTER,4,2837,8706,0
1435235,nitocris_(fate),05_CHARACTER,4,2836,8707,0
1271044,raiden_mei,05_CHARACTER,4,2828,8708,0
758462,kirigiri_kyoko,05_CHARACTER,4,2827,8709,0
1405055,fennec_(kemono_friends),05_CHARACTER,4,2825,8710,0
466393,lelouch_vi_britannia,05_CHARACTER,4,2822,8711,0
1429424,tokitsukaze_(kancolle),05_CHARACTER,4,2821,8712,0
8954,sunny_milk,05_CHARACTER,4,2820,8713,0
1602944,mudrock_(arknights),05_CHARACTER,4,2811,8714,0
1631239,non-human_admiral_(kancolle),05_CHARACTER,4,2804,8715,0
512930,alice_(alice_in_wonderland),05_CHARACTER,4,2801,8716,0
626945,shokuhou_misaki,05_CHARACTER,4,2794,8717,0
1631303,satsuki_(kancolle),05_CHARACTER,4,2791,8718,0
1246772,mankanshoku_mako,05_CHARACTER,4,2786,8719,0
1627620,kiyohime_(fate),05_CHARACTER,4,2781,8720,0
401823,sonic_the_hedgehog,05_CHARACTER,4,2776,8721,0
660394,midorikawa_nao,05_CHARACTER,4,2775,8722,0
539789,beatrice_(umineko),05_CHARACTER,4,2772,8723,0
1664919,yoimiya_(genshin_impact),05_CHARACTER,4,2771,8724,0
1631194,mogami_(kancolle),05_CHARACTER,4,2770,8725,0
1275732,uzuki_(kancolle),05_CHARACTER,4,2769,8726,0
1361608,boko_(girls_und_panzer),05_CHARACTER,4,2763,8727,0
1631010,hyuuga_(kancolle),05_CHARACTER,4,2760,8728,0
1630519,ashigara_(kancolle),05_CHARACTER,4,2755,8729,0
378867,dark_magician_girl,05_CHARACTER,4,2752,8730,0
1403841,yoshida_yuuko_(machikado_mazoku),05_CHARACTER,4,2752,8731,0
1533761,amber_(genshin_impact),05_CHARACTER,4,2748,8732,0
9076,akizuki_ritsuko,05_CHARACTER,4,2740,8733,0
660393,kise_yayoi,05_CHARACTER,4,2737,8734,0
527779,han_juri,05_CHARACTER,4,2734,8735,0
510605,makise_kurisu,05_CHARACTER,4,2733,8736,0
603070,charlotte_(madoka_magica),05_CHARACTER,4,2728,8737,0
1055516,akari_(pokemon),05_CHARACTER,4,2724,8738,0
1387675,kamado_nezuko,05_CHARACTER,4,2721,8739,0
1682831,kitasan_black_(umamusume),05_CHARACTER,4,2721,8740,0
1452342,amamiya_ren,05_CHARACTER,4,2717,8741,0
1465315,tomoe_gozen_(fate),05_CHARACTER,4,2717,8742,0
1631081,kagerou_(kancolle),05_CHARACTER,4,2714,8743,0
1845992,noa_(blue_archive),05_CHARACTER,4,2713,8744,0
1631452,urakaze_(kancolle),05_CHARACTER,4,2704,8745,0
1628203,midori_(blue_archive),05_CHARACTER,4,2700,8746,0
1275731,shiratsuyu_(kancolle),05_CHARACTER,4,2695,8747,0
1631126,kiyoshimo_(kancolle),05_CHARACTER,4,2695,8748,0
1682871,kazusa_(blue_archive),05_CHARACTER,4,2684,8749,0
12405,nagisa_kaworu,05_CHARACTER,4,2677,8750,0
1762231,kirima_syaro,05_CHARACTER,4,2677,8751,0
466559,kouzuki_kallen,05_CHARACTER,4,2672,8752,0
707204,dizzy_(guilty_gear),05_CHARACTER,4,2671,8753,0
1337527,mika_(girls_und_panzer),05_CHARACTER,4,2671,8754,0
1964868,yamada_ryo,05_CHARACTER,4,2670,8755,0
1631066,jintsuu_(kancolle),05_CHARACTER,4,2669,8756,0
473279,unzan,05_CHARACTER,4,2665,8757,0
601487,enoshima_junko,05_CHARACTER,4,2658,8758,0
471219,kousaka_kirino,05_CHARACTER,4,2657,8759,0
1672736,twilight_(spy_x_family),05_CHARACTER,4,2656,8760,0
11053,houjou_satoko,05_CHARACTER,4,2655,8761,0
700933,hayami_kanade,05_CHARACTER,4,2645,8762,0
1385142,isokaze_(kancolle),05_CHARACTER,4,2629,8763,0
1602206,qiqi_(genshin_impact),05_CHARACTER,4,2624,8764,0
1333601,ram_(re:zero),05_CHARACTER,4,2621,8765,0
1631447,unryuu_(kancolle),05_CHARACTER,4,2619,8766,0
1236625,eren_yeager,05_CHARACTER,4,2617,8767,0
1318502,callie_(splatoon),05_CHARACTER,4,2609,8768,0
1630524,atlanta_(kancolle),05_CHARACTER,4,2607,8769,0
1540881,w_(arknights),05_CHARACTER,4,2604,8770,0
1275717,hatsuyuki_(kancolle),05_CHARACTER,4,2600,8771,0
1670936,accelerator_(toaru_majutsu_no_index),05_CHARACTER,4,2597,8772,0
1596241,diluc_(genshin_impact),05_CHARACTER,4,2596,8773,0
1799501,karin_(bunny)_(blue_archive),05_CHARACTER,4,2589,8774,0
438339,rotom,05_CHARACTER,4,2585,8775,0
12094,arcueid_brunestud,05_CHARACTER,4,2582,8776,0
499269,miyu_edelfelt,05_CHARACTER,4,2577,8777,0
1667138,wa2000_(girls'_frontline),05_CHARACTER,4,2565,8778,0
414822,miyafuji_yoshika,05_CHARACTER,4,2564,8779,0
1646757,special_week_(umamusume),05_CHARACTER,4,2559,8780,0
1193071,yuuki_makoto_(persona_3),05_CHARACTER,4,2549,8781,0
658637,chitanda_eru,05_CHARACTER,4,2548,8782,0
1398811,kanna_kamui,05_CHARACTER,4,2546,8783,0
1631385,taigei_(kancolle),05_CHARACTER,4,2539,8784,0
1631174,michishio_(kancolle),05_CHARACTER,4,2533,8785,0
12112,emiya_kiritsugu,05_CHARACTER,4,2532,8786,0
1378260,lana_(pokemon),05_CHARACTER,4,2529,8787,0
414823,erica_hartmann,05_CHARACTER,4,2528,8788,0
1452975,yorigami_jo'on,05_CHARACTER,4,2525,8789,0
1631299,saratoga_(kancolle),05_CHARACTER,4,2518,8790,0
1464778,nakano_yotsuba,05_CHARACTER,4,2515,8791,0
1630472,akitsu_maru_(kancolle),05_CHARACTER,4,2514,8792,0
1806092,shiroko_(swimsuit)_(blue_archive),05_CHARACTER,4,2512,8793,0
438007,kamijou_touma,05_CHARACTER,4,2510,8794,0
1596439,mutsuki_(blue_archive),05_CHARACTER,4,2508,8795,0
717140,hishikawa_rikka,05_CHARACTER,4,2506,8796,0
1366306,rowlet,05_CHARACTER,4,2493,8797,0
1467675,symboli_rudolf_(umamusume),05_CHARACTER,4,2493,8798,0
1440130,laffey_(azur_lane),05_CHARACTER,4,2477,8799,0
670005,yukine_chris,05_CHARACTER,4,2471,8800,0
12297,merlin_prismriver,05_CHARACTER,4,2465,8801,0
1630723,hatsuzuki_(kancolle),05_CHARACTER,4,2465,8802,0
12564,uchiha_sasuke,05_CHARACTER,4,2464,8803,0
1318503,marie_(splatoon),05_CHARACTER,4,2462,8804,0
1481047,akai_haato,05_CHARACTER,4,2459,8805,0
1702683,diarmuid_ua_duibhne_(lancer)_(fate),05_CHARACTER,4,2458,8806,0
439625,kaenbyou_rin_(cat),05_CHARACTER,4,2457,8807,0
10284,asakura_ryouko,05_CHARACTER,4,2456,8808,0
1631478,yahagi_(kancolle),05_CHARACTER,4,2454,8809,0
1449263,nia_(xenoblade),05_CHARACTER,4,2449,8810,0
1627610,katsushika_hokusai_(fate),05_CHARACTER,4,2448,8811,0
1589924,simon_(ttgl),05_CHARACTER,4,2447,8812,0
554006,tachibana_kanade,05_CHARACTER,4,2443,8813,0
4587,shana,05_CHARACTER,4,2441,8814,0
9081,futami_mami,05_CHARACTER,4,2441,8815,0
482064,makinami_mari_illustrious,05_CHARACTER,4,2440,8816,0
660390,aoki_reika,05_CHARACTER,4,2440,8817,0
1630708,harusame_(kancolle),05_CHARACTER,4,2440,8818,0
1432467,morgan_le_fay_(fate),05_CHARACTER,4,2432,8819,0
1440202,enterprise_(azur_lane),05_CHARACTER,4,2425,8820,0
557446,ethan_(pokemon),05_CHARACTER,4,2422,8821,0
420872,gertrud_barkhorn,05_CHARACTER,4,2417,8822,0
1598223,kayoko_(blue_archive),05_CHARACTER,4,2416,8823,0
1440020,takao_(azur_lane),05_CHARACTER,4,2415,8824,0
1701171,march_7th_(honkai:_star_rail),05_CHARACTER,4,2412,8825,0
1399517,tippy_(gochiusa),05_CHARACTER,4,2407,8826,0
12298,lyrica_prismriver,05_CHARACTER,4,2406,8827,0
1279297,yura_(kancolle),05_CHARACTER,4,2404,8828,0
1719005,hakui_koyori,05_CHARACTER,4,2401,8829,0
1758613,ui_(blue_archive),05_CHARACTER,4,2399,8830,0
1250855,hex_maniac_(pokemon),05_CHARACTER,4,2390,8831,0
394317,rosalina,05_CHARACTER,4,2388,8832,0
394054,louise_francoise_le_blanc_de_la_valliere,05_CHARACTER,4,2383,8833,0
1674212,irys_(hololive),05_CHARACTER,4,2379,8834,0
1341257,toga_himiko,05_CHARACTER,4,2378,8835,0
1459161,tsukino_mito,05_CHARACTER,4,2378,8836,0
1933166,ninomae_ina'nis_(1st_costume),05_CHARACTER,4,2365,8837,0
1933165,watson_amelia_(1st_costume),05_CHARACTER,4,2364,8838,0
573907,blue_oak,05_CHARACTER,4,2357,8839,0
1634527,arima_kana,05_CHARACTER,4,2357,8840,0
1525544,itadori_yuuji,05_CHARACTER,4,2353,8841,0
1932888,yuuka_(track)_(blue_archive),05_CHARACTER,4,2353,8842,0
1620953,hifumi_(blue_archive),05_CHARACTER,4,2349,8843,0
1311294,gran_(granblue_fantasy),05_CHARACTER,4,2345,8844,0
1447375,tamamo_cat_(fate),05_CHARACTER,4,2336,8845,0
700404,isuzu_hana,05_CHARACTER,4,2334,8846,0
1432299,matara_okina,05_CHARACTER,4,2332,8847,0
1817174,inkling_boy,05_CHARACTER,4,2331,8848,0
1630695,haguro_(kancolle),05_CHARACTER,4,2329,8849,0
1255756,t-head_admiral,05_CHARACTER,4,2325,8850,0
1544632,mostima_(arknights),05_CHARACTER,4,2324,8851,0
1631206,mutsuki_(kancolle),05_CHARACTER,4,2321,8852,0
1440110,akagi_(azur_lane),05_CHARACTER,4,2312,8853,0
436994,sakurai_momoka,05_CHARACTER,4,2300,8854,0
409162,senjougahara_hitagi,05_CHARACTER,4,2298,8855,0
454513,hanekawa_tsubasa,05_CHARACTER,4,2298,8856,0
395970,ranka_lee,05_CHARACTER,4,2293,8857,0
1483850,napoleon_bonaparte_(fate),05_CHARACTER,4,2290,8858,0
549180,kashiwazaki_sena,05_CHARACTER,4,2289,8859,0
1267920,re-class_battleship,05_CHARACTER,4,2289,8860,0
1549045,tsunomaki_watame,05_CHARACTER,4,2288,8861,0
1631440,u-511_(kancolle),05_CHARACTER,4,2286,8862,0
385134,ushiromiya_battler,05_CHARACTER,4,2284,8863,0
615289,hilbert_(pokemon),05_CHARACTER,4,2281,8864,0
1814848,takodachi_(ninomae_ina'nis),05_CHARACTER,4,2281,8865,0
1257126,p-head_producer,05_CHARACTER,4,2279,8866,0
99,shinku,05_CHARACTER,4,2278,8867,0
772426,ohtsuki_yui,05_CHARACTER,4,2278,8868,0
1287911,hino_akane_(smile_precure!),05_CHARACTER,4,2274,8869,0
1624414,neru_(blue_archive),05_CHARACTER,4,2274,8870,0
1234829,yang_xiao_long,05_CHARACTER,4,2272,8871,0
1316167,kurosawa_dia,05_CHARACTER,4,2271,8872,0
1316169,matsuura_kanan,05_CHARACTER,4,2270,8873,0
386434,piplup,05_CHARACTER,4,2260,8874,0
1630477,akizuki_(kancolle),05_CHARACTER,4,2251,8875,0
403861,kyonko,05_CHARACTER,4,2250,8876,0
1586177,omaru_polka,05_CHARACTER,4,2242,8877,0
1667140,ump9_(girls'_frontline),05_CHARACTER,4,2239,8878,0
1765430,jeanne_d'arc_alter_(swimsuit_berserker)_(fate),05_CHARACTER,4,2239,8879,0
1931043,stelle_(honkai:_star_rail),05_CHARACTER,4,2234,8880,0
1384409,akamatsu_kaede,05_CHARACTER,4,2224,8881,0
1631032,i-8_(kancolle),05_CHARACTER,4,2223,8882,0
1440070,kaga_(azur_lane),05_CHARACTER,4,2222,8883,0
1630210,abukuma_(kancolle),05_CHARACTER,4,2217,8884,0
615600,toshinou_kyouko,05_CHARACTER,4,2216,8885,0
1631433,tone_(kancolle),05_CHARACTER,4,2214,8886,0
1402355,kagari_atsuko,05_CHARACTER,4,2206,8887,0
1631333,shikinami_(kancolle),05_CHARACTER,4,2202,8888,0
445847,charizard,05_CHARACTER,4,2197,8889,0
1860581,wanderer_(genshin_impact),05_CHARACTER,4,2194,8890,0
1250847,junketsu,05_CHARACTER,4,2190,8891,0
598066,houjou_hibiki,05_CHARACTER,4,2189,8892,0
1623528,dodoco_(genshin_impact),05_CHARACTER,4,2186,8893,0
1252196,akuma_homura,05_CHARACTER,4,2185,8894,0
1933160,inugami_korone_(1st_costume),05_CHARACTER,4,2185,8895,0
1719006,kazama_iroha,05_CHARACTER,4,2183,8896,0
4906,lum,05_CHARACTER,4,2182,8897,0
1789597,asakura_toru,05_CHARACTER,4,2182,8898,0
1933144,sakamata_chloe_(1st_costume),05_CHARACTER,4,2178,8899,0
9080,futami_ami,05_CHARACTER,4,2176,8900,0
666034,akagi_miria,05_CHARACTER,4,2175,8901,0
853361,bb_(fate/extra),05_CHARACTER,4,2174,8902,0
1388692,touhoku_kiritan,05_CHARACTER,4,2174,8903,0
1786496,artoria_caster_(fate),05_CHARACTER,4,2173,8904,0
1631090,kamikaze_(kancolle),05_CHARACTER,4,2170,8905,0
1467925,vodka_(umamusume),05_CHARACTER,4,2170,8906,0
1631116,kisaragi_(kancolle),05_CHARACTER,4,2168,8907,0
1467838,oguri_cap_(umamusume),05_CHARACTER,4,2168,8908,0
1183449,nonna_(girls_und_panzer),05_CHARACTER,4,2167,8909,0
1602199,ningguang_(genshin_impact),05_CHARACTER,4,2166,8910,0
171918,android_18,05_CHARACTER,4,2164,8911,0
1316166,kunikida_hanamaru,05_CHARACTER,4,2164,8912,0
657125,ia_(vocaloid),05_CHARACTER,4,2163,8913,0
662472,takanashi_rikka,05_CHARACTER,4,2161,8914,0
1525545,fushiguro_megumi,05_CHARACTER,4,2159,8915,0
1990869,adventurer_(ff11),05_CHARACTER,4,2156,8916,0
1525756,sonia_(pokemon),05_CHARACTER,4,2153,8917,0
1677019,baobhan_sith_(fate),05_CHARACTER,4,2149,8918,0
476084,saten_ruiko,05_CHARACTER,4,2145,8919,0
1408667,kochou_shinobu,05_CHARACTER,4,2145,8920,0
12106,kousaka_tamaki,05_CHARACTER,4,2144,8921,0
717136,aida_mana,05_CHARACTER,4,2143,8922,0
1680379,mash_kyrielight_(dangerous_beast),05_CHARACTER,4,2132,8923,0
416172,kujikawa_rise,05_CHARACTER,4,2131,8924,0
1631265,pola_(kancolle),05_CHARACTER,4,2125,8925,0
1631188,miyuki_(kancolle),05_CHARACTER,4,2123,8926,0
1488442,bb_(swimsuit_mooncancer)_(fate),05_CHARACTER,4,2122,8927,0
1459170,hachimiya_meguru,05_CHARACTER,4,2119,8928,0
553633,lyra_(pokemon),05_CHARACTER,4,2117,8929,0
1467626,anastasia_(fate),05_CHARACTER,4,2115,8930,0
1682888,saori_(blue_archive),05_CHARACTER,4,2114,8931,0
1533460,lysithea_von_ordelia,05_CHARACTER,4,2106,8932,0
591906,panty_(psg),05_CHARACTER,4,2103,8933,0
1630675,gambier_bay_(kancolle),05_CHARACTER,4,2103,8934,0
1251354,phosphophyllite,05_CHARACTER,4,2099,8935,0
405240,amagi_yukiko,05_CHARACTER,4,2098,8936,0
1627569,fou_(fate),05_CHARACTER,4,2092,8937,0
1533066,hilda_valentine_goneril,05_CHARACTER,4,2090,8938,0
691541,perrine_h._clostermann,05_CHARACTER,4,2086,8939,0
713449,morikubo_nono,05_CHARACTER,4,2086,8940,0
1386288,harukawa_maki,05_CHARACTER,4,2083,8941,0
1350741,darkness_(konosuba),05_CHARACTER,4,2082,8942,0
599208,charlotte_e._yeager,05_CHARACTER,4,2078,8943,0
1431862,nero_claudius_(swimsuit_caster)_(fate),05_CHARACTER,4,2078,8944,0
1646767,twin_turbo_(umamusume),05_CHARACTER,4,2077,8945,0
16066,raising_heart,05_CHARACTER,4,2075,8946,0
426767,ikamusume,05_CHARACTER,4,2073,8947,0
1387121,tamamo_no_mae_(swimsuit_lancer)_(fate),05_CHARACTER,4,2071,8948,0
1670077,springfield_(girls'_frontline),05_CHARACTER,4,2070,8949,0
938279,lyn_(fire_emblem),05_CHARACTER,4,2069,8950,0
530171,kurumi_erika,05_CHARACTER,4,2069,8951,0
663681,honda_mio,05_CHARACTER,4,2065,8952,0
1631046,ise_(kancolle),05_CHARACTER,4,2060,8953,0
1378262,mallow_(pokemon),05_CHARACTER,4,2057,8954,0
399582,lucario,05_CHARACTER,4,2054,8955,0
1584985,nonomi_(blue_archive),05_CHARACTER,4,2052,8956,0
1827774,sanji_(one_piece),05_CHARACTER,4,2051,8957,0
1585360,battleship_princess,05_CHARACTER,4,2050,8958,0
502807,shinki_(touhou),05_CHARACTER,4,2048,8959,0
610107,akaza_akari,05_CHARACTER,4,2046,8960,0
1561724,fukumaru_koito,05_CHARACTER,4,2045,8961,0
660392,hoshizora_miyuki,05_CHARACTER,4,2043,8962,0
1534338,kicchou_yachie,05_CHARACTER,4,2042,8963,0
1610754,yu_mei-ren_(fate),05_CHARACTER,4,2041,8964,0
41,suiseiseki,05_CHARACTER,4,2040,8965,0
1472743,ibaraki_douji_(fate),05_CHARACTER,4,2038,8966,0
1644998,mihono_bourbon_(umamusume),05_CHARACTER,4,2036,8967,0
1227373,sessyoin_kiara,05_CHARACTER,4,2032,8968,0
11050,sonozaki_mion,05_CHARACTER,4,2031,8969,0
1631071,jun'you_(kancolle),05_CHARACTER,4,2031,8970,0
1316168,kurosawa_ruby,05_CHARACTER,4,2031,8971,0
512688,brendan_(pokemon),05_CHARACTER,4,2030,8972,0
1524282,lio_fotia,05_CHARACTER,4,2028,8973,0
1933143,la+_darknesss_(1st_costume),05_CHARACTER,4,2025,8974,0
1452668,hassan_of_serenity_(fate),05_CHARACTER,4,2024,8975,0
543959,sakura_miku,05_CHARACTER,4,2023,8976,0
16082,ryougi_shiki,05_CHARACTER,4,2018,8977,0
1747952,miyako_(blue_archive),05_CHARACTER,4,2018,8978,0
1633650,yuzu_(blue_archive),05_CHARACTER,4,2015,8979,0
565443,shinjou_akane,05_CHARACTER,4,2014,8980,0
1275722,makigumo_(kancolle),05_CHARACTER,4,2010,8981,0
1631510,yuugumo_(kancolle),05_CHARACTER,4,2009,8982,0
414820,lynette_bishop,05_CHARACTER,4,2008,8983,0
1631016,i-168_(kancolle),05_CHARACTER,4,2008,8984,0
1654886,kudamaki_tsukasa,05_CHARACTER,4,2008,8985,0
1346647,shinomiya_kaguya,05_CHARACTER,4,2005,8986,0
1406378,shoebill_(kemono_friends),05_CHARACTER,4,2005,8987,0
1533350,morpeko,05_CHARACTER,4,2002,8988,0
1630677,gangut_(kancolle),05_CHARACTER,4,1998,8989,0
1551569,nian_(arknights),05_CHARACTER,4,1994,8990,0
1542542,higashiyama_kobeni,05_CHARACTER,4,1993,8991,0
1317049,seiran_(touhou),05_CHARACTER,4,1992,8992,0
2018110,neptune_(neptunia),05_CHARACTER,4,1990,8993,0
408655,kasane_teto,05_CHARACTER,4,1988,8994,0
1524986,specter_(arknights),05_CHARACTER,4,1988,8995,0
1586174,momosuzu_nene,05_CHARACTER,4,1977,8996,0
1625330,hibiki_(blue_archive),05_CHARACTER,4,1977,8997,0
664082,miyamoto_frederica,05_CHARACTER,4,1976,8998,0
14180,lilith_aensland,05_CHARACTER,4,1970,8999,0
1255499,satou_kazuma,05_CHARACTER,4,1965,9000,0
1406537,shima_rin,05_CHARACTER,4,1963,9001,0
1644994,mayano_top_gun_(umamusume),05_CHARACTER,4,1959,9002,0
1248475,jinx_(league_of_legends),05_CHARACTER,4,1957,9003,0
7914,mizuno_ami,05_CHARACTER,4,1954,9004,0
1631211,nachi_(kancolle),05_CHARACTER,4,1954,9005,0
1534498,meltryllis_(swimsuit_lancer)_(fate),05_CHARACTER,4,1954,9006,0
1605760,iori_(blue_archive),05_CHARACTER,4,1948,9007,0
1630685,gotland_(kancolle),05_CHARACTER,4,1944,9008,0
1629430,mysterious_heroine_xx_(fate),05_CHARACTER,4,1943,9009,0
1239637,jakuzure_nonon,05_CHARACTER,4,1942,9010,0
1405419,lucky_beast_(kemono_friends),05_CHARACTER,4,1941,9011,0
1292966,asui_tsuyu,05_CHARACTER,4,1938,9012,0
1634345,izuna_(blue_archive),05_CHARACTER,4,1937,9013,0
1613891,albedo_(genshin_impact),05_CHARACTER,4,1936,9014,0
10546,vegeta,05_CHARACTER,4,1935,9015,0
1425456,seele_vollerei,05_CHARACTER,4,1935,9016,0
1596245,kaeya_(genshin_impact),05_CHARACTER,4,1929,9017,0
1678981,kujou_sara,05_CHARACTER,4,1927,9018,0
7477,noumi_kudryavka,05_CHARACTER,4,1925,9019,0
1838442,alhaitham_(genshin_impact),05_CHARACTER,4,1919,9020,0
1629435,krista_lenz,05_CHARACTER,4,1919,9021,0
1978894,9s_(nier:automata),05_CHARACTER,4,1917,9022,0
1667145,ak-12_(girls'_frontline),05_CHARACTER,4,1915,9023,0
1160566,blake_belladonna,05_CHARACTER,4,1914,9024,0
1517401,lize_helesta,05_CHARACTER,4,1913,9025,0
1239070,akatsuki_kirika,05_CHARACTER,4,1911,9026,0
713731,tedeza_rize,05_CHARACTER,4,1910,9027,0
384405,irisviel_von_einzbern,05_CHARACTER,4,1909,9028,0
1317200,endeavor_(boku_no_hero_academia),05_CHARACTER,4,1909,9029,0
1542251,orange_pekoe_(girls_und_panzer),05_CHARACTER,4,1908,9030,0
568921,aegis_(persona),05_CHARACTER,4,1905,9031,0
1630542,choukai_(kancolle),05_CHARACTER,4,1902,9032,0
1522661,angelina_(arknights),05_CHARACTER,4,1902,9033,0
1268743,ujimatsu_chiya,05_CHARACTER,4,1901,9034,0
7794,aino_minako,05_CHARACTER,4,1900,9035,0
467096,leaf_(pokemon),05_CHARACTER,4,1898,9036,0
445901,gengar,05_CHARACTER,4,1896,9037,0
1387748,katsuki_yuuri,05_CHARACTER,4,1890,9038,0
1631112,kinugasa_(kancolle),05_CHARACTER,4,1888,9039,0
596343,mima_(touhou),05_CHARACTER,4,1883,9040,0
700409,tsumiki_mikan,05_CHARACTER,4,1883,9041,0
1886280,robin_(female)_(fire_emblem),05_CHARACTER,4,1881,9042,0
1631376,suzutsuki_(kancolle),05_CHARACTER,4,1881,9043,0
1631244,noshiro_(kancolle),05_CHARACTER,4,1880,9044,0
1629361,ushiwakamaru_(fate),05_CHARACTER,4,1878,9045,0
1693513,elizabeth_bathory_(fate/extra_ccc),05_CHARACTER,4,1876,9046,0
1971293,hanako_(swimsuit)_(blue_archive),05_CHARACTER,4,1874,9047,0
1440145,javelin_(azur_lane),05_CHARACTER,4,1873,9048,0
1933175,nekomata_okayu_(1st_costume),05_CHARACTER,4,1872,9049,0
1577501,lisa_(genshin_impact),05_CHARACTER,4,1872,9050,0
1972134,vita_(nanoha),05_CHARACTER,4,1871,9051,0
433649,johnny_joestar,05_CHARACTER,4,1871,9052,0
1387712,viktor_nikiforov,05_CHARACTER,4,1869,9053,0
1593680,ashiya_douman_(fate),05_CHARACTER,4,1869,9054,0
567872,n_(pokemon),05_CHARACTER,4,1866,9055,0
1618002,slime_(genshin_impact),05_CHARACTER,4,1866,9056,0
1631163,maru-yu_(kancolle),05_CHARACTER,4,1864,9057,0
1654650,skadi_the_corrupting_heart_(arknights),05_CHARACTER,4,1864,9058,0
1631425,teruzuki_(kancolle),05_CHARACTER,4,1863,9059,0
1933211,nanashi_mumei_(1st_costume),05_CHARACTER,4,1861,9060,0
664359,tachibana_hibiki_(symphogear),05_CHARACTER,4,1860,9061,0
1631225,nagatsuki_(kancolle),05_CHARACTER,4,1860,9062,0
1539717,reze_(chainsaw_man),05_CHARACTER,4,1860,9063,0
383738,vivio,05_CHARACTER,4,1857,9064,0
1403842,chiyoda_momo,05_CHARACTER,4,1856,9065,0
1629420,jeanne_d'arc_alter_santa_lily_(fate),05_CHARACTER,4,1852,9066,0
1408471,camilla_(fire_emblem),05_CHARACTER,4,1851,9067,0
1657251,elira_pendora,05_CHARACTER,4,1840,9068,0
301250,yae_sakura,05_CHARACTER,4,1839,9069,0
753977,sinon,05_CHARACTER,4,1836,9070,0
681874,shiomi_syuko,05_CHARACTER,4,1835,9071,0
1670933,index_(toaru_majutsu_no_index),05_CHARACTER,4,1833,9072,0
1734277,oda_nobunaga_(koha-ace),05_CHARACTER,4,1832,9073,0
1581062,shiomi_kotone,05_CHARACTER,4,1829,9074,0
1446811,st._louis_(azur_lane),05_CHARACTER,4,1828,9075,0
8276,bardiche,05_CHARACTER,4,1827,9076,0
1670940,last_order_(toaru_majutsu_no_index),05_CHARACTER,4,1821,9077,0
601490,monokuma,05_CHARACTER,4,1821,9078,0
1631102,katsuragi_(kancolle),05_CHARACTER,4,1815,9079,0
1459802,shirase_sakuya,05_CHARACTER,4,1814,9080,0
1383241,lusamine_(pokemon),05_CHARACTER,4,1813,9081,0
716185,nishizumi_shiho,05_CHARACTER,4,1810,9082,0
628777,yuzuriha_inori,05_CHARACTER,4,1807,9083,0
1300728,oumae_kumiko,05_CHARACTER,4,1805,9084,0
1441509,andou_(girls_und_panzer),05_CHARACTER,4,1803,9085,0
1231206,levi_(shingeki_no_kyojin),05_CHARACTER,4,1800,9086,0
1524993,saria_(arknights),05_CHARACTER,4,1799,9087,0
1447957,nero_claudius_(bride)_(fate),05_CHARACTER,4,1796,9088,0
1257062,pepperoni_(girls_und_panzer),05_CHARACTER,4,1796,9089,0
1275721,kuroshio_(kancolle),05_CHARACTER,4,1790,9090,0
382079,takara_miyuki,05_CHARACTER,4,1789,9091,0
1735921,asashio_kai_ni_(kancolle),05_CHARACTER,4,1783,9092,0
1643688,azusa_(blue_archive),05_CHARACTER,4,1781,9093,0
717139,kenzaki_makoto,05_CHARACTER,4,1778,9094,0
1631495,yayoi_(kancolle),05_CHARACTER,4,1778,9095,0
1631402,tama_(kancolle),05_CHARACTER,4,1776,9096,0
2007520,houshou_marine_(summer),05_CHARACTER,4,1776,9097,0
1243759,horikawa_raiko,05_CHARACTER,4,1770,9098,0
1626315,dusk_(arknights),05_CHARACTER,4,1768,9099,0
10146,koizumi_itsuki,05_CHARACTER,4,1766,9100,0
1631373,suzukaze_(kancolle),05_CHARACTER,4,1766,9101,0
1675744,selen_tatsuki,05_CHARACTER,4,1765,9102,0
1631357,shirayuki_(kancolle),05_CHARACTER,4,1761,9103,0
1536889,kanroji_mitsuri,05_CHARACTER,4,1759,9104,0
1421907,komi_shouko,05_CHARACTER,4,1758,9105,0
361258,ranma-chan,05_CHARACTER,4,1756,9106,0
1501023,artoria_pendragon_(lancer_alter)_(fate),05_CHARACTER,4,1755,9107,0
399147,yowane_haku,05_CHARACTER,4,1753,9108,0
13036,misumi_nagisa,05_CHARACTER,4,1752,9109,0
1186381,arch_bishop_(ragnarok_online),05_CHARACTER,4,1748,9110,0
1630510,asashimo_(kancolle),05_CHARACTER,4,1748,9111,0
1266581,ramlethal_valentine,05_CHARACTER,4,1747,9112,0
445833,jessie_(pokemon),05_CHARACTER,4,1746,9113,0
1644982,curren_chan_(umamusume),05_CHARACTER,4,1741,9114,0
401594,palutena,05_CHARACTER,4,1739,9115,0
386242,sakata_gintoki,05_CHARACTER,4,1738,9116,0
414816,sakamoto_mio,05_CHARACTER,4,1738,9117,0
1295749,tracer_(overwatch),05_CHARACTER,4,1737,9118,0
1808100,dan_heng_(honkai:_star_rail),05_CHARACTER,4,1736,9119,0
663432,kamiya_nao,05_CHARACTER,4,1734,9120,0
727253,hojo_karen,05_CHARACTER,4,1734,9121,0
1639112,sendai_kai_ni_(kancolle),05_CHARACTER,4,1733,9122,0
1862390,hiroi_kikuri,05_CHARACTER,4,1733,9123,0
392481,madotsuki,05_CHARACTER,4,1732,9124,0
1644976,admire_vega_(umamusume),05_CHARACTER,4,1730,9125,0
1560134,morpeko_(full),05_CHARACTER,4,1728,9126,0
1344590,matsuno_osomatsu,05_CHARACTER,4,1726,9127,0
1442305,hiro_(darling_in_the_franxx),05_CHARACTER,4,1724,9128,0
1734866,musashi_kai_ni_(kancolle),05_CHARACTER,4,1724,9129,0
1584593,felicia_(vampire),05_CHARACTER,4,1722,9130,0
664313,moroboshi_kirari,05_CHARACTER,4,1722,9131,0
1749629,chouzetsusaikawa_tenshi-chan,05_CHARACTER,4,1721,9132,0
496829,makoto_nanaya,05_CHARACTER,4,1720,9133,0
1344591,matsuno_karamatsu,05_CHARACTER,4,1720,9134,0
1634607,hoshino_ai_(oshi_no_ko),05_CHARACTER,4,1720,9135,0
1824247,etna_(disgaea),05_CHARACTER,4,1719,9136,0
424944,hanamura_yousuke,05_CHARACTER,4,1716,9137,0
1368824,takamaki_anne,05_CHARACTER,4,1716,9138,0
1645007,seiun_sky_(umamusume),05_CHARACTER,4,1716,9139,0
663460,sasaki_chie,05_CHARACTER,4,1715,9140,0
1462453,morino_rinze,05_CHARACTER,4,1715,9141,0
529058,hanasaki_tsubomi,05_CHARACTER,4,1713,9142,0
1549066,himemori_luna,05_CHARACTER,4,1713,9143,0
8107,bulma,05_CHARACTER,4,1712,9144,0
1365551,sakura_futaba,05_CHARACTER,4,1710,9145,0
1493611,kemomimi-chan_(naga_u),05_CHARACTER,4,1710,9146,0
1423783,eternity_larva,05_CHARACTER,4,1709,9147,0
1292970,yaoyorozu_momo,05_CHARACTER,4,1705,9148,0
1560614,saren_(princess_connect!),05_CHARACTER,4,1705,9149,0
1344593,matsuno_ichimatsu,05_CHARACTER,4,1702,9150,0
1644983,eishin_flash_(umamusume),05_CHARACTER,4,1702,9151,0
1344594,matsuno_jyushimatsu,05_CHARACTER,4,1701,9152,0
5036,signum,05_CHARACTER,4,1699,9153,0
445954,bulbasaur,05_CHARACTER,4,1699,9154,0
1630499,arashio_(kancolle),05_CHARACTER,4,1699,9155,0
1420942,yuuki_setsuna_(love_live!),05_CHARACTER,4,1699,9156,0
1533840,kurokoma_saki,05_CHARACTER,4,1699,9157,0
1682867,iroha_(blue_archive),05_CHARACTER,4,1699,9158,0
1933164,takanashi_kiara_(1st_costume),05_CHARACTER,4,1697,9159,0
1460817,kuwayama_chiyuki,05_CHARACTER,4,1696,9160,0
1554856,hayakawa_aki,05_CHARACTER,4,1696,9161,0
657914,tokisaki_kurumi,05_CHARACTER,4,1693,9162,0
1317067,ringo_(touhou),05_CHARACTER,4,1693,9163,0
1933161,kiryu_coco_(1st_costume),05_CHARACTER,4,1693,9164,0
488853,kasumi_(doa),05_CHARACTER,4,1692,9165,0
674693,skyla_(pokemon),05_CHARACTER,4,1692,9166,0
1316170,ohara_mari,05_CHARACTER,4,1692,9167,0
1627626,leonardo_da_vinci_(fate),05_CHARACTER,4,1690,9168,0
697698,kirigaya_suguha,05_CHARACTER,4,1689,9169,0
1541326,hoshikawa_sara,05_CHARACTER,4,1689,9170,0
1298160,kotonoha_akane,05_CHARACTER,4,1686,9171,0
1732422,kasumi_kai_ni_(kancolle),05_CHARACTER,4,1686,9172,0
1470527,natori_sana,05_CHARACTER,4,1686,9173,0
1409154,tohru_(maidragon),05_CHARACTER,4,1684,9174,0
401222,noel_vermillion,05_CHARACTER,4,1683,9175,0
1542253,rosehip_(girls_und_panzer),05_CHARACTER,4,1680,9176,0
1933191,shishiro_botan_(1st_costume),05_CHARACTER,4,1679,9177,0
1594464,bloop_(gawr_gura),05_CHARACTER,4,1678,9178,0
1296572,todoroki_shouto,05_CHARACTER,4,1677,9179,0
518079,tiki_(fire_emblem),05_CHARACTER,4,1676,9180,0
1597302,beidou_(genshin_impact),05_CHARACTER,4,1676,9181,0
1665751,t-head_trainer,05_CHARACTER,4,1676,9182,0
15221,hanyuu,05_CHARACTER,4,1675,9183,0
1412756,theresa_apocalypse,05_CHARACTER,4,1675,9184,0
432714,trafalgar_law,05_CHARACTER,4,1673,9185,0
375109,midna,05_CHARACTER,4,1672,9186,0
1417247,japanese_crested_ibis_(kemono_friends),05_CHARACTER,4,1670,9187,0
1410565,fujiwara_chika,05_CHARACTER,4,1668,9188,0
510496,ryu_(street_fighter),05_CHARACTER,4,1667,9189,0
606667,kirino_ranmaru,05_CHARACTER,4,1667,9190,0
1654887,iizunamaru_megumu,05_CHARACTER,4,1667,9191,0
386311,otonashi_kotori,05_CHARACTER,4,1666,9192,0
1303014,producer_(idolmaster_cinderella_girls_anime),05_CHARACTER,4,1665,9193,0
396068,watatsuki_no_yorihime,05_CHARACTER,4,1661,9194,0
1419028,komano_aunn,05_CHARACTER,4,1661,9195,0
436223,nanasaki_ai,05_CHARACTER,4,1657,9196,0
1581646,noelle_(genshin_impact),05_CHARACTER,4,1656,9197,0
1630529,ayanami_(kancolle),05_CHARACTER,4,1655,9198,0
8151,hino_rei,05_CHARACTER,4,1653,9199,0
423669,saber_lily,05_CHARACTER,4,1651,9200,0
658795,mimura_kanako,05_CHARACTER,4,1651,9201,0
1525780,rotom_phone,05_CHARACTER,4,1651,9202,0
1630445,agano_(kancolle),05_CHARACTER,4,1648,9203,0
1641844,yanfei_(genshin_impact),05_CHARACTER,4,1647,9204,0
1493508,princess_king_boo,05_CHARACTER,4,1642,9205,0
1645011,tamamo_cross_(umamusume),05_CHARACTER,4,1640,9206,0
1627148,koyanskaya_(fate),05_CHARACTER,4,1639,9207,0
712088,leafa,05_CHARACTER,4,1638,9208,0
593284,naegi_makoto,05_CHARACTER,4,1638,9209,0
593802,minamino_kanade,05_CHARACTER,4,1638,9210,0
42,souseiseki,05_CHARACTER,4,1637,9211,0
1447804,oshida_(girls_und_panzer),05_CHARACTER,4,1635,9212,0
8586,chibi_usa,05_CHARACTER,4,1634,9213,0
1407560,kizuna_ai,05_CHARACTER,4,1634,9214,0
1459804,tsukioka_kogane,05_CHARACTER,4,1634,9215,0
707037,hoshi_syoko,05_CHARACTER,4,1633,9216,0
1644990,king_halo_(umamusume),05_CHARACTER,4,1633,9217,0
1886287,byleth_(male)_(fire_emblem),05_CHARACTER,4,1632,9218,0
1829691,juliana_(pokemon),05_CHARACTER,4,1632,9219,0
378207,matou_kariya,05_CHARACTER,4,1631,9220,0
1407467,northern_white-faced_owl_(kemono_friends),05_CHARACTER,4,1631,9221,0
1492381,shiina_yuika,05_CHARACTER,4,1631,9222,0
432816,kishibe_rohan,05_CHARACTER,4,1629,9223,0
1933189,yukihana_lamy_(1st_costume),05_CHARACTER,4,1629,9224,0
354943,edward_elric,05_CHARACTER,4,1628,9225,0
1631054,isuzu_(kancolle),05_CHARACTER,4,1627,9226,0
1933156,hoshimachi_suisei_(1st_costume),05_CHARACTER,4,1627,9227,0
1719012,takane_lui,05_CHARACTER,4,1625,9228,0
1534779,artoria_pendragon_(swimsuit_ruler)_(fate),05_CHARACTER,4,1623,9229,0
403378,yuffie_kisaragi,05_CHARACTER,4,1620,9230,0
11427,kasugano_sakura,05_CHARACTER,4,1620,9231,0
727697,sylveon,05_CHARACTER,4,1619,9232,0
1667329,oberon_(fate),05_CHARACTER,4,1619,9233,0
1572074,lucifer_(helltaker),05_CHARACTER,4,1618,9234,0
1407816,silver_fox_(kemono_friends),05_CHARACTER,4,1615,9235,0
1806087,hoshino_(swimsuit)_(blue_archive),05_CHARACTER,4,1615,9236,0
1793083,silver_wolf_(honkai:_star_rail),05_CHARACTER,4,1615,9237,0
1810157,tighnari_(genshin_impact),05_CHARACTER,4,1615,9238,0
1525687,blue_poison_(arknights),05_CHARACTER,4,1612,9239,0
1467946,haru_urara_(umamusume),05_CHARACTER,4,1608,9240,0
1528228,le_malin_(azur_lane),05_CHARACTER,4,1602,9241,0
1375862,mimikyu,05_CHARACTER,4,1601,9242,0
1825474,ichika_(blue_archive),05_CHARACTER,4,1601,9243,0
425768,umbreon,05_CHARACTER,4,1599,9244,0
1273262,rensouhou-kun,05_CHARACTER,4,1599,9245,0
674691,elesa_(pokemon),05_CHARACTER,4,1598,9246,0
1631208,myoukou_(kancolle),05_CHARACTER,4,1598,9247,0
1631141,libeccio_(kancolle),05_CHARACTER,4,1596,9248,0
1338854,mei_(overwatch),05_CHARACTER,4,1595,9249,0
1446812,honolulu_(azur_lane),05_CHARACTER,4,1590,9250,0
1631408,tashkent_(kancolle),05_CHARACTER,4,1590,9251,0
1561956,bremerton_(scorching-hot_training)_(azur_lane),05_CHARACTER,4,1590,9252,0
2018066,noire_(neptunia),05_CHARACTER,4,1589,9253,0
466260,terra_branford,05_CHARACTER,4,1587,9254,0
7559,luigi,05_CHARACTER,4,1585,9255,0
2018038,purple_heart_(neptunia),05_CHARACTER,4,1585,9256,0
1245442,i-class_destroyer,05_CHARACTER,4,1582,9257,0
1295790,widowmaker_(overwatch),05_CHARACTER,4,1582,9258,0
1631062,jervis_(kancolle),05_CHARACTER,4,1582,9259,0
1525577,hoshiguma_(arknights),05_CHARACTER,4,1578,9260,0
1762182,ranni_the_witch,05_CHARACTER,4,1578,9261,0
1629640,martha_(fate),05_CHARACTER,4,1576,9262,0
1248309,sendai_hakurei_no_miko,05_CHARACTER,4,1572,9263,0
427708,ushiromiya_ange,05_CHARACTER,4,1569,9264,0
1933172,uruha_rushia_(1st_costume),05_CHARACTER,4,1568,9265,0
404724,kagura_(gintama),05_CHARACTER,4,1567,9266,0
1682834,matikane_tannhauser_(umamusume),05_CHARACTER,4,1564,9267,0
1513845,scorbunny,05_CHARACTER,4,1563,9268,0
1630653,fletcher_(kancolle),05_CHARACTER,4,1562,9269,0
1527621,marianne_von_edmund,05_CHARACTER,4,1562,9270,0
1508231,sunazuka_akira,05_CHARACTER,4,1559,9271,0
425771,glaceon,05_CHARACTER,4,1557,9272,0
1382909,kawakaze_(kancolle),05_CHARACTER,4,1557,9273,0
592111,oshawott,05_CHARACTER,4,1556,9274,0
1344592,matsuno_choromatsu,05_CHARACTER,4,1556,9275,0
1440177,z23_(azur_lane),05_CHARACTER,4,1552,9276,0
1667154,an-94_(girls'_frontline),05_CHARACTER,4,1552,9277,0
1667148,m4a1_(girls'_frontline),05_CHARACTER,4,1551,9278,0
8545,kamio_misuzu,05_CHARACTER,4,1550,9279,0
1933183,minato_aqua_(1st_costume),05_CHARACTER,4,1550,9280,0
1630671,furutaka_(kancolle),05_CHARACTER,4,1549,9281,0
595668,hatsune_miku_(append),05_CHARACTER,4,1548,9282,0
1631161,mamiya_(kancolle),05_CHARACTER,4,1547,9283,0
1675004,elysia_(honkai_impact),05_CHARACTER,4,1547,9284,0
1712705,adachi_rei,05_CHARACTER,4,1546,9285,0
1629414,artoria_pendragon_(alter_swimsuit_rider)_(fate),05_CHARACTER,4,1546,9286,0
547415,funami_yui,05_CHARACTER,4,1544,9287,0
1462526,higuchi_kaede,05_CHARACTER,4,1544,9288,0
1631052,isonami_(kancolle),05_CHARACTER,4,1543,9289,0
1667163,commander_(girls'_frontline),05_CHARACTER,4,1543,9290,0
1253671,gamagoori_ira,05_CHARACTER,4,1543,9291,0
1676220,peroro_(blue_archive),05_CHARACTER,4,1542,9292,0
374467,princess_daisy,05_CHARACTER,4,1539,9293,0
56878,fujibayashi_kyou,05_CHARACTER,4,1538,9294,0
1496188,yuzuki_choco,05_CHARACTER,4,1538,9295,0
8152,kino_makoto,05_CHARACTER,4,1536,9296,0
470503,konjiki_no_yami,05_CHARACTER,4,1535,9297,0
695285,sakuma_mayu,05_CHARACTER,4,1533,9298,0
1405975,grey_wolf_(kemono_friends),05_CHARACTER,4,1532,9299,0
1627803,yang_guifei_(fate),05_CHARACTER,4,1532,9300,0
1515526,serizawa_asahi,05_CHARACTER,4,1529,9301,0
1627248,shun_(blue_archive),05_CHARACTER,4,1529,9302,0
1409820,ezo_red_fox_(kemono_friends),05_CHARACTER,4,1528,9303,0
1644977,agnes_digital_(umamusume),05_CHARACTER,4,1526,9304,0
1627695,marie_antoinette_(fate),05_CHARACTER,4,1525,9305,0
1627756,scathach_skadi_(fate),05_CHARACTER,4,1525,9306,0
1846970,rebecca_(cyberpunk),05_CHARACTER,4,1525,9307,0
479648,hirasawa_ui,05_CHARACTER,4,1524,9308,0
1789592,osaki_amana,05_CHARACTER,4,1524,9309,0
1526355,wattson_(apex_legends),05_CHARACTER,4,1523,9310,0
11051,sonozaki_shion,05_CHARACTER,4,1520,9311,0
1304225,mikazuki_munechika,05_CHARACTER,4,1520,9312,0
126661,furukawa_nagisa,05_CHARACTER,4,1519,9313,0
1517393,inui_toko,05_CHARACTER,4,1519,9314,0
658638,oreki_houtarou,05_CHARACTER,4,1518,9315,0
1307612,nishi_kinuyo,05_CHARACTER,4,1518,9316,0
384100,natsume_rin,05_CHARACTER,4,1516,9317,0
1932879,hibiki_(cheer_squad)_(blue_archive),05_CHARACTER,4,1516,9318,0
970886,roll_(mega_man),05_CHARACTER,4,1515,9319,0
606875,little_red_riding_hood_(grimm),05_CHARACTER,4,1515,9320,0
1865424,rika_(pokemon),05_CHARACTER,4,1514,9321,0
1644970,grass_wonder_(umamusume),05_CHARACTER,4,1514,9322,0
54495,jean_pierre_polnareff,05_CHARACTER,4,1511,9323,0
1544952,piers_(pokemon),05_CHARACTER,4,1510,9324,0
474547,uiharu_kazari,05_CHARACTER,4,1509,9325,0
1420690,hikawa_sayo,05_CHARACTER,4,1509,9326,0
1525557,nanami_kento,05_CHARACTER,4,1509,9327,0
1533833,haniyasushin_keiki,05_CHARACTER,4,1507,9328,0
414819,francesca_lucchini,05_CHARACTER,4,1506,9329,0
1631100,katori_(kancolle),05_CHARACTER,4,1506,9330,0
418600,kamui_gakupo,05_CHARACTER,4,1505,9331,0
1639094,murakumo_kai_ni_(kancolle),05_CHARACTER,4,1504,9332,0
1677021,melusine_(fate),05_CHARACTER,4,1504,9333,0
544077,kris_(pokemon),05_CHARACTER,4,1503,9334,0
1535146,schwarz_(arknights),05_CHARACTER,4,1500,9335,0
423040,amy_rose,05_CHARACTER,4,1497,9336,0
657793,cure_peace,05_CHARACTER,4,1497,9337,0
722867,ymir_(shingeki_no_kyojin),05_CHARACTER,4,1495,9338,0
1433946,marina_(splatoon),05_CHARACTER,4,1495,9339,0
12208,shihouin_yoruichi,05_CHARACTER,4,1493,9340,0
1644973,narita_brian_(umamusume),05_CHARACTER,4,1492,9341,0
1611363,kureiji_ollie,05_CHARACTER,4,1491,9342,0
1360561,natsuki_subaru,05_CHARACTER,4,1490,9343,0
1303947,kashuu_kiyomitsu,05_CHARACTER,4,1489,9344,0
4908,kero,05_CHARACTER,4,1488,9345,0
2003712,tokoyami_towa_(jirai_kei),05_CHARACTER,4,1488,9346,0
1972686,fuwawa_abyssgard,05_CHARACTER,4,1488,9347,0
13037,yukishiro_honoka,05_CHARACTER,4,1486,9348,0
1531714,baltimore_(azur_lane),05_CHARACTER,4,1485,9349,0
1588986,abigail_williams_(swimsuit_foreigner)_(fate),05_CHARACTER,4,1485,9350,0
1517396,ange_katrina,05_CHARACTER,4,1483,9351,0
1344595,matsuno_todomatsu,05_CHARACTER,4,1480,9352,0
1445023,hikawa_hina,05_CHARACTER,4,1480,9353,0
1757557,jeanne_d'arc_alter_(ver._shinjuku_1999)_(fate),05_CHARACTER,4,1479,9354,0
1495228,konno_junko,05_CHARACTER,4,1478,9355,0
382240,nekomusume,05_CHARACTER,4,1477,9356,0
1298161,kotonoha_aoi,05_CHARACTER,4,1475,9357,0
1972687,mococo_abyssgard,05_CHARACTER,4,1472,9358,0
424220,silver_(pokemon),05_CHARACTER,4,1471,9359,0
1933148,tokoyami_towa_(1st_costume),05_CHARACTER,4,1471,9360,0
437685,bayonetta,05_CHARACTER,4,1470,9361,0
1627580,helena_blavatsky_(fate),05_CHARACTER,4,1469,9362,0
10082,sephiroth,05_CHARACTER,4,1468,9363,0
1374966,kamado_tanjirou,05_CHARACTER,4,1468,9364,0
1630559,enemy_aircraft_(kancolle),05_CHARACTER,4,1467,9365,0
542683,sonya_(kill_me_baby),05_CHARACTER,4,1466,9366,0
1667146,g11_(girls'_frontline),05_CHARACTER,4,1464,9367,0
2008086,osakabehime_(fate),05_CHARACTER,4,1464,9368,0
1630726,hayashimo_(kancolle),05_CHARACTER,4,1463,9369,0
1443455,igarashi_futaba_(shiromanta),05_CHARACTER,4,1462,9370,0
12207,inoue_orihime,05_CHARACTER,4,1461,9371,0
1503277,makaino_ririmu,05_CHARACTER,4,1461,9372,0
445832,james_(pokemon),05_CHARACTER,4,1459,9373,0
1575935,nagatoro_hayase,05_CHARACTER,4,1459,9374,0
902082,tateyama_ayano,05_CHARACTER,4,1458,9375,0
1499780,jeanne_d'arc_(swimsuit_archer)_(fate),05_CHARACTER,4,1458,9376,0
1257906,elsa_(frozen),05_CHARACTER,4,1454,9377,0
1243753,tsukumo_benben,05_CHARACTER,4,1452,9378,0
446937,reiuji_utsuho_(bird),05_CHARACTER,4,1451,9379,0
1667152,m4_sopmod_ii_(girls'_frontline),05_CHARACTER,4,1450,9380,0
1462508,tokino_sora,05_CHARACTER,4,1449,9381,0
466937,higashi_setsuna,05_CHARACTER,4,1447,9382,0
428744,yuri_lowell,05_CHARACTER,4,1445,9383,0
1593360,bibi_(tokoyami_towa),05_CHARACTER,4,1444,9384,0
445414,bianca_(pokemon),05_CHARACTER,4,1442,9385,0
1589993,chongyun_(genshin_impact),05_CHARACTER,4,1442,9386,0
12210,kuchiki_rukia,05_CHARACTER,4,1439,9387,0
1829230,octoling_girl,05_CHARACTER,4,1439,9388,0
7449,daidouji_tomoyo,05_CHARACTER,4,1438,9389,0
181219,kirijou_mitsuru,05_CHARACTER,4,1438,9390,0
550010,tsukikage_yuri,05_CHARACTER,4,1438,9391,0
1688526,kokona_(blue_archive),05_CHARACTER,4,1438,9392,0
1288044,popuko,05_CHARACTER,4,1435,9393,0
1724523,irida_(pokemon),05_CHARACTER,4,1434,9394,0
1768187,saki_(blue_archive),05_CHARACTER,4,1434,9395,0
1438046,android_21,05_CHARACTER,4,1433,9396,0
935913,alice_margatroid_(pc-98),05_CHARACTER,4,1432,9397,0
1462223,hatoba_tsugu,05_CHARACTER,4,1432,9398,0
1551542,dido_(azur_lane),05_CHARACTER,4,1432,9399,0
1492855,hawks_(boku_no_hero_academia),05_CHARACTER,4,1431,9400,0
1377502,tamura_yuri,05_CHARACTER,4,1430,9401,0
387299,prisma_illya,05_CHARACTER,4,1429,9402,0
717606,yukinoshita_yukino,05_CHARACTER,4,1428,9403,0
1514982,elio_(pokemon),05_CHARACTER,4,1427,9404,0
1768632,mysterious_heroine_x_alter_(fate),05_CHARACTER,4,1426,9405,0
1827083,yoru_(chainsaw_man),05_CHARACTER,4,1426,9406,0
1349628,fubuki_(one-punch_man),05_CHARACTER,4,1423,9407,0
1556681,rex_(xenoblade),05_CHARACTER,4,1421,9408,0
445840,jigglypuff,05_CHARACTER,4,1420,9409,0
1630503,ark_royal_(kancolle),05_CHARACTER,4,1420,9410,0
428824,bruno_bucciarati,05_CHARACTER,4,1419,9411,0
1464773,nakano_itsuki,05_CHARACTER,4,1419,9412,0
1886282,robin_(male)_(fire_emblem),05_CHARACTER,4,1418,9413,0
1630643,etorofu_(kancolle),05_CHARACTER,4,1412,9414,0
1518710,hisakawa_hayate,05_CHARACTER,4,1412,9415,0
439343,ragna_the_bloodedge,05_CHARACTER,4,1411,9416,0
1706706,toutetsu_yuuma,05_CHARACTER,4,1411,9417,0
1589994,xingqiu_(genshin_impact),05_CHARACTER,4,1410,9418,0
1512399,wraith_(apex_legends),05_CHARACTER,4,1409,9419,0
101524,bowser,05_CHARACTER,4,1407,9420,0
1667157,m16a1_(girls'_frontline),05_CHARACTER,4,1407,9421,0
1462454,sonoda_chiyoko,05_CHARACTER,4,1407,9422,0
1619061,jumpy_dumpty,05_CHARACTER,4,1407,9423,0
1258989,failure_penguin,05_CHARACTER,4,1406,9424,0
1441567,monika_(doki_doki_literature_club),05_CHARACTER,4,1406,9425,0
1533372,miyamoto_musashi_(swimsuit_berserker)_(fate),05_CHARACTER,4,1405,9426,0
1589926,kamina_(ttgl),05_CHARACTER,4,1404,9427,0
1522439,niwatari_kutaka,05_CHARACTER,4,1404,9428,0
1684743,mr._c.b._(umamusume),05_CHARACTER,4,1402,9429,0
592340,snivy,05_CHARACTER,4,1401,9430,0
1667150,st_ar-15_(girls'_frontline),05_CHARACTER,4,1398,9431,0
1631092,kamoi_(kancolle),05_CHARACTER,4,1398,9432,0
1436229,uehara_ayumu,05_CHARACTER,4,1398,9433,0
1304908,yamato-no-kami_yasusada,05_CHARACTER,4,1396,9434,0
1525546,kugisaki_nobara,05_CHARACTER,4,1396,9435,0
610092,yoshikawa_chinatsu,05_CHARACTER,4,1395,9436,0
602082,charlotte_dunois,05_CHARACTER,4,1395,9437,0
1571821,modeus_(helltaker),05_CHARACTER,4,1395,9438,0
1462457,komiya_kaho,05_CHARACTER,4,1393,9439,0
1677017,barghest_(fate),05_CHARACTER,4,1392,9440,0
663499,totoki_airi,05_CHARACTER,4,1390,9441,0
1386217,umikaze_(kancolle),05_CHARACTER,4,1387,9442,0
1657252,pomu_rainpuff,05_CHARACTER,4,1387,9443,0
419122,tatsumi_kanji,05_CHARACTER,4,1386,9444,0
1630693,hagikaze_(kancolle),05_CHARACTER,4,1385,9445,0
1432308,nishida_satono,05_CHARACTER,4,1385,9446,0
1468121,nakano_ichika,05_CHARACTER,4,1385,9447,0
816414,joseph_joestar_(old),05_CHARACTER,4,1384,9448,0
1258306,ninomiya_asuka,05_CHARACTER,4,1383,9449,0
1513846,sobble,05_CHARACTER,4,1383,9450,0
1753908,goldenglow_(arknights),05_CHARACTER,4,1381,9451,0
1435315,oyama_mihari,05_CHARACTER,4,1377,9452,0
2039817,minato_aqua_(sailor),05_CHARACTER,4,1376,9453,0
1685273,tsukumo_sana,05_CHARACTER,4,1376,9454,0
16268,son_gohan,05_CHARACTER,4,1373,9455,0
445848,squirtle,05_CHARACTER,4,1372,9456,0
1631145,little_boy_admiral_(kancolle),05_CHARACTER,4,1371,9457,0
416940,su-san,05_CHARACTER,4,1370,9458,0
714995,yuno_(hidamari_sketch),05_CHARACTER,4,1370,9459,0
1525770,hop_(pokemon),05_CHARACTER,4,1370,9460,0
1713162,cyno_(genshin_impact),05_CHARACTER,4,1368,9461,0
411080,lopunny,05_CHARACTER,4,1367,9462,0
1407454,atalanta_(fate),05_CHARACTER,4,1366,9463,0
396219,tokiko_(touhou),05_CHARACTER,4,1364,9464,0
1972683,nerissa_ravencroft,05_CHARACTER,4,1364,9465,0
487228,sengoku_nadeko,05_CHARACTER,4,1363,9466,0
1406536,kagamihara_nadeshiko,05_CHARACTER,4,1362,9467,0
1522707,siege_(arknights),05_CHARACTER,4,1362,9468,0
1841705,kaveh_(genshin_impact),05_CHARACTER,4,1362,9469,0
464857,sailor_mercury,05_CHARACTER,4,1361,9470,0
520787,elin,05_CHARACTER,4,1361,9471,0
430852,hachikuji_mayoi,05_CHARACTER,4,1360,9472,0
1607938,getou_suguru,05_CHARACTER,4,1360,9473,0
617637,oomuro_sakurako,05_CHARACTER,4,1358,9474,0
1630544,colorado_(kancolle),05_CHARACTER,4,1357,9475,0
1479089,okita_souji_alter_(fate),05_CHARACTER,4,1356,9476,0
1644965,air_groove_(umamusume),05_CHARACTER,4,1356,9477,0
12091,tohno_akiha,05_CHARACTER,4,1355,9478,0
1222667,ike_(fire_emblem),05_CHARACTER,4,1355,9479,0
677075,reiner_braun,05_CHARACTER,4,1355,9480,0
1631358,shouhou_(kancolle),05_CHARACTER,4,1355,9481,0
513774,shantae,05_CHARACTER,4,1354,9482,0
1933157,sakura_miko_(1st_costume),05_CHARACTER,4,1354,9483,0
2018082,blanc_(neptunia),05_CHARACTER,4,1349,9484,0
1518711,hisakawa_nagi,05_CHARACTER,4,1349,9485,0
1292974,ashido_mina,05_CHARACTER,4,1348,9486,0
1307567,cagliostro_(granblue_fantasy),05_CHARACTER,4,1348,9487,0
1498626,rita_rossweisse,05_CHARACTER,4,1346,9488,0
1432310,teireida_mai,05_CHARACTER,4,1343,9489,0
445933,vaporeon,05_CHARACTER,4,1342,9490,0
547150,myoudouin_itsuki,05_CHARACTER,4,1340,9491,0
709319,yuigahama_yui,05_CHARACTER,4,1340,9492,0
710980,kadotani_anzu,05_CHARACTER,4,1340,9493,0
1584984,serika_(blue_archive),05_CHARACTER,4,1339,9494,0
1631270,richelieu_(kancolle),05_CHARACTER,4,1338,9495,0
1631260,oyashio_(kancolle),05_CHARACTER,4,1336,9496,0
1993491,shiroko_terror_(blue_archive),05_CHARACTER,4,1336,9497,0
389156,frederica_bernkastel,05_CHARACTER,4,1335,9498,0
1567159,shinonome_ena,05_CHARACTER,4,1330,9499,0
1332548,chi-chi_(dragon_ball),05_CHARACTER,4,1329,9500,0
475559,araragi_koyomi,05_CHARACTER,4,1329,9501,0
1511279,murasaki_shikibu_(fate),05_CHARACTER,4,1329,9502,0
1459806,tanaka_mamimi,05_CHARACTER,4,1328,9503,0
1304230,tsurumaru_kuninaga,05_CHARACTER,4,1327,9504,0
1451890,kaguya_luna,05_CHARACTER,4,1327,9505,0
1690906,kamisato_ayato,05_CHARACTER,4,1327,9506,0
1226975,diana_cavendish,05_CHARACTER,4,1326,9507,0
1534340,joutouguu_mayumi,05_CHARACTER,4,1326,9508,0
653217,nepgear,05_CHARACTER,4,1325,9509,0
1300741,kousaka_reina,05_CHARACTER,4,1324,9510,0
405776,riesz,05_CHARACTER,4,1323,9511,0
421660,tsunade_(naruto),05_CHARACTER,4,1323,9512,0
1630497,arashi_(kancolle),05_CHARACTER,4,1323,9513,0
1567162,tenma_tsukasa,05_CHARACTER,4,1323,9514,0
746341,tharja_(fire_emblem),05_CHARACTER,4,1318,9515,0
451173,haramura_nodoka,05_CHARACTER,4,1317,9516,0
12258,katsuragi_misato,05_CHARACTER,4,1316,9517,0
1181678,boo_(mario),05_CHARACTER,4,1316,9518,0
1779349,kanna_(blue_archive),05_CHARACTER,4,1316,9519,0
1383156,gladion_(pokemon),05_CHARACTER,4,1314,9520,0
1932884,hasumi_(track)_(blue_archive),05_CHARACTER,4,1314,9521,0
1649113,gilles_de_rais_(caster)_(fate),05_CHARACTER,4,1313,9522,0
1530489,eyjafjalla_(arknights),05_CHARACTER,4,1312,9523,0
12518,leona_heidern,05_CHARACTER,4,1311,9524,0
1459172,sakuragi_mano,05_CHARACTER,4,1311,9525,0
1630505,asagumo_(kancolle),05_CHARACTER,4,1310,9526,0
1392841,altera_(fate),05_CHARACTER,4,1310,9527,0
1341419,anila_(granblue_fantasy),05_CHARACTER,4,1309,9528,0
1368823,niijima_makoto,05_CHARACTER,4,1309,9529,0
1630636,enemy_lifebuoy_(kancolle),05_CHARACTER,4,1308,9530,0
9090,mizunashi_akari,05_CHARACTER,4,1307,9531,0
622669,alisa_ilinichina_amiella,05_CHARACTER,4,1306,9532,0
1291135,elphelt_valentine,05_CHARACTER,4,1305,9533,0
489852,akizuki_ryo,05_CHARACTER,4,1303,9534,0
734427,sona_(league_of_legends),05_CHARACTER,4,1302,9535,0
1399519,tamaki_iroha,05_CHARACTER,4,1300,9536,0
1932889,mari_(track)_(blue_archive),05_CHARACTER,4,1300,9537,0
1627780,tokitarou_(fate),05_CHARACTER,4,1299,9538,0
575975,iris_(pokemon),05_CHARACTER,4,1298,9539,0
596939,akali,05_CHARACTER,4,1298,9540,0
1544888,victor_(pokemon),05_CHARACTER,4,1298,9541,0
1528128,himeno_(chainsaw_man),05_CHARACTER,4,1298,9542,0
596093,caren_hortensia,05_CHARACTER,4,1297,9543,0
1799502,shun_(small)_(blue_archive),05_CHARACTER,4,1297,9544,0
542685,oribe_yasuna,05_CHARACTER,4,1296,9545,0
587823,tsurumaki_maki,05_CHARACTER,4,1296,9546,0
601379,takagi-san,05_CHARACTER,4,1296,9547,0
1933141,hakui_koyori_(1st_costume),05_CHARACTER,4,1296,9548,0
1407495,eurasian_eagle_owl_(kemono_friends),05_CHARACTER,4,1295,9549,0
1589614,pochita_(chainsaw_man),05_CHARACTER,4,1295,9550,0
599168,hourai_doll,05_CHARACTER,4,1293,9551,0
1639053,fubuki_kai_ni_(kancolle),05_CHARACTER,4,1293,9552,0
664000,ichihara_nina,05_CHARACTER,4,1291,9553,0
1579913,yamato_(one_piece),05_CHARACTER,4,1291,9554,0
672515,abe_nana,05_CHARACTER,4,1288,9555,0
421683,angel_(kof),05_CHARACTER,4,1287,9556,0
644430,rias_gremory,05_CHARACTER,4,1287,9557,0
558421,high_priest_(ragnarok_online),05_CHARACTER,4,1286,9558,0
681655,oikawa_shizuku,05_CHARACTER,4,1286,9559,0
1899592,pod_(nier:automata),05_CHARACTER,4,1285,9560,0
1567158,asahina_mafuyu,05_CHARACTER,4,1285,9561,0
1705709,irene_(arknights),05_CHARACTER,4,1284,9562,0
1420943,tennouji_rina,05_CHARACTER,4,1282,9563,0
1318793,zeta_(granblue_fantasy),05_CHARACTER,4,1281,9564,0
1780213,hina_(swimsuit)_(blue_archive),05_CHARACTER,4,1279,9565,0
555,haro,05_CHARACTER,4,1278,9566,0
433648,gyro_zeppeli,05_CHARACTER,4,1277,9567,0
532518,cure_marine,05_CHARACTER,4,1276,9568,0
1631154,maikaze_(kancolle),05_CHARACTER,4,1275,9569,0
1386434,momota_kaito,05_CHARACTER,4,1274,9570,0
1611841,haruna_(blue_archive),05_CHARACTER,4,1272,9571,0
1671729,sirius_symboli_(umamusume),05_CHARACTER,4,1272,9572,0
1631255,ooshio_(kancolle),05_CHARACTER,4,1271,9573,0
6177,moogle,05_CHARACTER,4,1269,9574,0
1542249,assam_(girls_und_panzer),05_CHARACTER,4,1269,9575,0
893075,suou_momoko,05_CHARACTER,4,1269,9576,0
1414917,alpaca_suri_(kemono_friends),05_CHARACTER,4,1269,9577,0
1442807,marie_(girls_und_panzer),05_CHARACTER,4,1269,9578,0
1937492,tsukino_mito_(1st_costume),05_CHARACTER,4,1268,9579,0
425767,espeon,05_CHARACTER,4,1266,9580,0
437588,kuma_(persona_4),05_CHARACTER,4,1266,9581,0
533537,ciel_(tsukihime),05_CHARACTER,4,1265,9582,0
1644991,matikanefukukitaru_(umamusume),05_CHARACTER,4,1264,9583,0
422389,cyndaquil,05_CHARACTER,4,1263,9584,0
1631068,johnston_(kancolle),05_CHARACTER,4,1263,9585,0
11052,maebara_keiichi,05_CHARACTER,4,1262,9586,0
1814893,magical_mirai_miku,05_CHARACTER,4,1262,9587,0
1567149,ootori_emu,05_CHARACTER,4,1259,9588,0
464855,sailor_venus,05_CHARACTER,4,1257,9589,0
445845,charmander,05_CHARACTER,4,1256,9590,0
1299395,amanogawa_kirara,05_CHARACTER,4,1256,9591,0
1814441,arlecchino_(genshin_impact),05_CHARACTER,4,1254,9592,0
1477331,osaki_tenka,05_CHARACTER,4,1252,9593,0
1594449,kashino_(azur_lane),05_CHARACTER,4,1252,9594,0
554323,may_(guilty_gear),05_CHARACTER,4,1250,9595,0
421102,minna-dietlinde_wilcke,05_CHARACTER,4,1250,9596,0
618147,honma_meiko,05_CHARACTER,4,1250,9597,0
1459180,kazano_hiori,05_CHARACTER,4,1250,9598,0
1696728,rydia_(ff4),05_CHARACTER,4,1249,9599,0
1447775,katou_asuka,05_CHARACTER,4,1248,9600,0
1520852,hozuki_momiji,05_CHARACTER,4,1248,9601,0
1282191,hoshino_fumina,05_CHARACTER,4,1247,9602,0
1481030,caenis_(fate),05_CHARACTER,4,1247,9603,0
1972693,shiori_novella,05_CHARACTER,4,1247,9604,0
1472521,medea_(fate),05_CHARACTER,4,1246,9605,0
1305388,namazuo_toushirou,05_CHARACTER,4,1245,9606,0
2060124,marcille_donato,05_CHARACTER,4,1245,9607,0
1682879,seia_(blue_archive),05_CHARACTER,4,1245,9608,0
1406070,jaguar_(kemono_friends),05_CHARACTER,4,1240,9609,0
459048,momozono_love,05_CHARACTER,4,1238,9610,0
633741,furutani_himawari,05_CHARACTER,4,1238,9611,0
713156,hoshimiya_ichigo,05_CHARACTER,4,1238,9612,0
1842585,alear_(fire_emblem),05_CHARACTER,4,1237,9613,0
597205,silica,05_CHARACTER,4,1236,9614,0
1627521,boudica_(fate),05_CHARACTER,4,1235,9615,0
1645008,smart_falcon_(umamusume),05_CHARACTER,4,1235,9616,0
1810886,dehya_(genshin_impact),05_CHARACTER,4,1234,9617,0
566644,blaze_the_cat,05_CHARACTER,4,1233,9618,0
1933147,murasaki_shion_(1st_costume),05_CHARACTER,4,1232,9619,0
7459,white_mage,05_CHARACTER,4,1231,9620,0
501746,shadow_the_hedgehog,05_CHARACTER,4,1231,9621,0
464856,sailor_mars,05_CHARACTER,4,1230,9622,0
1232066,armin_arlert,05_CHARACTER,4,1230,9623,0
1462463,arisugawa_natsuha,05_CHARACTER,4,1228,9624,0
1567160,akiyama_mizuki,05_CHARACTER,4,1227,9625,0
1349627,saitama_(one-punch_man),05_CHARACTER,4,1226,9626,0
1292110,shidare_hotaru,05_CHARACTER,4,1226,9627,0
1654888,tenkyuu_chimata,05_CHARACTER,4,1226,9628,0
1631536,hilichurl_(genshin_impact),05_CHARACTER,4,1224,9629,0
445831,green_(pokemon),05_CHARACTER,4,1219,9630,0
1603873,mountain_(arknights),05_CHARACTER,4,1218,9631,0
1402193,nanachi_(made_in_abyss),05_CHARACTER,4,1217,9632,0
1514243,shigure_ui_(vtuber),05_CHARACTER,4,1217,9633,0
1564800,moona_hoshinova,05_CHARACTER,4,1217,9634,0
544078,lucas_(pokemon),05_CHARACTER,4,1216,9635,0
1305386,honebami_toushirou,05_CHARACTER,4,1216,9636,0
1125853,enkidu_(fate),05_CHARACTER,4,1215,9637,0
618301,ivan_karelin,05_CHARACTER,4,1215,9638,0
1933142,kazama_iroha_(1st_costume),05_CHARACTER,4,1215,9639,0
1594283,shinano_(azur_lane),05_CHARACTER,4,1214,9640,0
1622926,akane_(blue_archive),05_CHARACTER,4,1214,9641,0
1761329,sprigatito,05_CHARACTER,4,1214,9642,0
1644995,meisho_doto_(umamusume),05_CHARACTER,4,1214,9643,0
533539,kohaku_(tsukihime),05_CHARACTER,4,1212,9644,0
1536880,zara_(azur_lane),05_CHARACTER,4,1209,9645,0
8760,kusanagi_motoko,05_CHARACTER,4,1208,9646,0
564326,nakamura_yuri,05_CHARACTER,4,1208,9647,0
1631180,mikuma_(kancolle),05_CHARACTER,4,1208,9648,0
1856034,backbeako,05_CHARACTER,4,1206,9649,0
1571010,takasaki_yuu,05_CHARACTER,4,1206,9650,0
1333583,kozakura_marry,05_CHARACTER,4,1205,9651,0
1617664,rosaria_(genshin_impact),05_CHARACTER,4,1204,9652,0
1561721,ichikawa_hinana,05_CHARACTER,4,1203,9653,0
1233044,yuuki_haru,05_CHARACTER,4,1202,9654,0
1288043,pipimi,05_CHARACTER,4,1202,9655,0
1303946,midare_toushirou,05_CHARACTER,4,1201,9656,0
1533343,bede_(pokemon),05_CHARACTER,4,1201,9657,0
1560602,kyouka_(princess_connect!),05_CHARACTER,4,1201,9658,0
528478,sabrina_(pokemon),05_CHARACTER,4,1200,9659,0
1630717,hatsushimo_(kancolle),05_CHARACTER,4,1199,9660,0
1436151,uzaki_hana,05_CHARACTER,4,1199,9661,0
1515913,reines_el-melloi_archisorte,05_CHARACTER,4,1198,9662,0
375278,tohsaka_tokiomi,05_CHARACTER,4,1197,9663,0
1572402,xiangling_(genshin_impact),05_CHARACTER,4,1197,9664,0
1624311,nagi_(kannagi),05_CHARACTER,4,1196,9665,0
1401930,nemoto_hina,05_CHARACTER,4,1196,9666,0
1538944,sussurro_(arknights),05_CHARACTER,4,1195,9667,0
1630538,chitose_(kancolle),05_CHARACTER,4,1192,9668,0
1631019,i-26_(kancolle),05_CHARACTER,4,1192,9669,0
1541815,rabbit_yukine,05_CHARACTER,4,1191,9670,0
1933109,amane_kanata_(1st_costume),05_CHARACTER,4,1191,9671,0
425769,leafeon,05_CHARACTER,4,1190,9672,0
1405299,emperor_penguin_(kemono_friends),05_CHARACTER,4,1190,9673,0
1682889,wakamo_(blue_archive),05_CHARACTER,4,1190,9674,0
402795,meowth,05_CHARACTER,4,1189,9675,0
1391739,karna_(fate),05_CHARACTER,4,1189,9676,0
1631518,zara_(kancolle),05_CHARACTER,4,1189,9677,0
1239071,tsukuyomi_shirabe,05_CHARACTER,4,1188,9678,0
1496142,minamoto_sakura,05_CHARACTER,4,1188,9679,0
375868,kururugi_suzaku,05_CHARACTER,4,1187,9680,0
1277829,sento_isuzu,05_CHARACTER,4,1187,9681,0
1639062,haruna_kai_ni_(kancolle),05_CHARACTER,4,1187,9682,0
1334050,frisk_(undertale),05_CHARACTER,4,1185,9683,0
1431995,minamoto_no_raikou_(swimsuit_lancer)_(fate),05_CHARACTER,4,1184,9684,0
1487055,sasaki_saku,05_CHARACTER,4,1184,9685,0
712140,kawashima_momo,05_CHARACTER,4,1183,9686,0
1229728,kitazawa_shiho,05_CHARACTER,4,1183,9687,0
1247199,braixen,05_CHARACTER,4,1183,9688,0
176593,takeba_yukari,05_CHARACTER,4,1182,9689,0
1242334,ta-class_battleship,05_CHARACTER,4,1181,9690,0
1600783,ryoumen_sukuna_(jujutsu_kaisen),05_CHARACTER,4,1180,9691,0
1886373,sora_harewataru,05_CHARACTER,4,1179,9692,0
10145,tsuruya,05_CHARACTER,4,1178,9693,0
420502,guido_mista,05_CHARACTER,4,1178,9694,0
1630667,fumizuki_(kancolle),05_CHARACTER,4,1177,9695,0
745262,celestia_ludenberg,05_CHARACTER,4,1174,9696,0
1625351,eimi_(blue_archive),05_CHARACTER,4,1173,9697,0
528716,yui_(angel_beats!),05_CHARACTER,4,1170,9698,0
7566,kamikita_komari,05_CHARACTER,4,1169,9699,0
485033,sora_(kingdom_hearts),05_CHARACTER,4,1167,9700,0
1055501,micaiah_(fire_emblem),05_CHARACTER,4,1167,9701,0
1630715,hatsukaze_(kancolle),05_CHARACTER,4,1167,9702,0
1305416,saniwa_(touken_ranbu),05_CHARACTER,4,1167,9703,0
1495229,mizuno_ai,05_CHARACTER,4,1167,9704,0
1630536,chikuma_(kancolle),05_CHARACTER,4,1165,9705,0
1667213,m200_(girls'_frontline),05_CHARACTER,4,1165,9706,0
1242336,ru-class_battleship,05_CHARACTER,4,1163,9707,0
1246940,matoba_risa,05_CHARACTER,4,1163,9708,0
1732814,kongou_kai_ni_(kancolle),05_CHARACTER,4,1163,9709,0
1522347,suzuhara_lulu,05_CHARACTER,4,1163,9710,0
396070,watatsuki_no_toyohime,05_CHARACTER,4,1162,9711,0
1638054,fu_hua_(herrscher_of_sentience),05_CHARACTER,4,1162,9712,0
1644984,fine_motion_(umamusume),05_CHARACTER,4,1162,9713,0
1607439,arjuna_(fate),05_CHARACTER,4,1161,9714,0
1631106,kazagumo_(kancolle),05_CHARACTER,4,1161,9715,0
1548047,vikala_(granblue_fantasy),05_CHARACTER,4,1160,9716,0
1440644,inuyama_aoi,05_CHARACTER,4,1159,9717,0
1630728,hayasui_(kancolle),05_CHARACTER,4,1158,9718,0
1714815,himari_(blue_archive),05_CHARACTER,4,1157,9719,0
1799880,nemona_(pokemon),05_CHARACTER,4,1157,9720,0
1971284,koharu_(swimsuit)_(blue_archive),05_CHARACTER,4,1156,9721,0
1629448,passionlip_(fate),05_CHARACTER,4,1155,9722,0
1440247,yamashiro_(azur_lane),05_CHARACTER,4,1155,9723,0
1781047,artoria_pendragon_(alter_swimsuit_rider)_(second_ascension)_(fate),05_CHARACTER,4,1155,9724,0
1452674,frankenstein's_monster_(fate),05_CHARACTER,4,1154,9725,0
1631088,kako_(kancolle),05_CHARACTER,4,1154,9726,0
1962844,neuvillette_(genshin_impact),05_CHARACTER,4,1154,9727,0
12212,kurosaki_ichigo,05_CHARACTER,4,1153,9728,0
1448421,pearl_(splatoon),05_CHARACTER,4,1153,9729,0
1933196,ouro_kronii_(1st_costume),05_CHARACTER,4,1152,9730,0
6000,baiken,05_CHARACTER,4,1151,9731,0
394620,yuuki_mikan,05_CHARACTER,4,1150,9732,0
592339,tepig,05_CHARACTER,4,1150,9733,0
1760945,kuki_shinobu,05_CHARACTER,4,1149,9734,0
688842,leon_s._kennedy,05_CHARACTER,4,1147,9735,0
1362417,elaina_(majo_no_tabitabi),05_CHARACTER,4,1147,9736,0
1527167,azura_(fire_emblem),05_CHARACTER,4,1146,9737,0
8305,tomoe_hotaru,05_CHARACTER,4,1144,9738,0
701392,mioda_ibuki,05_CHARACTER,4,1140,9739,0
1629357,medb_(fate),05_CHARACTER,4,1139,9740,0
1366296,popplio,05_CHARACTER,4,1138,9741,0
1806082,nonomi_(swimsuit)_(blue_archive),05_CHARACTER,4,1138,9742,0
661692,dante_(devil_may_cry),05_CHARACTER,4,1137,9743,0
87514,cure_black,05_CHARACTER,4,1136,9744,0
1489783,carpaccio_(girls_und_panzer),05_CHARACTER,4,1135,9745,0
466365,mega_man_(character),05_CHARACTER,4,1132,9746,0
1292965,jirou_kyouka,05_CHARACTER,4,1132,9747,0
1631246,nowaki_(kancolle),05_CHARACTER,4,1132,9748,0
1660217,lucoa_(maidragon),05_CHARACTER,4,1132,9749,0
1932167,caelus_(honkai:_star_rail),05_CHARACTER,4,1131,9750,0
1629366,xuangzang_sanzang_(fate),05_CHARACTER,4,1130,9751,0
1513843,grookey,05_CHARACTER,4,1128,9752,0
1645009,super_creek_(umamusume),05_CHARACTER,4,1128,9753,0
1644996,mejiro_dober_(umamusume),05_CHARACTER,4,1125,9754,0
8896,backbeard,05_CHARACTER,4,1124,9755,0
472786,america_(hetalia),05_CHARACTER,4,1123,9756,0
1645001,narita_taishin_(umamusume),05_CHARACTER,4,1123,9757,0
1589903,yin_(darker_than_black),05_CHARACTER,4,1122,9758,0
1631147,littorio_(kancolle),05_CHARACTER,4,1122,9759,0
1598866,sucrose_(genshin_impact),05_CHARACTER,4,1121,9760,0
438329,torchic,05_CHARACTER,4,1120,9761,0
379900,squall_leonhart,05_CHARACTER,4,1120,9762,0
12213,matsumoto_rangiku,05_CHARACTER,4,1118,9763,0
1334378,albedo_(overlord),05_CHARACTER,4,1118,9764,0
1646463,gwen_(league_of_legends),05_CHARACTER,4,1117,9765,0
15312,millia_rage,05_CHARACTER,4,1116,9766,0
1572599,rosmontis_(arknights),05_CHARACTER,4,1116,9767,0
502557,nu-13,05_CHARACTER,4,1114,9768,0
1846972,lucy_(cyberpunk),05_CHARACTER,4,1113,9769,0
630836,huang_baoling,05_CHARACTER,4,1112,9770,0
1606545,diona_(genshin_impact),05_CHARACTER,4,1111,9771,0
1684742,t.m._opera_o_(umamusume),05_CHARACTER,4,1111,9772,0
1230568,isabelle_(animal_crossing),05_CHARACTER,4,1110,9773,0
1573025,isekai_joucho,05_CHARACTER,4,1110,9774,0
461046,killua_zoldyck,05_CHARACTER,4,1108,9775,0
378066,chris_redfield,05_CHARACTER,4,1108,9776,0
601489,maizono_sayaka,05_CHARACTER,4,1108,9777,0
1631192,mochizuki_(kancolle),05_CHARACTER,4,1108,9778,0
1631437,tsushima_(kancolle),05_CHARACTER,4,1108,9779,0
717859,nate_(pokemon),05_CHARACTER,4,1108,9780,0
1295903,pharah_(overwatch),05_CHARACTER,4,1107,9781,0
1906527,kieran_(pokemon),05_CHARACTER,4,1107,9782,0
1304228,izumi-no-kami_kanesada,05_CHARACTER,4,1105,9783,0
1551455,silence_(arknights),05_CHARACTER,4,1105,9784,0
550750,cure_sunshine,05_CHARACTER,4,1104,9785,0
1627153,medjed_(fate),05_CHARACTER,4,1104,9786,0
1720788,lynette_(genshin_impact),05_CHARACTER,4,1104,9787,0
654355,kazanari_tsubasa,05_CHARACTER,4,1103,9788,0
1478568,merlin_(fate),05_CHARACTER,4,1103,9789,0
1926018,luo_xiaohei,05_CHARACTER,4,1102,9790,0
1611905,hoshino_ruby,05_CHARACTER,4,1102,9791,0
715313,marth_(fire_emblem),05_CHARACTER,4,1101,9792,0
711467,kamukura_izuru,05_CHARACTER,4,1101,9793,0
1319288,yoroizuka_mizore,05_CHARACTER,4,1101,9794,0
1343724,miyamizu_mitsuha,05_CHARACTER,4,1101,9795,0
1280966,kaneki_ken,05_CHARACTER,4,1099,9796,0
1500657,hayasaka_ai,05_CHARACTER,4,1098,9797,0
1557434,ceobe_(arknights),05_CHARACTER,4,1098,9798,0
1281721,slaine_troyard,05_CHARACTER,4,1095,9799,0
1631396,takanami_(kancolle),05_CHARACTER,4,1095,9800,0
435392,boa_hancock,05_CHARACTER,4,1093,9801,0
597292,fujisaki_chihiro,05_CHARACTER,4,1093,9802,0
1978848,a2_(nier:automata),05_CHARACTER,4,1093,9803,0
503437,eve_(elsword),05_CHARACTER,4,1092,9804,0
423518,berserker_(fate/zero),05_CHARACTER,4,1090,9805,0
657796,cure_beauty,05_CHARACTER,4,1089,9806,0
628333,yumi_(senran_kagura),05_CHARACTER,4,1089,9807,0
1509864,prinz_eugen_(unfading_smile)_(azur_lane),05_CHARACTER,4,1089,9808,0
1447393,alina_gray,05_CHARACTER,4,1089,9809,0
1797173,hyakumantenbara_salome,05_CHARACTER,4,1089,9810,0
1246632,monomi_(danganronpa),05_CHARACTER,4,1088,9811,0
1572071,justice_(helltaker),05_CHARACTER,4,1086,9812,0
1799499,neru_(bunny)_(blue_archive),05_CHARACTER,4,1085,9813,0
1631040,intrepid_(kancolle),05_CHARACTER,4,1084,9814,0
1292136,raphtalia,05_CHARACTER,4,1083,9815,0
1829693,florian_(pokemon),05_CHARACTER,4,1083,9816,0
532519,cure_blossom,05_CHARACTER,4,1082,9817,0
1552816,blaze_(arknights),05_CHARACTER,4,1082,9818,0
1591636,goh_(pokemon),05_CHARACTER,4,1082,9819,0
1177793,katou_megumi,05_CHARACTER,4,1079,9820,0
743241,racing_miku,05_CHARACTER,4,1077,9821,0
1657250,finana_ryugu,05_CHARACTER,4,1077,9822,0
15840,kos-mos,05_CHARACTER,4,1076,9823,0
596161,steven_stone,05_CHARACTER,4,1076,9824,0
1524996,ifrit_(arknights),05_CHARACTER,4,1075,9825,0
1515527,izumi_mei,05_CHARACTER,4,1075,9826,0
705643,ib_(ib),05_CHARACTER,4,1073,9827,0
1316824,spider-gwen,05_CHARACTER,4,1073,9828,0
464858,sailor_jupiter,05_CHARACTER,4,1072,9829,0
14569,jill_valentine,05_CHARACTER,4,1072,9830,0
428743,estellise_sidos_heurassein,05_CHARACTER,4,1072,9831,0
1252365,calem_(pokemon),05_CHARACTER,4,1071,9832,0
1387115,scathach_(swimsuit_assassin)_(fate),05_CHARACTER,4,1069,9833,0
1519338,nursery_rhyme_(fate),05_CHARACTER,4,1068,9834,0
1241962,kishinami_hakuno_(female),05_CHARACTER,4,1067,9835,0
1591011,nia_(blade)_(xenoblade),05_CHARACTER,4,1067,9836,0
664409,sajo_yukimi,05_CHARACTER,4,1064,9837,0
1243761,tsukumo_yatsuhashi,05_CHARACTER,4,1064,9838,0
416695,uryuu_ryuunosuke,05_CHARACTER,4,1062,9839,0
1412049,mitake_ran,05_CHARACTER,4,1062,9840,0
1525261,platinum_(arknights),05_CHARACTER,4,1062,9841,0
1840092,anis_(nikke),05_CHARACTER,4,1062,9842,0
7583,fukuzawa_yumi,05_CHARACTER,4,1061,9843,0
186196,winry_rockbell,05_CHARACTER,4,1061,9844,0
1155353,kars_(jojo),05_CHARACTER,4,1060,9845,0
445935,flareon,05_CHARACTER,4,1060,9846,0
1403111,sucy_manbavaran,05_CHARACTER,4,1060,9847,0
1229730,makabe_mizuki,05_CHARACTER,4,1059,9848,0
1455448,nagato_(azur_lane),05_CHARACTER,4,1059,9849,0
1533061,bernadetta_von_varley,05_CHARACTER,4,1059,9850,0
1579977,cheshire_(azur_lane),05_CHARACTER,4,1059,9851,0
376498,zidane_tribal,05_CHARACTER,4,1058,9852,0
436529,toon_link,05_CHARACTER,4,1058,9853,0
664191,tada_riina,05_CHARACTER,4,1058,9854,0
1634596,hoshino_aquamarine,05_CHARACTER,4,1058,9855,0
1350177,violet_evergarden,05_CHARACTER,4,1056,9856,0
1531303,swire_(arknights),05_CHARACTER,4,1056,9857,0
1447950,nearl_(arknights),05_CHARACTER,4,1053,9858,0
422393,jirachi,05_CHARACTER,4,1052,9859,0
628623,sorceress_(dragon's_crown),05_CHARACTER,4,1052,9860,0
1420954,nakasu_kasumi,05_CHARACTER,4,1051,9861,0
9687,kula_diamond,05_CHARACTER,4,1049,9862,0
587354,lux_(league_of_legends),05_CHARACTER,4,1049,9863,0
1631276,roma_(kancolle),05_CHARACTER,4,1049,9864,0
439063,rachel_alucard,05_CHARACTER,4,1048,9865,0
701163,kisaragi_shintarou,05_CHARACTER,4,1048,9866,0
1423942,eris_greyrat,05_CHARACTER,4,1048,9867,0
437349,garchomp,05_CHARACTER,4,1045,9868,0
1341416,ferry_(granblue_fantasy),05_CHARACTER,4,1045,9869,0
1344209,roxy_migurdia,05_CHARACTER,4,1045,9870,0
1534941,claude_von_riegan,05_CHARACTER,4,1045,9871,0
1722586,abigail_williams_(traveling_outfit)_(fate),05_CHARACTER,4,1045,9872,0
464824,hinaichigo,05_CHARACTER,4,1044,9873,0
526169,trunks_(dragon_ball),05_CHARACTER,4,1042,9874,0
1766156,astolfo_(sailor_paladin)_(fate),05_CHARACTER,4,1042,9875,0
1366290,okumura_haru,05_CHARACTER,4,1040,9876,0
382261,subaru_nakajima,05_CHARACTER,4,1039,9877,0
1631530,collei_(genshin_impact),05_CHARACTER,4,1039,9878,0
1645715,zero_(mega_man),05_CHARACTER,4,1038,9879,0
1933137,nakiri_ayame_(1st_costume),05_CHARACTER,4,1038,9880,0
1443456,takeda_harumi_(shiromanta),05_CHARACTER,4,1037,9881,0
1285741,suzukaze_aoba,05_CHARACTER,4,1036,9882,0
1667166,ro635_(girls'_frontline),05_CHARACTER,4,1036,9883,0
1790620,clumsy_nun_(diva),05_CHARACTER,4,1036,9884,0
1646030,daitaku_helios_(umamusume),05_CHARACTER,4,1036,9885,0
402521,meta_knight,05_CHARACTER,4,1035,9886,0
12099,komaki_manaka,05_CHARACTER,4,1034,9887,0
1583984,kino_(kino_no_tabi),05_CHARACTER,4,1034,9888,0
1314604,sakurajima_mai,05_CHARACTER,4,1034,9889,0
1241333,sanageyama_uzu,05_CHARACTER,4,1032,9890,0
1533059,dorothea_arnault,05_CHARACTER,4,1031,9891,0
436841,raven_(dc),05_CHARACTER,4,1029,9892,0
1733431,murasame_kai_ni_(kancolle),05_CHARACTER,4,1029,9893,0
13066,okazaki_yumemi,05_CHARACTER,4,1028,9894,0
567695,cheren_(pokemon),05_CHARACTER,4,1027,9895,0
1318266,clarisse_(granblue_fantasy),05_CHARACTER,4,1027,9896,0
1479891,rimuru_tempest,05_CHARACTER,4,1027,9897,0
1631064,jingei_(kancolle),05_CHARACTER,4,1027,9898,0
1304904,horikawa_kunihiro,05_CHARACTER,4,1025,9899,0
378317,garnet_til_alexandros_xvii,05_CHARACTER,4,1024,9900,0
605171,kujou_karen,05_CHARACTER,4,1024,9901,0
1351075,yunyun_(konosuba),05_CHARACTER,4,1024,9902,0
1627618,king_hassan_(fate),05_CHARACTER,4,1023,9903,0
1606513,len_(tsukihime),05_CHARACTER,4,1022,9904,0
474262,slime_(dragon_quest),05_CHARACTER,4,1020,9905,0
385133,ushiromiya_maria,05_CHARACTER,4,1020,9906,0
1645010,sweep_tosho_(umamusume),05_CHARACTER,4,1020,9907,0
981832,guts_(berserk),05_CHARACTER,4,1019,9908,0
1410354,purah,05_CHARACTER,4,1019,9909,0
1925037,protagonist_3_(housamo),05_CHARACTER,4,1019,9910,0
1593833,crewmate_(among_us),05_CHARACTER,4,1019,9911,0
1684882,florence_nightingale_(trick_or_treatment)_(fate),05_CHARACTER,4,1018,9912,0
1524346,pramanix_(arknights),05_CHARACTER,4,1018,9913,0
1631480,yamagumo_(kancolle),05_CHARACTER,4,1017,9914,0
378846,tenjouin_asuka,05_CHARACTER,4,1015,9915,0
429524,mudkip,05_CHARACTER,4,1015,9916,0
1506004,amagi_(azur_lane),05_CHARACTER,4,1015,9917,0
717654,kiriya_aoi,05_CHARACTER,4,1014,9918,0
1630474,akitsushima_(kancolle),05_CHARACTER,4,1014,9919,0
1566087,yoisaki_kanade,05_CHARACTER,4,1014,9920,0
1827586,blade_(honkai:_star_rail),05_CHARACTER,4,1014,9921,0
1537880,dimitri_alexandre_blaiddyd,05_CHARACTER,4,1013,9922,0
354942,alphonse_elric,05_CHARACTER,4,1012,9923,0
716728,kitashirakawa_tamako,05_CHARACTER,4,1012,9924,0
1432652,jack-o'_valentine,05_CHARACTER,4,1012,9925,0
252261,godzilla,05_CHARACTER,4,1012,9926,0
657791,cure_happy,05_CHARACTER,4,1010,9927,0
480039,manabe_nodoka,05_CHARACTER,4,1009,9928,0
713607,sawa_azusa,05_CHARACTER,4,1009,9929,0
539676,taneshima_popura,05_CHARACTER,4,1008,9930,0
1340376,murata_himeko,05_CHARACTER,4,1008,9931,0
1442307,ichigo_(darling_in_the_franxx),05_CHARACTER,4,1007,9932,0
1660762,new_jersey_(azur_lane),05_CHARACTER,4,1007,9933,0
383404,ibuki_fuuko,05_CHARACTER,4,1006,9934,0
376441,arle_nadja,05_CHARACTER,4,1006,9935,0
431436,momo_velia_deviluke,05_CHARACTER,4,1006,9936,0
628849,yuuki_(sao),05_CHARACTER,4,1006,9937,0
1489740,aki_rosenthal,05_CHARACTER,4,1006,9938,0
472784,japan_(hetalia),05_CHARACTER,4,1005,9939,0
1459805,yukoku_kiriko,05_CHARACTER,4,1005,9940,0
1611382,pavolia_reine,05_CHARACTER,4,1005,9941,0
1701951,arataki_itto,05_CHARACTER,4,1005,9942,0
461883,chikorita,05_CHARACTER,4,1004,9943,0
487246,araragi_karen,05_CHARACTER,4,1004,9944,0
1600590,haruka_(blue_archive),05_CHARACTER,4,1004,9945,0
423041,rouge_the_bat,05_CHARACTER,4,1003,9946,0
1496206,kuzuha_(nijisanji),05_CHARACTER,4,1003,9947,0
1754603,mio_(xenoblade),05_CHARACTER,4,1003,9948,0
657794,cure_march,05_CHARACTER,4,1001,9949,0
664614,ryuzaki_kaoru,05_CHARACTER,4,1001,9950,0
1275005,ousaka_shizuku,05_CHARACTER,4,1001,9951,0
1783064,miyamoto_musashi_(swimsuit_berserker)_(second_ascension)_(fate),05_CHARACTER,4,1001,9952,0
594282,cure_melody,05_CHARACTER,4,1000,9953,0
688703,miia_(monster_musume),05_CHARACTER,4,999,9954,0
1560517,utage_(arknights),05_CHARACTER,4,998,9955,0
1323324,yuna_(ff10),05_CHARACTER,4,994,9956,0
1404598,ilulu_(maidragon),05_CHARACTER,4,994,9957,0
1479271,rengoku_kyoujurou,05_CHARACTER,4,994,9958,0
1706188,ame-chan_(needy_girl_overdose),05_CHARACTER,4,994,9959,0
286,kooh,05_CHARACTER,4,993,9960,0
439615,misaka_imouto,05_CHARACTER,4,993,9961,0
691588,pit_(kid_icarus),05_CHARACTER,4,993,9962,0
534615,tails_(sonic),05_CHARACTER,4,993,9963,0
12095,aozaki_aoko,05_CHARACTER,4,992,9964,0
1257905,shirayuki_hime,05_CHARACTER,4,992,9965,0
1767936,cu_chulainn_alter_(fate),05_CHARACTER,4,992,9966,0
717540,yotsuba_alice,05_CHARACTER,4,991,9967,0
1933174,shirogane_noel_(1st_costume),05_CHARACTER,4,991,9968,0
1567150,kusanagi_nene,05_CHARACTER,4,989,9969,0
1783170,meltryllis_(swimsuit_lancer)_(first_ascension)_(fate),05_CHARACTER,4,988,9970,0
1967582,justice_task_force_member_(blue_archive),05_CHARACTER,4,988,9971,0
1569872,yuuki_(princess_connect!),05_CHARACTER,4,987,9972,0
2026878,ishmael_(project_moon),05_CHARACTER,4,987,9973,0
12093,tohno_shiki,05_CHARACTER,4,986,9974,0
1554751,damian_desmond,05_CHARACTER,4,986,9975,0
1567152,kamishiro_rui,05_CHARACTER,4,986,9976,0
533538,hisui_(tsukihime),05_CHARACTER,4,985,9977,0
482492,tendou_akane,05_CHARACTER,4,985,9978,0
420074,izayoi_aki,05_CHARACTER,4,985,9979,0
2026769,employee_(project_moon),05_CHARACTER,4,985,9980,0
381743,yumehara_nozomi,05_CHARACTER,4,984,9981,0
1515002,aisha_landar,05_CHARACTER,4,984,9982,0
1387746,yuri_plisetsky,05_CHARACTER,4,984,9983,0
1405056,lion_(kemono_friends),05_CHARACTER,4,983,9984,0
1560591,yui_(princess_connect!),05_CHARACTER,4,983,9985,0
1285682,iroha_(samurai_spirits),05_CHARACTER,4,982,9986,0
1627134,euryale_(fate),05_CHARACTER,4,981,9987,0
1254335,marie_rose,05_CHARACTER,4,980,9988,0
1435684,merlin_(fate/prototype),05_CHARACTER,4,979,9989,0
676594,lulu_(league_of_legends),05_CHARACTER,4,978,9990,0
1222099,nanao_yuriko,05_CHARACTER,4,976,9991,0
1290263,danua,05_CHARACTER,4,976,9992,0
1631002,hornet_(kancolle),05_CHARACTER,4,975,9993,0
1319289,kasaki_nozomi,05_CHARACTER,4,973,9994,0
1456824,nekomusume_(gegege_no_kitarou_6),05_CHARACTER,4,972,9995,0
1629433,annie_leonhart,05_CHARACTER,4,972,9996,0
50896,pichu,05_CHARACTER,4,971,9997,0
438937,spider-man,05_CHARACTER,4,970,9998,0
1571004,shibuya_kanon,05_CHARACTER,4,970,9999,0
1303902,miss_cloud,05_CHARACTER,4,969,10000,0
665521,ogata_chieri,05_CHARACTER,4,968,10001,0
1572068,cerberus_(helltaker),05_CHARACTER,4,968,10002,0
1700488,enna_alouette,05_CHARACTER,4,968,10003,0
420577,shampoo_(ranma_1/2),05_CHARACTER,4,967,10004,0
472787,united_kingdom_(hetalia),05_CHARACTER,4,967,10005,0
663434,kohinata_miho,05_CHARACTER,4,967,10006,0
401814,saotome_alto,05_CHARACTER,4,966,10007,0
662826,himejima_akeno,05_CHARACTER,4,966,10008,0
1762549,mordred_(memories_at_trifas)_(fate),05_CHARACTER,4,966,10009,0
1472931,y'shtola_rhul,05_CHARACTER,4,965,10010,0
1566256,captain_(kemono_friends),05_CHARACTER,4,964,10011,0
1243506,magical_ruby,05_CHARACTER,4,963,10012,0
655527,kayneth_el-melloi_archibald,05_CHARACTER,4,963,10013,0
664381,mukai_takumi,05_CHARACTER,4,963,10014,0
1311289,lyria_(granblue_fantasy),05_CHARACTER,4,963,10015,0
1955327,miyako_(swimsuit)_(blue_archive),05_CHARACTER,4,963,10016,0
397841,ganondorf,05_CHARACTER,4,962,10017,0
1630481,amagi_(kancolle),05_CHARACTER,4,962,10018,0
1792537,zabaniyya_(housamo),05_CHARACTER,4,962,10019,0
1246021,momoe_nagisa,05_CHARACTER,4,961,10020,0
557902,priest_(ragnarok_online),05_CHARACTER,4,959,10021,0
520564,lucy_heartfilia,05_CHARACTER,4,959,10022,0
428825,narancia_ghirga,05_CHARACTER,4,958,10023,0
444532,maka_albarn,05_CHARACTER,4,958,10024,0
618134,karina_lyle,05_CHARACTER,4,958,10025,0
1631297,samuel_b._roberts_(kancolle),05_CHARACTER,4,957,10026,0
1665128,gorou_(genshin_impact),05_CHARACTER,4,957,10027,0
1473353,arthur_pendragon_(fate),05_CHARACTER,4,956,10028,0
1373495,airfield_princess,05_CHARACTER,4,955,10029,0
610702,oktavia_von_seckendorff,05_CHARACTER,4,954,10030,0
1704666,natsu_(blue_archive),05_CHARACTER,4,954,10031,0
1754602,eunie_(xenoblade),05_CHARACTER,4,954,10032,0
87516,cure_white,05_CHARACTER,4,952,10033,0
11488,sol_badguy,05_CHARACTER,4,952,10034,0
508153,okabe_rintarou,05_CHARACTER,4,952,10035,0
877404,yokoyama_nao,05_CHARACTER,4,952,10036,0
399324,vash_the_stampede,05_CHARACTER,4,951,10037,0
376579,katsura_hinagiku,05_CHARACTER,4,951,10038,0
1594498,alice_zuberg,05_CHARACTER,4,951,10039,0
1630548,commandant_teste_(kancolle),05_CHARACTER,4,951,10040,0
1461094,shizuka_rin,05_CHARACTER,4,951,10041,0
1478614,wakan_tanka,05_CHARACTER,4,951,10042,0
1476820,yozora_mel,05_CHARACTER,4,951,10043,0
536053,ghost_(modern_warfare_2),05_CHARACTER,4,950,10044,0
1345441,asahina_mirai,05_CHARACTER,4,950,10045,0
1933128,tsunomaki_watame_(1st_costume),05_CHARACTER,4,949,10046,0
1572332,helltaker_(character),05_CHARACTER,4,949,10047,0
712653,kondou_taeko,05_CHARACTER,4,948,10048,0
1407120,humboldt_penguin_(kemono_friends),05_CHARACTER,4,948,10049,0
1545097,cinderace,05_CHARACTER,4,948,10050,0
7587,toudou_shimako,05_CHARACTER,4,947,10051,0
456946,assassin_(fate/zero),05_CHARACTER,4,947,10052,0
465401,ten'ou_haruka,05_CHARACTER,4,946,10053,0
16210,lenna_charlotte_tycoon,05_CHARACTER,4,946,10054,0
1672682,type_95_(girls'_frontline),05_CHARACTER,4,946,10055,0
1544890,allister_(pokemon),05_CHARACTER,4,945,10056,0
1626859,tsubaki_(blue_archive),05_CHARACTER,4,945,10057,0
616166,caitlyn_(league_of_legends),05_CHARACTER,4,944,10058,0
1676518,thoma_(genshin_impact),05_CHARACTER,4,943,10059,0
1600181,ness_(mother_2),05_CHARACTER,4,941,10060,0
416104,eva_02,05_CHARACTER,4,941,10061,0
850878,gwen_stacy,05_CHARACTER,4,941,10062,0
425936,doujima_nanako,05_CHARACTER,4,940,10063,0
1631110,kinu_(kancolle),05_CHARACTER,4,940,10064,0
1631290,sagiri_(kancolle),05_CHARACTER,4,940,10065,0
1597904,shishio_chris,05_CHARACTER,4,940,10066,0
396114,lei_lei,05_CHARACTER,4,939,10067,0
1337528,aki_(girls_und_panzer),05_CHARACTER,4,939,10068,0
1408885,dhole_(kemono_friends),05_CHARACTER,4,939,10069,0
1672711,suomi_(girls'_frontline),05_CHARACTER,4,938,10070,0
1439979,graf_zeppelin_(azur_lane),05_CHARACTER,4,938,10071,0
1644979,air_shakur_(umamusume),05_CHARACTER,4,937,10072,0
384609,tony_tony_chopper,05_CHARACTER,4,935,10073,0
1272916,kageyama_shigeo,05_CHARACTER,4,935,10074,0
1886278,corrin_(male)_(fire_emblem),05_CHARACTER,4,935,10075,0
1631288,sado_(kancolle),05_CHARACTER,4,935,10076,0
1769566,moe_(blue_archive),05_CHARACTER,4,935,10077,0
16119,star_platinum,05_CHARACTER,4,934,10078,0
536735,yuuki_juudai,05_CHARACTER,4,934,10079,0
503373,furudo_erika,05_CHARACTER,4,934,10080,0
1444059,hammann_(azur_lane),05_CHARACTER,4,934,10081,0
466281,phoenix_wright,05_CHARACTER,4,933,10082,0
1240487,yusa_kozue,05_CHARACTER,4,933,10083,0
1886303,alear_(female)_(fire_emblem),05_CHARACTER,4,933,10084,0
471218,aragaki_ayase,05_CHARACTER,4,932,10085,0
615130,anjou_naruko,05_CHARACTER,4,932,10086,0
672299,oshino_ougi,05_CHARACTER,4,932,10087,0
1344498,vane_(granblue_fantasy),05_CHARACTER,4,932,10088,0
2061496,sakura_miko_(casual),05_CHARACTER,4,931,10089,0
1815153,mitaka_asa,05_CHARACTER,4,931,10090,0
1335159,sugimoto_saichi,05_CHARACTER,4,929,10091,0
1367142,litten,05_CHARACTER,4,929,10092,0
1597903,ryugasaki_rene,05_CHARACTER,4,928,10093,0
1530334,yorumi_rena,05_CHARACTER,4,927,10094,0
1592675,bianca_(dq5),05_CHARACTER,4,926,10095,0
254440,kirlia,05_CHARACTER,4,926,10096,0
471221,kousaka_kyousuke,05_CHARACTER,4,926,10097,0
547417,sugiura_ayano,05_CHARACTER,4,926,10098,0
1835548,reisa_(blue_archive),05_CHARACTER,4,926,10099,0
1955322,miyu_(swimsuit)_(blue_archive),05_CHARACTER,4,926,10100,0
487224,kanbaru_suruga,05_CHARACTER,4,925,10101,0
1630493,aquila_(kancolle),05_CHARACTER,4,924,10102,0
1480638,nadia_la_arwall,05_CHARACTER,4,923,10103,0
388724,lala_satalin_deviluke,05_CHARACTER,4,923,10104,0
434747,kira_yoshikage,05_CHARACTER,4,923,10105,0
1235294,kurokawa_eren,05_CHARACTER,4,922,10106,0
1443093,zundamon,05_CHARACTER,4,922,10107,0
1631590,basil_(omori),05_CHARACTER,4,922,10108,0
1670429,aegir_(azur_lane),05_CHARACTER,4,922,10109,0
473288,sister_claire,05_CHARACTER,4,921,10110,0
1439987,cleveland_(azur_lane),05_CHARACTER,4,920,10111,0
1587911,tomimi_(arknights),05_CHARACTER,4,920,10112,0
16208,faris_scherwiz,05_CHARACTER,4,919,10113,0
1688938,vira_(granblue_fantasy),05_CHARACTER,4,919,10114,0
1369698,hau_(pokemon),05_CHARACTER,4,919,10115,0
1931557,ookami_mio_(3rd_costume),05_CHARACTER,4,919,10116,0
1727047,crystalfly_(genshin_impact),05_CHARACTER,4,918,10117,0
701389,sonia_nevermind,05_CHARACTER,4,917,10118,0
1275716,hatsuharu_(kancolle),05_CHARACTER,4,917,10119,0
4858,chocobo,05_CHARACTER,4,916,10120,0
606666,shindou_takuto,05_CHARACTER,4,916,10121,0
1631170,matsuwa_(kancolle),05_CHARACTER,4,916,10122,0
1578300,taihou_(enraptured_companion)_(azur_lane),05_CHARACTER,4,916,10123,0
1505470,galo_thymos,05_CHARACTER,4,915,10124,0
717909,vi_(league_of_legends),05_CHARACTER,4,914,10125,0
14685,kazama_asuka,05_CHARACTER,4,913,10126,0
620348,keith_goodman,05_CHARACTER,4,912,10127,0
1875916,tiki_(adult)_(fire_emblem),05_CHARACTER,4,912,10128,0
1654873,himemushi_momoyo,05_CHARACTER,4,912,10129,0
1263716,kiss-shot_acerola-orion_heart-under-blade,05_CHARACTER,4,911,10130,0
1257904,aino_megumi,05_CHARACTER,4,909,10131,0
1538828,ingrid_brandl_galatea,05_CHARACTER,4,908,10132,0
654784,lord_el-melloi_ii,05_CHARACTER,4,907,10133,0
1327418,maria_cadenzavna_eve,05_CHARACTER,4,907,10134,0
1790618,froggy_nun_(diva),05_CHARACTER,4,907,10135,0
1279056,revy_(black_lagoon),05_CHARACTER,4,906,10136,0
1304226,hotarumaru,05_CHARACTER,4,906,10137,0
1823213,arven_(pokemon),05_CHARACTER,4,906,10138,0
1310847,hunter_(bloodborne),05_CHARACTER,4,905,10139,0
1386133,ogata_hyakunosuke,05_CHARACTER,4,905,10140,0
1572164,luma_(mario),05_CHARACTER,4,904,10141,0
411757,roy_(fire_emblem),05_CHARACTER,4,903,10142,0
664518,kobayakawa_sae,05_CHARACTER,4,903,10143,0
1270627,jouga_maya,05_CHARACTER,4,903,10144,0
1526525,jill_stingray,05_CHARACTER,4,903,10145,0
890228,alisa_(girls_und_panzer),05_CHARACTER,4,902,10146,0
1412894,tsurumaki_kokoro,05_CHARACTER,4,902,10147,0
1627523,bradamante_(fate),05_CHARACTER,4,901,10148,0
1610738,island_fox_(kemono_friends),05_CHARACTER,4,901,10149,0
1478519,cu_chulainn_(caster)_(fate),05_CHARACTER,4,899,10150,0
1650598,mejiro_ardan_(umamusume),05_CHARACTER,4,899,10151,0
597426,eirika_(fire_emblem),05_CHARACTER,4,898,10152,0
1933111,natsuiro_matsuri_(1st_costume),05_CHARACTER,4,898,10153,0
1763570,malenia_blade_of_miquella,05_CHARACTER,4,898,10154,0
1671353,tarnished_(elden_ring),05_CHARACTER,4,898,10155,0
1678878,la_pluma_(arknights),05_CHARACTER,4,898,10156,0
1468152,roboco-san,05_CHARACTER,4,898,10157,0
1637361,pyra_(pro_swimmer)_(xenoblade),05_CHARACTER,4,897,10158,0
1630540,chiyoda_(kancolle),05_CHARACTER,4,896,10159,0
1307315,konoe_kanata,05_CHARACTER,4,896,10160,0
1929197,aris_(maid)_(blue_archive),05_CHARACTER,4,896,10161,0
1631178,mikazuki_(kancolle),05_CHARACTER,4,895,10162,0
1386435,yumeno_himiko,05_CHARACTER,4,895,10163,0
1934875,amami_rantaro,05_CHARACTER,4,894,10164,0
1439994,akashi_(azur_lane),05_CHARACTER,4,894,10165,0
1780229,iori_(swimsuit)_(blue_archive),05_CHARACTER,4,894,10166,0
414192,rx-78-2,05_CHARACTER,4,893,10167,0
1235700,seiren_(suite_precure),05_CHARACTER,4,892,10168,0
666040,takamori_aiko,05_CHARACTER,4,892,10169,0
1394776,acerola_(pokemon),05_CHARACTER,4,892,10170,0
1976777,mococo_abyssgard_(1st_costume),05_CHARACTER,4,892,10171,0
1504965,hagoromo_lala,05_CHARACTER,4,891,10172,0
2026899,sinclair_(project_moon),05_CHARACTER,4,891,10173,0
457596,diego_brando,05_CHARACTER,4,890,10174,0
631826,sans,05_CHARACTER,4,890,10175,0
1390755,cosmog,05_CHARACTER,4,890,10176,0
1533411,neo_politan,05_CHARACTER,4,889,10177,0
1734145,ling_(arknights),05_CHARACTER,4,889,10178,0
14172,rainbow_mika,05_CHARACTER,4,888,10179,0
2061500,shirogane_noel_(casual),05_CHARACTER,4,888,10180,0
2068458,nekomata_okayu_(oversized_shirt),05_CHARACTER,4,888,10181,0
1976776,fuwawa_abyssgard_(1st_costume),05_CHARACTER,4,887,10182,0
409295,zack_fair,05_CHARACTER,4,886,10183,0
662499,nibutani_shinka,05_CHARACTER,4,886,10184,0
1631235,nenohi_(kancolle),05_CHARACTER,4,886,10185,0
1789595,saijo_juri,05_CHARACTER,4,886,10186,0
1538147,sukoya_kana,05_CHARACTER,4,886,10187,0
176585,yamagishi_fuuka,05_CHARACTER,4,885,10188,0
765367,chrom_(fire_emblem),05_CHARACTER,4,885,10189,0
2021808,kikyou_(blue_archive),05_CHARACTER,4,885,10190,0
400139,kaiou_michiru,05_CHARACTER,4,884,10191,0
621741,nyarlathotep_(nyaruko-san),05_CHARACTER,4,884,10192,0
2004297,yang_guifei_(second_ascension)_(fate),05_CHARACTER,4,884,10193,0
1258956,anna_(frozen),05_CHARACTER,4,883,10194,0
1679660,ibuki_(blue_archive),05_CHARACTER,4,883,10195,0
16001,iwakura_lain,05_CHARACTER,4,882,10196,0
1311252,fighter_(granblue_fantasy),05_CHARACTER,4,882,10197,0
1378272,alolan_vulpix,05_CHARACTER,4,881,10198,0
726764,sakura_chiyo,05_CHARACTER,4,880,10199,0
1522437,feater_(arknights),05_CHARACTER,4,880,10200,0
1586655,eunectes_(arknights),05_CHARACTER,4,880,10201,0
657795,cure_sunny,05_CHARACTER,4,879,10202,0
378592,usada_hikaru,05_CHARACTER,4,878,10203,0
552918,kaine_(nier),05_CHARACTER,4,877,10204,0
1933146,ookami_mio_(1st_costume),05_CHARACTER,4,877,10205,0
717114,kasumigaoka_utaha,05_CHARACTER,4,876,10206,0
2026828,don_quixote_(project_moon),05_CHARACTER,4,876,10207,0
693559,ingo_(pokemon),05_CHARACTER,4,875,10208,0
708151,kido_tsubomi,05_CHARACTER,4,875,10209,0
662005,mifune_miyu,05_CHARACTER,4,875,10210,0
1277846,isshiki_iroha,05_CHARACTER,4,875,10211,0
1386439,iruma_miu,05_CHARACTER,4,875,10212,0
14899,yamamura_sadako,05_CHARACTER,4,874,10213,0
1816469,izuna_(swimsuit)_(blue_archive),05_CHARACTER,4,874,10214,0
1211856,kiki_(majo_no_takkyuubin),05_CHARACTER,4,873,10215,0
623899,shirabe_ako,05_CHARACTER,4,873,10216,0
1680296,nagisa_(blue_archive),05_CHARACTER,4,873,10217,0
1822945,grusha_(pokemon),05_CHARACTER,4,873,10218,0
398745,lambdadelta,05_CHARACTER,4,872,10219,0
467599,takoluka,05_CHARACTER,4,872,10220,0
1275714,arare_(kancolle),05_CHARACTER,4,872,10221,0
1630704,harukaze_(kancolle),05_CHARACTER,4,872,10222,0
1205702,kirishima_touka,05_CHARACTER,4,871,10223,0
1521268,yoshizawa_kasumi,05_CHARACTER,4,871,10224,0
1630508,asakaze_(kancolle),05_CHARACTER,4,870,10225,0
524044,gekota,05_CHARACTER,4,869,10226,0
1439976,kisaragi_(azur_lane),05_CHARACTER,4,869,10227,0
1933167,mori_calliope_(1st_costume),05_CHARACTER,4,869,10228,0
1728033,keqing_(opulent_splendor)_(genshin_impact),05_CHARACTER,4,869,10229,0
487247,araragi_tsukihi,05_CHARACTER,4,868,10230,0
1630999,hiyou_(kancolle),05_CHARACTER,4,868,10231,0
8711,prinny,05_CHARACTER,4,867,10232,0
1782427,bb_(swimsuit_mooncancer)_(second_ascension)_(fate),05_CHARACTER,4,867,10233,0
1904758,katsuragi_ace_(umamusume),05_CHARACTER,4,867,10234,0
390798,eva_01,05_CHARACTER,4,866,10235,0
1270628,natsu_megumi,05_CHARACTER,4,866,10236,0
422413,altaria,05_CHARACTER,4,865,10237,0
455510,cure_peach,05_CHARACTER,4,865,10238,0
1667168,dinergate_(girls'_frontline),05_CHARACTER,4,865,10239,0
1441570,natsuki_(doki_doki_literature_club),05_CHARACTER,4,865,10240,0
1791907,utsumi_erice,05_CHARACTER,4,865,10241,0
1551985,sirius_(azure_horizons)_(azur_lane),05_CHARACTER,4,865,10242,0
668055,kohinata_miku,05_CHARACTER,4,864,10243,0
1667171,g36_(girls'_frontline),05_CHARACTER,4,864,10244,0
1152270,ibuki_tsubasa,05_CHARACTER,4,863,10245,0
1379601,guzma_(pokemon),05_CHARACTER,4,863,10246,0
1631405,tanikaze_(kancolle),05_CHARACTER,4,862,10247,0
1768617,scathach_(piercing_bunny)_(fate),05_CHARACTER,4,862,10248,0
602083,laura_bodewig,05_CHARACTER,4,861,10249,0
588022,cecilia_alcott,05_CHARACTER,4,860,10250,0
1304346,yagen_toushirou,05_CHARACTER,4,860,10251,0
1536980,zara_(poolside_coincidence)_(azur_lane),05_CHARACTER,4,860,10252,0
1786499,artoria_caster_(second_ascension)_(fate),05_CHARACTER,4,860,10253,0
2063323,amane_kanata_(work),05_CHARACTER,4,860,10254,0
606793,alastor_(shakugan_no_shana),05_CHARACTER,4,859,10255,0
1267895,ayane_(doa),05_CHARACTER,4,859,10256,0
491993,chibi_miku,05_CHARACTER,4,859,10257,0
1408788,brown_bear_(kemono_friends),05_CHARACTER,4,859,10258,0
1579297,male_doctor_(arknights),05_CHARACTER,4,858,10259,0
1933145,takane_lui_(1st_costume),05_CHARACTER,4,858,10260,0
1667232,rpk-16_(girls'_frontline),05_CHARACTER,4,857,10261,0
16164,celes_chere,05_CHARACTER,4,856,10262,0
452145,miyanaga_saki,05_CHARACTER,4,856,10263,0
1124739,angela_balzac,05_CHARACTER,4,856,10264,0
382135,reinforce_zwei,05_CHARACTER,4,855,10265,0
542843,nina_(fire_emblem),05_CHARACTER,4,855,10266,0
1462595,andira_(granblue_fantasy),05_CHARACTER,4,855,10267,0
1755026,fujimaru_ritsuka_(male)_(polar_chaldea_uniform),05_CHARACTER,4,855,10268,0
1535101,azki_(hololive),05_CHARACTER,4,855,10269,0
1569874,yuni_(princess_connect!),05_CHARACTER,4,855,10270,0
1441207,soap_(modern_warfare_2),05_CHARACTER,4,854,10271,0
700633,ene_(kagerou_project),05_CHARACTER,4,854,10272,0
1527238,kiran_(fire_emblem),05_CHARACTER,4,854,10273,0
410025,cinnamoroll,05_CHARACTER,4,853,10274,0
1227600,mochizuki_anna,05_CHARACTER,4,853,10275,0
1680386,senji_muramasa_(fate),05_CHARACTER,4,853,10276,0
1578189,atago_(stunning_speedster)_(azur_lane),05_CHARACTER,4,853,10277,0
1522750,projekt_red_(arknights),05_CHARACTER,4,853,10278,0
1261730,elesis_(elsword),05_CHARACTER,4,852,10279,0
445930,lapras,05_CHARACTER,4,851,10280,0
1631293,sakawa_(kancolle),05_CHARACTER,4,851,10281,0
439179,mohammed_avdol,05_CHARACTER,4,850,10282,0
1527683,yamper,05_CHARACTER,4,850,10283,0
1549856,frostnova_(arknights),05_CHARACTER,4,850,10284,0
664406,natalia_(idolmaster),05_CHARACTER,4,849,10285,0
1404427,tsuchinoko_(kemono_friends),05_CHARACTER,4,849,10286,0
1416553,maruyama_aya,05_CHARACTER,4,849,10287,0
1799498,akane_(bunny)_(blue_archive),05_CHARACTER,4,849,10288,0
2069617,ako_(dress)_(blue_archive),05_CHARACTER,4,849,10289,0
409649,gon_freecss,05_CHARACTER,4,848,10290,0
652455,maou_(maoyuu),05_CHARACTER,4,848,10291,0
668312,senkawa_chihiro,05_CHARACTER,4,847,10292,0
1667202,kalina_(girls'_frontline),05_CHARACTER,4,847,10293,0
1755030,fujimaru_ritsuka_(female)_(polar_chaldea_uniform),05_CHARACTER,4,847,10294,0
1924186,kirara_(genshin_impact),05_CHARACTER,4,847,10295,0
1505029,leonardo_da_vinci_(rider)_(fate),05_CHARACTER,4,846,10296,0
1962907,navia_(genshin_impact),05_CHARACTER,4,846,10297,0
1665104,sayu_(genshin_impact),05_CHARACTER,4,845,10298,0
1663193,white_rabbit_(alice_in_wonderland),05_CHARACTER,4,844,10299,0
1490217,homu_(honkai_impact),05_CHARACTER,4,844,10300,0
1533069,rhea_(fire_emblem),05_CHARACTER,4,844,10301,0
1643937,sunny_(omori),05_CHARACTER,4,844,10302,0
1644967,el_condor_pasa_(umamusume),05_CHARACTER,4,843,10303,0
1716063,soraka_(league_of_legends),05_CHARACTER,4,842,10304,0
1452675,achilles_(fate),05_CHARACTER,4,842,10305,0
1335210,chara_(undertale),05_CHARACTER,4,841,10306,0
550369,lightning_farron,05_CHARACTER,4,840,10307,0
1591026,pneuma_(xenoblade),05_CHARACTER,4,840,10308,0
1419237,tanned_cirno,05_CHARACTER,4,839,10309,0
555676,makoto_(street_fighter),05_CHARACTER,4,838,10310,0
545377,pannacotta_fugo,05_CHARACTER,4,838,10311,0
445934,jolteon,05_CHARACTER,4,838,10312,0
1232143,titan_(shingeki_no_kyojin),05_CHARACTER,4,837,10313,0
1276392,otokura_yuuki,05_CHARACTER,4,837,10314,0
1471118,roon_(azur_lane),05_CHARACTER,4,837,10315,0
1861329,cheval_grand_(umamusume),05_CHARACTER,4,837,10316,0
879608,toyokawa_fuka,05_CHARACTER,4,836,10317,0
1370113,sylphiette_(mushoku_tensei),05_CHARACTER,4,836,10318,0
956365,mew_(pokemon),05_CHARACTER,4,835,10319,0
422506,erika_(pokemon),05_CHARACTER,4,835,10320,0
1440255,yuudachi_(azur_lane),05_CHARACTER,4,835,10321,0
1441519,bismarck_(azur_lane),05_CHARACTER,4,835,10322,0
1686891,friend_(nanashi_mumei),05_CHARACTER,4,835,10323,0
1875918,tiki_(young)_(fire_emblem),05_CHARACTER,4,834,10324,0
1423996,asaka_karin,05_CHARACTER,4,834,10325,0
1573721,st._louis_(luxurious_wheels)_(azur_lane),05_CHARACTER,4,834,10326,0
14431,kurapika,05_CHARACTER,4,833,10327,0
708150,kano_shuuya,05_CHARACTER,4,833,10328,0
1764563,fiammetta_(arknights),05_CHARACTER,4,833,10329,0
1992651,hoshimachi_suisei_(school_uniform),05_CHARACTER,4,833,10330,0
1644972,maruzensky_(umamusume),05_CHARACTER,4,833,10331,0
9881,meer_campbell,05_CHARACTER,4,832,10332,0
1761331,fuecoco,05_CHARACTER,4,832,10333,0
1862559,meowscarada,05_CHARACTER,4,832,10334,0
1644966,biwa_hayahide_(umamusume),05_CHARACTER,4,832,10335,0
1239636,inumuta_houka,05_CHARACTER,4,832,10336,0
1933176,oozora_subaru_(1st_costume),05_CHARACTER,4,831,10337,0
1933194,omaru_polka_(1st_costume),05_CHARACTER,4,831,10338,0
1972681,koseki_bijou,05_CHARACTER,4,831,10339,0
1405054,caracal_(kemono_friends),05_CHARACTER,4,830,10340,0
428827,trish_una,05_CHARACTER,4,829,10341,0
1399945,tanya_degurechaff,05_CHARACTER,4,829,10342,0
2018079,vert_(neptunia),05_CHARACTER,4,828,10343,0
684942,garry_(ib),05_CHARACTER,4,828,10344,0
1631262,perth_(kancolle),05_CHARACTER,4,828,10345,0
1629426,mysterious_heroine_x_(fate),05_CHARACTER,4,827,10346,0
1251661,mega_gardevoir,05_CHARACTER,4,827,10347,0
1441569,yuri_(doki_doki_literature_club),05_CHARACTER,4,827,10348,0
14169,ken_masters,05_CHARACTER,4,826,10349,0
445931,ditto,05_CHARACTER,4,826,10350,0
1229733,mogami_shizuka,05_CHARACTER,4,826,10351,0
1565907,seele_(alter_ego),05_CHARACTER,4,826,10352,0
1631233,nelson_(kancolle),05_CHARACTER,4,826,10353,0
1784572,abigail_williams_(swimsuit_foreigner)_(third_ascension)_(fate),05_CHARACTER,4,826,10354,0
1630639,enemy_naval_mine_(kancolle),05_CHARACTER,4,825,10355,0
1456294,admiral_graf_spee_(azur_lane),05_CHARACTER,4,825,10356,0
713599,koyama_yuzu,05_CHARACTER,4,824,10357,0
1479269,tomioka_giyuu,05_CHARACTER,4,824,10358,0
1374967,agatsuma_zenitsu,05_CHARACTER,4,823,10359,0
722479,fennekin,05_CHARACTER,4,822,10360,0
1627556,edmond_dantes_(fate),05_CHARACTER,4,822,10361,0
1421068,miyashita_ai,05_CHARACTER,4,822,10362,0
1668461,kaf_(kamitsubaki_studio),05_CHARACTER,4,822,10363,0
11594,lina_inverse,05_CHARACTER,4,821,10364,0
538729,cure_moonlight,05_CHARACTER,4,821,10365,0
611796,litwick,05_CHARACTER,4,821,10366,0
1337529,mikko_(girls_und_panzer),05_CHARACTER,4,821,10367,0
1629302,gawain_(fate),05_CHARACTER,4,820,10368,0
1766600,abigail_williams_(third_ascension)_(fate),05_CHARACTER,4,820,10369,0
1765868,jeanne_d'arc_alter_(avenger)_(third_ascension)_(fate),05_CHARACTER,4,819,10370,0
439342,taokaka,05_CHARACTER,4,818,10371,0
462517,yamabuki_inori,05_CHARACTER,4,818,10372,0
507427,anegasaki_nene,05_CHARACTER,4,818,10373,0
1353706,mumei_(kabaneri),05_CHARACTER,4,818,10374,0
1820726,hokko_tarumae_(umamusume),05_CHARACTER,4,818,10375,0
396395,naoe_riki,05_CHARACTER,4,817,10376,0
1302247,sawamura_spencer_eriri,05_CHARACTER,4,817,10377,0
622721,korra,05_CHARACTER,4,816,10378,0
1305340,morgana_(persona_5),05_CHARACTER,4,816,10379,0
1405052,moose_(kemono_friends),05_CHARACTER,4,816,10380,0
2026816,yi_sang_(project_moon),05_CHARACTER,4,815,10381,0
16312,tenjou_utena,05_CHARACTER,4,814,10382,0
445911,magnemite,05_CHARACTER,4,813,10383,0
1293670,yamada_elf,05_CHARACTER,4,813,10384,0
1979031,pekomon_(usada_pekora),05_CHARACTER,4,813,10385,0
1730677,bronya_zaychik_(silverwing:_n-ex),05_CHARACTER,4,813,10386,0
1719451,crow_(la+_darknesss),05_CHARACTER,4,813,10387,0
506315,yumeko_(touhou),05_CHARACTER,4,812,10388,0
1229736,satake_minako,05_CHARACTER,4,812,10389,0
1522438,ushizaki_urumi,05_CHARACTER,4,812,10390,0
1630689,grecale_(kancolle),05_CHARACTER,4,812,10391,0
1626332,saga_(arknights),05_CHARACTER,4,812,10392,0
426520,waddle_dee,05_CHARACTER,4,811,10393,0
1626978,reisen_(touhou_bougetsushou),05_CHARACTER,4,811,10394,0
664499,hino_akane_(idolmaster),05_CHARACTER,4,811,10395,0
1768610,saber_alter_(ver._shinjuku_1999)_(fate),05_CHARACTER,4,811,10396,0
1567156,aoyagi_touya,05_CHARACTER,4,811,10397,0
693236,ibuki_(street_fighter),05_CHARACTER,4,810,10398,0
390231,raichu,05_CHARACTER,4,810,10399,0
1304942,female_saniwa_(touken_ranbu),05_CHARACTER,4,810,10400,0
1972284,ado_(utaite),05_CHARACTER,4,810,10401,0
410735,mewtwo,05_CHARACTER,4,808,10402,0
790426,ara_haan,05_CHARACTER,4,808,10403,0
1398095,hinatsuru_ai,05_CHARACTER,4,808,10404,0
8330,hoshino_ruri,05_CHARACTER,4,807,10405,0
516743,lance_(pokemon),05_CHARACTER,4,807,10406,0
1452666,brynhildr_(fate),05_CHARACTER,4,807,10407,0
382266,teana_lanster,05_CHARACTER,4,806,10408,0
1931458,jingliu_(honkai:_star_rail),05_CHARACTER,4,806,10409,0
445938,snorlax,05_CHARACTER,4,805,10410,0
1631348,shinshuu_maru_(kancolle),05_CHARACTER,4,805,10411,0
1567155,shinonome_akito,05_CHARACTER,4,805,10412,0
1599618,whislash_(arknights),05_CHARACTER,4,805,10413,0
1693037,le_malin_(listless_lapin)_(azur_lane),05_CHARACTER,4,805,10414,0
605494,filia_(skullgirls),05_CHARACTER,4,804,10415,0
712651,isobe_noriko,05_CHARACTER,4,804,10416,0
1933214,hakos_baelz_(1st_costume),05_CHARACTER,4,804,10417,0
1790199,copano_rickey_(umamusume),05_CHARACTER,4,804,10418,0
406554,latias,05_CHARACTER,4,803,10419,0
1240058,hange_zoe,05_CHARACTER,4,803,10420,0
1374971,female_protagonist_(pokemon_go),05_CHARACTER,4,803,10421,0
1555021,sei_shounagon_(fate),05_CHARACTER,4,803,10422,0
680146,mary_(ib),05_CHARACTER,4,802,10423,0
1782491,oberon_(third_ascension)_(fate),05_CHARACTER,4,802,10424,0
1388311,elizabeth_bathory_(brave)_(fate),05_CHARACTER,4,801,10425,0
1822926,penny_(pokemon),05_CHARACTER,4,801,10426,0
11683,optimus_prime,05_CHARACTER,4,801,10427,0
1720787,lyney_(genshin_impact),05_CHARACTER,4,800,10428,0
1764432,jeanne_d'arc_(third_ascension)_(fate),05_CHARACTER,4,799,10429,0
1682885,atsuko_(blue_archive),05_CHARACTER,4,798,10430,0
935917,hakurei_reimu_(pc-98),05_CHARACTER,4,797,10431,0
1475191,aoba_moca,05_CHARACTER,4,797,10432,0
1438842,emma_verde,05_CHARACTER,4,797,10433,0
1534451,amamiya_kokoro,05_CHARACTER,4,797,10434,0
381201,konpaku_youki,05_CHARACTER,4,796,10435,0
1644985,gold_city_(umamusume),05_CHARACTER,4,796,10436,0
1237385,akaboshi_koume,05_CHARACTER,4,795,10437,0
1346609,beatrix_(granblue_fantasy),05_CHARACTER,4,795,10438,0
1600299,blemishine_(arknights),05_CHARACTER,4,795,10439,0
1648576,mejiro_palmer_(umamusume),05_CHARACTER,4,795,10440,0
611797,chandelure,05_CHARACTER,4,794,10441,0
1627732,paul_bunyan_(fate),05_CHARACTER,4,794,10442,0
410791,king_dedede,05_CHARACTER,4,794,10443,0
1259432,oomori_yuuko,05_CHARACTER,4,793,10444,0
1643064,goutokuji_mike,05_CHARACTER,4,793,10445,0
464859,sailor_saturn,05_CHARACTER,4,792,10446,0
445834,hypno,05_CHARACTER,4,791,10447,0
1782880,angela_(project_moon),05_CHARACTER,4,791,10448,0
1452662,suzuka_gozen_(fate),05_CHARACTER,4,790,10449,0
387301,perona,05_CHARACTER,4,789,10450,0
1401541,izayoi_liko,05_CHARACTER,4,789,10451,0
1398812,kobayashi_(maidragon),05_CHARACTER,4,789,10452,0
1509649,uzaki_tsuki,05_CHARACTER,4,789,10453,0
1818873,kasumi_(blue_archive),05_CHARACTER,4,789,10454,0
1413408,small-clawed_otter_(kemono_friends),05_CHARACTER,4,787,10455,0
1584793,raiden_mei_(herrscher_of_thunder),05_CHARACTER,4,786,10456,0
1441359,shoukaku_(azur_lane),05_CHARACTER,4,785,10457,0
14491,i-no,05_CHARACTER,4,784,10458,0
935914,kazami_yuuka_(pc-98),05_CHARACTER,4,784,10459,0
1306594,ichigo_hitofuri,05_CHARACTER,4,784,10460,0
1605833,klein_moretti,05_CHARACTER,4,784,10461,0
1631012,i-13_(kancolle),05_CHARACTER,4,783,10462,0
1560765,bagpipe_(arknights),05_CHARACTER,4,783,10463,0
1951813,mudrock_(elite_ii)_(arknights),05_CHARACTER,4,783,10464,0
1785902,specter_the_unchained_(arknights),05_CHARACTER,4,783,10465,0
1627531,carmilla_(fate),05_CHARACTER,4,782,10466,0
1675745,petra_gurin,05_CHARACTER,4,782,10467,0
702015,matoi_(pso2),05_CHARACTER,4,781,10468,0
1631216,nagara_(kancolle),05_CHARACTER,4,781,10469,0
1645005,sakura_bakushin_o_(umamusume),05_CHARACTER,4,781,10470,0
15724,riza_hawkeye,05_CHARACTER,4,780,10471,0
601752,milla_maxwell,05_CHARACTER,4,780,10472,0
437875,takei_hisa,05_CHARACTER,4,779,10473,0
1462589,zooey_(granblue_fantasy),05_CHARACTER,4,779,10474,0
1398097,sora_ginko,05_CHARACTER,4,779,10475,0
1615566,usa-chan_(idolmaster),05_CHARACTER,4,778,10476,0
1203675,melia_antiqua,05_CHARACTER,4,778,10477,0
1277652,yuuri_(shoujo_shuumatsu_ryokou),05_CHARACTER,4,778,10478,0
1299400,haruno_haruka,05_CHARACTER,4,778,10479,0
1420709,hadou_nejire,05_CHARACTER,4,777,10480,0
1605354,guoba_(genshin_impact),05_CHARACTER,4,777,10481,0
427882,bazett_fraga_mcremitz,05_CHARACTER,4,776,10482,0
566218,platinum_the_trinity,05_CHARACTER,4,776,10483,0
1541801,magallan_(arknights),05_CHARACTER,4,776,10484,0
1515003,rena_erindel,05_CHARACTER,4,775,10485,0
1257345,harime_nui,05_CHARACTER,4,775,10486,0
1631249,okinami_(kancolle),05_CHARACTER,4,775,10487,0
1249877,iori_rinko,05_CHARACTER,4,774,10488,0
2061468,oozora_subaru_(work),05_CHARACTER,4,774,10489,0
1007211,hinata_hideki,05_CHARACTER,4,773,10490,0
633080,takakura_himari,05_CHARACTER,4,773,10491,0
1441502,chito_(shoujo_shuumatsu_ryokou),05_CHARACTER,4,773,10492,0
1639099,naganami_kai_ni_(kancolle),05_CHARACTER,4,773,10493,0
1596254,razor_(genshin_impact),05_CHARACTER,4,773,10494,0
1752650,narita_top_road_(umamusume),05_CHARACTER,4,773,10495,0
16204,agrias_oaks,05_CHARACTER,4,772,10496,0
1249308,greninja,05_CHARACTER,4,772,10497,0
2022005,manaka_laala,05_CHARACTER,4,771,10498,0
1783171,meltryllis_(swimsuit_lancer)_(second_ascension)_(fate),05_CHARACTER,4,771,10499,0
2061491,gawr_gura_(casual),05_CHARACTER,4,770,10500,0
1657407,blue_poison_(shoal_beat)_(arknights),05_CHARACTER,4,769,10501,0
1794300,shikanoin_heizou,05_CHARACTER,4,769,10502,0
1674016,manya_(dq4),05_CHARACTER,4,768,10503,0
419659,rita_mordio,05_CHARACTER,4,768,10504,0
444238,drifloon,05_CHARACTER,4,767,10505,0
1245116,ri-class_heavy_cruiser,05_CHARACTER,4,767,10506,0
1480691,platelet_(hataraku_saibou),05_CHARACTER,4,767,10507,0
1571593,tang_keke,05_CHARACTER,4,766,10508,0
1631231,natori_(kancolle),05_CHARACTER,4,765,10509,0
1631118,kishinami_(kancolle),05_CHARACTER,4,765,10510,0
1524978,silverash_(arknights),05_CHARACTER,4,765,10511,0
16323,char_aznable,05_CHARACTER,4,764,10512,0
1265247,sato_shin,05_CHARACTER,4,764,10513,0
432818,hirose_koichi,05_CHARACTER,4,763,10514,0
688953,igarashi_kyoko,05_CHARACTER,4,763,10515,0
1443050,zuikaku_(azur_lane),05_CHARACTER,4,763,10516,0
466150,yuri_sakazaki,05_CHARACTER,4,762,10517,0
523901,shinonome_nano,05_CHARACTER,4,762,10518,0
1449525,phosphophyllite_(ll),05_CHARACTER,4,762,10519,0
1678851,mizuki_(arknights),05_CHARACTER,4,762,10520,0
1934879,k1-b0,05_CHARACTER,4,761,10521,0
1432300,yatadera_narumi,05_CHARACTER,4,761,10522,0
1623487,crypto_(apex_legends),05_CHARACTER,4,761,10523,0
1605817,stark_(sousou_no_frieren),05_CHARACTER,4,761,10524,0
1790903,lisbeth_(sao),05_CHARACTER,4,760,10525,0
1565905,bianka_durandal_ataegina,05_CHARACTER,4,760,10526,0
1954908,dan_heng_(imbibitor_lunae)_(honkai:_star_rail),05_CHARACTER,4,760,10527,0
14141,saotome_ranma,05_CHARACTER,4,759,10528,0
423092,dead_master,05_CHARACTER,4,759,10529,0
1685846,rei_(pokemon),05_CHARACTER,4,759,10530,0
1631060,janus_(kancolle),05_CHARACTER,4,758,10531,0
445904,gastly,05_CHARACTER,4,757,10532,0
868605,todo_yurika,05_CHARACTER,4,757,10533,0
1572168,heanna_sumire,05_CHARACTER,4,757,10534,0
1649138,heracles_(fate),05_CHARACTER,4,756,10535,0
462002,flygon,05_CHARACTER,4,756,10536,0
1627797,wu_zetian_(fate),05_CHARACTER,4,756,10537,0
1627167,stheno_(fate),05_CHARACTER,4,755,10538,0
7660,enma_ai,05_CHARACTER,4,755,10539,0
1644974,taiki_shuttle_(umamusume),05_CHARACTER,4,755,10540,0
450993,milotic,05_CHARACTER,4,754,10541,0
13993,ky_kiske,05_CHARACTER,4,753,10542,0
1781830,jeanne_d'arc_(swimsuit_archer)_(first_ascension)_(fate),05_CHARACTER,4,753,10543,0
2026818,faust_(project_moon),05_CHARACTER,4,753,10544,0
1847558,layla_(genshin_impact),05_CHARACTER,4,753,10545,0
695974,roxie_(pokemon),05_CHARACTER,4,753,10546,0
410729,absol,05_CHARACTER,4,752,10547,0
462261,nikka_edvardine_katajainen,05_CHARACTER,4,752,10548,0
716715,cure_heart,05_CHARACTER,4,752,10549,0
1228013,regina_(dokidoki!_precure),05_CHARACTER,4,751,10550,0
1631044,irako_(kancolle),05_CHARACTER,4,751,10551,0
2026869,hong_lu_(project_moon),05_CHARACTER,4,751,10552,0
400328,okita_sougo,05_CHARACTER,4,750,10553,0
466277,maya_fey,05_CHARACTER,4,749,10554,0
8108,piccolo,05_CHARACTER,4,748,10555,0
1281005,naomi_(girls_und_panzer),05_CHARACTER,4,748,10556,0
1646429,fukuda_haru,05_CHARACTER,4,748,10557,0
15646,usopp,05_CHARACTER,4,747,10558,0
449290,dragonite,05_CHARACTER,4,747,10559,0
1304907,gokotai,05_CHARACTER,4,747,10560,0
1416572,nanami_yachiyo,05_CHARACTER,4,747,10561,0
1496591,nikaidou_saki,05_CHARACTER,4,747,10562,0
1400058,satanichia_kurumizawa_mcdowell,05_CHARACTER,4,745,10563,0
1405059,sand_cat_(kemono_friends),05_CHARACTER,4,744,10564,0
1790615,spicy_nun_(diva),05_CHARACTER,4,744,10565,0
2003721,mori_calliope_(streetwear),05_CHARACTER,4,743,10566,0
1885929,nijigaoka_mashiro,05_CHARACTER,4,743,10567,0
466172,bartz_klauser,05_CHARACTER,4,742,10568,0
176591,aragaki_shinjirou,05_CHARACTER,4,742,10569,0
1631108,kikuzuki_(kancolle),05_CHARACTER,4,742,10570,0
1316228,nakagawa_natsuki,05_CHARACTER,4,742,10571,0
1431868,nitocris_(swimsuit_assassin)_(fate),05_CHARACTER,4,742,10572,0
1639090,maya_kai_ni_(kancolle),05_CHARACTER,4,741,10573,0
445875,psyduck,05_CHARACTER,4,740,10574,0
445864,clefairy,05_CHARACTER,4,740,10575,0
609604,evelynn_(league_of_legends),05_CHARACTER,4,740,10576,0
1085943,tokoro_megumi,05_CHARACTER,4,740,10577,0
1305420,shokudaikiri_mitsutada,05_CHARACTER,4,740,10578,0
1476829,kanae_(nijisanji),05_CHARACTER,4,740,10579,0
1658838,sakura_chiyono_o_(umamusume),05_CHARACTER,4,740,10580,0
1645753,roll_caskett_(mega_man),05_CHARACTER,4,739,10581,0
1934685,fukawa_toko,05_CHARACTER,4,739,10582,0
1627625,lavinia_whateley_(fate),05_CHARACTER,4,739,10583,0
1793076,himeko_(honkai:_star_rail),05_CHARACTER,4,739,10584,0
391387,akita_neru,05_CHARACTER,4,738,10585,0
1333463,beatrice_(re:zero),05_CHARACTER,4,738,10586,0
1708017,sirius_(scorching-hot_seirios)_(azur_lane),05_CHARACTER,4,738,10587,0
1607368,van_gogh_(fate),05_CHARACTER,4,738,10588,0
11487,kuradoberi_jam,05_CHARACTER,4,737,10589,0
427478,fudou_yuusei,05_CHARACTER,4,737,10590,0
420633,santa_claus,05_CHARACTER,4,736,10591,0
386902,itou_kaiji,05_CHARACTER,4,736,10592,0
1550049,yamada_anna,05_CHARACTER,4,736,10593,0
664407,himekawa_yuki,05_CHARACTER,4,735,10594,0
1442949,ptilopsis_(arknights),05_CHARACTER,4,735,10595,0
1859641,faruzan_(genshin_impact),05_CHARACTER,4,735,10596,0
421517,portgas_d._ace,05_CHARACTER,4,734,10597,0
593801,cure_rhythm,05_CHARACTER,4,734,10598,0
1782428,bb_(swimsuit_mooncancer)_(third_ascension)_(fate),05_CHARACTER,4,734,10599,0
1346345,takimoto_hifumi,05_CHARACTER,4,733,10600,0
1386286,yonaga_angie,05_CHARACTER,4,733,10601,0
1693731,mash_kyrielight_(swimsuit_of_perpetual_summer),05_CHARACTER,4,732,10602,0
1491428,takamiya_rion,05_CHARACTER,4,732,10603,0
1568796,quanxi_(chainsaw_man),05_CHARACTER,4,732,10604,0
1962856,wriothesley_(genshin_impact),05_CHARACTER,4,732,10605,0
1856690,texas_the_omertosa_(arknights),05_CHARACTER,4,731,10606,0
520900,sf-a2_miki,05_CHARACTER,4,731,10607,0
408937,young_link,05_CHARACTER,4,730,10608,0
432820,nijimura_okuyasu,05_CHARACTER,4,730,10609,0
628321,asuka_(senran_kagura),05_CHARACTER,4,730,10610,0
690136,touhoku_zunko,05_CHARACTER,4,730,10611,0
1491126,tsuyuri_kanao,05_CHARACTER,4,730,10612,0
404920,sage_(dq3),05_CHARACTER,4,729,10613,0
1305382,kogitsunemaru,05_CHARACTER,4,729,10614,0
1508806,julia_(fire_emblem),05_CHARACTER,4,728,10615,0
2018045,black_heart_(neptunia),05_CHARACTER,4,728,10616,0
1485459,jean_bart_(azur_lane),05_CHARACTER,4,728,10617,0
1731177,yun_jin_(genshin_impact),05_CHARACTER,4,728,10618,0
1528912,takumi_(fire_emblem),05_CHARACTER,4,727,10619,0
1538827,mercedes_von_martritz,05_CHARACTER,4,727,10620,0
1563389,angel_devil_(chainsaw_man),05_CHARACTER,4,727,10621,0
1787758,kaho_(blue_archive),05_CHARACTER,4,727,10622,0
2057377,shiori_novella_(1st_costume),05_CHARACTER,4,727,10623,0
1631097,kasuga_maru_(kancolle),05_CHARACTER,4,726,10624,0
1646769,ikuno_dictus_(umamusume),05_CHARACTER,4,725,10625,0
708153,seto_kousuke,05_CHARACTER,4,724,10626,0
1356607,chomusuke,05_CHARACTER,4,724,10627,0
1527178,elise_(fire_emblem),05_CHARACTER,4,724,10628,0
31266,roy_mustang,05_CHARACTER,4,723,10629,0
1377218,otomachi_una,05_CHARACTER,4,723,10630,0
1343981,mikumo_guynemer,05_CHARACTER,4,722,10631,0
1653646,aubrey_(omori),05_CHARACTER,4,722,10632,0
713347,katagiri_sanae,05_CHARACTER,4,720,10633,0
1906528,carmine_(pokemon),05_CHARACTER,4,720,10634,0
384314,saigusa_haruka,05_CHARACTER,4,719,10635,0
1387122,mordred_(swimsuit_rider)_(fate),05_CHARACTER,4,718,10636,0
1654875,shigure_(blue_archive),05_CHARACTER,4,718,10637,0
1698183,koyuki_(blue_archive),05_CHARACTER,4,718,10638,0
1408392,golden_snub-nosed_monkey_(kemono_friends),05_CHARACTER,4,717,10639,0
1627172,viy_(fate),05_CHARACTER,4,717,10640,0
1765330,elizabeth_bathory_(first_ascension)_(fate),05_CHARACTER,4,716,10641,0
1529378,sakata_kintoki_(fate),05_CHARACTER,4,716,10642,0
1461165,uchi_emiri,05_CHARACTER,4,716,10643,0
2041948,hoshimachi_suisei_(streetwear),05_CHARACTER,4,716,10644,0
1351074,wiz_(konosuba),05_CHARACTER,4,715,10645,0
1440285,queen_elizabeth_(azur_lane),05_CHARACTER,4,715,10646,0
496529,touwa_erio,05_CHARACTER,4,714,10647,0
1450276,cutlass_(girls_und_panzer),05_CHARACTER,4,714,10648,0
1705076,rosa_(tears_of_themis),05_CHARACTER,4,714,10649,0
1893558,shigure_kai_san_(kancolle),05_CHARACTER,4,714,10650,0
408664,pachirisu,05_CHARACTER,4,713,10651,0
1285963,alena_(dq4),05_CHARACTER,4,712,10652,0
1452677,semiramis_(fate),05_CHARACTER,4,711,10653,0
701386,koizumi_mahiru,05_CHARACTER,4,711,10654,0
1667169,negev_(girls'_frontline),05_CHARACTER,4,711,10655,0
1237658,error_musume,05_CHARACTER,4,709,10656,0
1629339,gray_(fate),05_CHARACTER,4,709,10657,0
1627758,scheherazade_(fate),05_CHARACTER,4,709,10658,0
1588338,tomoe_gozen_(swimsuit_saber)_(fate),05_CHARACTER,4,709,10659,0
1350943,adventurer_(ff14),05_CHARACTER,4,708,10660,0
713611,utsugi_yuuki,05_CHARACTER,4,708,10661,0
1067206,hayasaka_mirei,05_CHARACTER,4,708,10662,0
1694419,douki-chan_(douki-chan),05_CHARACTER,4,708,10663,0
1538082,myrtle_(arknights),05_CHARACTER,4,708,10664,0
405335,olimar,05_CHARACTER,4,707,10665,0
644034,kariya_masaki,05_CHARACTER,4,706,10666,0
1337509,freyja_wion,05_CHARACTER,4,706,10667,0
1445281,misono_karin,05_CHARACTER,4,706,10668,0
1461598,sheffield_(azur_lane),05_CHARACTER,4,706,10669,0
2061489,takanashi_kiara_(casual),05_CHARACTER,4,706,10670,0
1689852,hatsutori_hajime,05_CHARACTER,4,706,10671,0
1722734,bronya_rand,05_CHARACTER,4,706,10672,0
1837736,saren_(summer)_(princess_connect!),05_CHARACTER,4,706,10673,0
1272430,isolated_island_oni,05_CHARACTER,4,705,10674,0
462515,aono_miki,05_CHARACTER,4,704,10675,0
1327917,yuel_(granblue_fantasy),05_CHARACTER,4,704,10676,0
1520873,murosaki_miyo,05_CHARACTER,4,704,10677,0
544079,barry_(pokemon),05_CHARACTER,4,703,10678,0
480982,asbel_lhant,05_CHARACTER,4,703,10679,0
1233901,sophie_(tales),05_CHARACTER,4,703,10680,0
1420829,matsubara_kanon,05_CHARACTER,4,703,10681,0
1530109,alcremie,05_CHARACTER,4,702,10682,0
4516,poring,05_CHARACTER,4,701,10683,0
1641409,ingrid_(capcom),05_CHARACTER,4,701,10684,0
381037,minazuki_karen,05_CHARACTER,4,700,10685,0
731293,nakiri_erina,05_CHARACTER,4,700,10686,0
1762593,kirisawa_juuzou_(character),05_CHARACTER,4,700,10687,0
1488450,sora_(arknights),05_CHARACTER,4,700,10688,0
1400388,olga_marie_animusphere,05_CHARACTER,4,699,10689,0
1631186,minegumo_(kancolle),05_CHARACTER,4,699,10690,0
575935,mishaguji,05_CHARACTER,4,698,10691,0
1667164,g41_(girls'_frontline),05_CHARACTER,4,698,10692,0
1441568,sayori_(doki_doki_literature_club),05_CHARACTER,4,698,10693,0
1692320,nemo_(fate),05_CHARACTER,4,698,10694,0
497689,cheria_barnes,05_CHARACTER,4,697,10695,0
1500529,rindou_mikoto,05_CHARACTER,4,697,10696,0
1530200,shining_(arknights),05_CHARACTER,4,697,10697,0
1836426,aranara_(genshin_impact),05_CHARACTER,4,697,10698,0
717138,cure_sword,05_CHARACTER,4,696,10699,0
958112,hakozaki_serika,05_CHARACTER,4,696,10700,0
1553038,gravel_(arknights),05_CHARACTER,4,696,10701,0
1578643,mifune_shioriko,05_CHARACTER,4,696,10702,0
1652773,gladiia_(arknights),05_CHARACTER,4,696,10703,0
1296576,kirishima_eijirou,05_CHARACTER,4,695,10704,0
1825540,shiver_(splatoon),05_CHARACTER,4,695,10705,0
1434774,uehara_himari,05_CHARACTER,4,694,10706,0
1596529,bubba_(watson_amelia),05_CHARACTER,4,694,10707,0
1617254,fuuka_(blue_archive),05_CHARACTER,4,693,10708,0
597140,katarina_(league_of_legends),05_CHARACTER,4,692,10709,0
1387021,tanigaki_genjirou,05_CHARACTER,4,692,10710,0
1545621,astolfo_(saber)_(fate),05_CHARACTER,4,692,10711,0
1697525,arezu_(pokemon),05_CHARACTER,4,691,10712,0
433613,sailor_chibi_moon,05_CHARACTER,4,690,10713,0
1677248,lain_paterson,05_CHARACTER,4,690,10714,0
1331206,kawakami_mai,05_CHARACTER,4,689,10715,0
1564454,subaru_duck,05_CHARACTER,4,689,10716,0
1913137,ho'olheyak_(arknights),05_CHARACTER,4,689,10717,0
1560546,chocola_(nekopara),05_CHARACTER,4,688,10718,0
1667205,9a-91_(girls'_frontline),05_CHARACTER,4,688,10719,0
1520862,hozuki_kaede,05_CHARACTER,4,688,10720,0
1495284,honma_himawari,05_CHARACTER,4,688,10721,0
1962930,clorinde_(genshin_impact),05_CHARACTER,4,688,10722,0
1507455,himesaka_noa,05_CHARACTER,4,687,10723,0
404919,soldier_(dq3),05_CHARACTER,4,686,10724,0
548087,hasegawa_kobato,05_CHARACTER,4,686,10725,0
1525774,wooloo,05_CHARACTER,4,686,10726,0
1724456,volo_(pokemon),05_CHARACTER,4,686,10727,0
1577018,rosa_(arknights),05_CHARACTER,4,685,10728,0
1782757,kama_(first_ascension)_(fate),05_CHARACTER,4,685,10729,0
416301,asahina_aoi,05_CHARACTER,4,684,10730,0
2018078,uni_(neptunia),05_CHARACTER,4,684,10731,0
1528887,grima_(fire_emblem),05_CHARACTER,4,683,10732,0
971934,vampy,05_CHARACTER,4,683,10733,0
1768854,mysterious_heroine_x_alter_(first_ascension)_(fate),05_CHARACTER,4,683,10734,0
1411715,okusawa_misaki,05_CHARACTER,4,683,10735,0
1420691,imai_lisa,05_CHARACTER,4,683,10736,0
1524831,jessica_(arknights),05_CHARACTER,4,683,10737,0
1552638,kagemori_michiru,05_CHARACTER,4,683,10738,0
437350,ayatsuji_tsukasa,05_CHARACTER,4,682,10739,0
1619673,puru-see_(hoshizuki_(seigetsu)),05_CHARACTER,4,682,10740,0
1454529,okada_izou_(fate),05_CHARACTER,4,682,10741,0
1622476,tsurugi_(blue_archive),05_CHARACTER,4,682,10742,0
1281007,erwin_(girls_und_panzer),05_CHARACTER,4,681,10743,0
1625322,maki_(blue_archive),05_CHARACTER,4,681,10744,0
658080,ikusaba_mukuro,05_CHARACTER,4,679,10745,0
1445024,shirasagi_chisato,05_CHARACTER,4,679,10746,0
437351,morishima_haruka,05_CHARACTER,4,678,10747,0
1482284,oda_nobukatsu_(fate),05_CHARACTER,4,678,10748,0
1520878,oka_asahi,05_CHARACTER,4,678,10749,0
1530558,gavial_(arknights),05_CHARACTER,4,678,10750,0
1459803,mitsumine_yuika,05_CHARACTER,4,677,10751,0
1460549,nekomiya_hinata,05_CHARACTER,4,677,10752,0
1639124,tenryuu_kai_ni_(kancolle),05_CHARACTER,4,677,10753,0
1903602,implacable_(azur_lane),05_CHARACTER,4,677,10754,0
1343588,shimada_chiyo,05_CHARACTER,4,676,10755,0
1505254,uesugi_fuutarou,05_CHARACTER,4,676,10756,0
1686868,mr._squeaks_(hakos_baelz),05_CHARACTER,4,674,10757,0
1971286,ui_(swimsuit)_(blue_archive),05_CHARACTER,4,674,10758,0
1443600,romani_archaman,05_CHARACTER,4,673,10759,0
1836895,karyl_(summer)_(princess_connect!),05_CHARACTER,4,673,10760,0
2042242,xianyun_(genshin_impact),05_CHARACTER,4,673,10761,0
842024,tanaka_kotoha,05_CHARACTER,4,672,10762,0
1315625,adult_neptune,05_CHARACTER,4,672,10763,0
1734375,shiratsuyu_kai_ni_(kancolle),05_CHARACTER,4,672,10764,0
1695273,okita_j._souji_(fate),05_CHARACTER,4,672,10765,0
1695582,laura_la_mer,05_CHARACTER,4,672,10766,0
1524990,zima_(arknights),05_CHARACTER,4,671,10767,0
1493140,red_pikmin,05_CHARACTER,4,669,10768,0
1257848,hoshimiya_kate,05_CHARACTER,4,669,10769,0
1933135,akai_haato_(1st_costume),05_CHARACTER,4,669,10770,0
1376985,roger_(guilty_gear),05_CHARACTER,4,668,10771,0
700408,saionji_hiyoko,05_CHARACTER,4,668,10772,0
1933187,kureiji_ollie_(1st_costume),05_CHARACTER,4,667,10773,0
1569873,chloe_(princess_connect!),05_CHARACTER,4,667,10774,0
1582407,perseus_(azur_lane),05_CHARACTER,4,667,10775,0
422385,wingull,05_CHARACTER,4,666,10776,0
693558,emmet_(pokemon),05_CHARACTER,4,665,10777,0
1631014,i-14_(kancolle),05_CHARACTER,4,665,10778,0
1409004,african_wild_dog_(kemono_friends),05_CHARACTER,4,665,10779,0
1530808,frostleaf_(arknights),05_CHARACTER,4,665,10780,0
1930563,nekomata_okayu_(3rd_costume),05_CHARACTER,4,665,10781,0
1793084,seele_(honkai:_star_rail),05_CHARACTER,4,665,10782,0
1284579,bertolt_hoover,05_CHARACTER,4,664,10783,0
1396665,medusa_(lancer)_(fate),05_CHARACTER,4,664,10784,0
1286003,alice_cartelet,05_CHARACTER,4,663,10785,0
1368529,vyrn_(granblue_fantasy),05_CHARACTER,4,662,10786,0
1733501,vertin_(reverse:1999),05_CHARACTER,4,662,10787,0
1440310,eldridge_(azur_lane),05_CHARACTER,4,661,10788,0
1465798,morinaka_kazaki,05_CHARACTER,4,661,10789,0
1627881,skadi_(waverider)_(arknights),05_CHARACTER,4,660,10790,0
1885788,kamisato_ayaka_(springbloom_missive),05_CHARACTER,4,660,10791,0
1480768,siro_(dennou_shoujo_youtuber_siro),05_CHARACTER,4,659,10792,0
1606123,kon_kanaho,05_CHARACTER,4,659,10793,0
1532745,sothis_(fire_emblem),05_CHARACTER,4,658,10794,0
1528696,nui_sociere,05_CHARACTER,4,658,10795,0
1955335,saki_(swimsuit)_(blue_archive),05_CHARACTER,4,658,10796,0
1644971,hishi_amazon_(umamusume),05_CHARACTER,4,658,10797,0
1724570,adaman_(pokemon),05_CHARACTER,4,657,10798,0
1326283,jeanne_d'arc_(granblue_fantasy),05_CHARACTER,4,656,10799,0
1396666,gilgamesh_(caster)_(fate),05_CHARACTER,4,656,10800,0
1419936,minato_yukina,05_CHARACTER,4,656,10801,0
1631369,south_dakota_(kancolle),05_CHARACTER,4,655,10802,0
1645003,nishino_flower_(umamusume),05_CHARACTER,4,655,10803,0
1325649,hacka_doll_3,05_CHARACTER,4,654,10804,0
1535934,falin_thorden,05_CHARACTER,4,654,10805,0
1643067,hinata_(blue_archive),05_CHARACTER,4,654,10806,0
1276394,yorita_yoshino,05_CHARACTER,4,653,10807,0
664507,aiba_yumi,05_CHARACTER,4,651,10808,0
1631470,wakaba_(kancolle),05_CHARACTER,4,651,10809,0
1644969,fuji_kiseki_(umamusume),05_CHARACTER,4,651,10810,0
1645013,winning_ticket_(umamusume),05_CHARACTER,4,651,10811,0
1482584,xenovia_quarta,05_CHARACTER,4,650,10812,0
1387119,kiyohime_(swimsuit_lancer)_(fate),05_CHARACTER,4,650,10813,0
1645012,tosen_jordan_(umamusume),05_CHARACTER,4,650,10814,0
1723652,aurora_(arknights),05_CHARACTER,4,648,10815,0
1977084,baobhan_sith_(first_ascension)_(fate),05_CHARACTER,4,646,10816,0
1284942,midway_princess,05_CHARACTER,4,645,10817,0
722673,yukimura_aoi,05_CHARACTER,4,644,10818,0
1386296,chabashira_tenko,05_CHARACTER,4,644,10819,0
466270,apollo_justice,05_CHARACTER,4,643,10820,0
1504963,hoshina_hikaru,05_CHARACTER,4,643,10821,0
1322176,silva_(granblue_fantasy),05_CHARACTER,4,642,10822,0
1538826,annette_fantine_dominic,05_CHARACTER,4,641,10823,0
1692684,sakurako_(blue_archive),05_CHARACTER,4,641,10824,0
2069619,hina_(dress)_(blue_archive),05_CHARACTER,4,641,10825,0
1781831,jeanne_d'arc_(swimsuit_archer)_(second_ascension)_(fate),05_CHARACTER,4,640,10826,0
2039803,murasaki_shion_(gothic_lolita),05_CHARACTER,4,638,10827,0
1622083,serina_(blue_archive),05_CHARACTER,4,637,10828,0
1535933,laios_thorden,05_CHARACTER,4,636,10829,0
1627784,valkyrie_(fate),05_CHARACTER,4,636,10830,0
1567602,muelsyse_(arknights),05_CHARACTER,4,636,10831,0
1639075,jintsuu_kai_ni_(kancolle),05_CHARACTER,4,635,10832,0
1523150,bokukawauso,05_CHARACTER,4,634,10833,0
1255892,cure_lovely,05_CHARACTER,4,633,10834,0
1600200,wuxian_(the_legend_of_luoxiaohei),05_CHARACTER,4,633,10835,0
1686625,conte_di_cavour_(kancolle),05_CHARACTER,4,633,10836,0
710628,asuna_(sao-alo),05_CHARACTER,4,632,10837,0
1312417,muppo,05_CHARACTER,4,631,10838,0
1513963,shirayuki_chiyo,05_CHARACTER,4,631,10839,0
1904760,hishi_miracle_(umamusume),05_CHARACTER,4,631,10840,0
1630702,hamanami_(kancolle),05_CHARACTER,4,629,10841,0
1931154,uruha_rushia_(3rd_costume),05_CHARACTER,4,629,10842,0
1763341,fuyutsuki_(kancolle),05_CHARACTER,4,629,10843,0
1420746,udagawa_tomoe,05_CHARACTER,4,627,10844,0
1608817,junko_(blue_archive),05_CHARACTER,4,627,10845,0
1886371,cure_sky,05_CHARACTER,4,627,10846,0
2034651,eimi_(swimsuit)_(blue_archive),05_CHARACTER,4,627,10847,0
1251357,diamond_(houseki_no_kuni),05_CHARACTER,4,626,10848,0
1598263,neko_(minato_aqua),05_CHARACTER,4,626,10849,0
788671,bottle_miku,05_CHARACTER,4,625,10850,0
1639085,kinugasa_kai_ni_(kancolle),05_CHARACTER,4,625,10851,0
1423117,sakuramori_kaori,05_CHARACTER,4,624,10852,0
1645000,nakayama_festa_(umamusume),05_CHARACTER,4,623,10853,0
1319286,yoshikawa_yuuko,05_CHARACTER,4,620,10854,0
1630664,fujinami_(kancolle),05_CHARACTER,4,620,10855,0
1340823,asirpa,05_CHARACTER,4,618,10856,0
2024289,shuro_(blue_archive),05_CHARACTER,4,618,10857,0
1759963,aston_machan_(umamusume),05_CHARACTER,4,616,10858,0
1504669,tsujino_akari,05_CHARACTER,4,614,10859,0
1533772,uzuki_sayaka,05_CHARACTER,4,607,10860,0
1533771,kumada_masaru,05_CHARACTER,4,600,10861,0
9999995,text_embeds,01_META,0,0,10862,6272
9999994,done_by_me,01_META,0,0,10863,1834
